input,target
الرحمن,"الكلمة: الرحمن
الصنف الصرفي: اسم علم
الجذر: رحم
الحالة: معرب"
الرحيم,"الكلمة: الرحيم
الصنف الصرفي: اسم علم
الجذر: رحم
الحالة: معرب"
الحمد,"الكلمة: الحمد
الصنف الصرفي: مصدر
الجذر: حمد
الحالة: معرب"
العالمين,"الكلمة: العالمين
الصنف الصرفي: اسم مجرد
الجذر: علم
الحالة: معرب"
الدين,"الكلمة: الدين
الصنف الصرفي: اسم مجرد
الجذر: لدد
الحالة: معرب"
إياك,"الكلمة: إياك
الصنف الصرفي: ضمير
الجذر: ّك"
وإياك,"الكلمة: وإياك
الصنف الصرفي: ضمير
الجذر: ّك"
الصراط,"الكلمة: الصراط
الصنف الصرفي: اسم مجرد
الجذر: صرط
الحالة: معرب"
أنعمت,"الكلمة: أنعمت
الصنف الصرفي: فعل ماض
الجذر: نعم
الحالة: مبني"
المغضوب,"الكلمة: المغضوب
الصنف الصرفي: اسم مفعول
الجذر: غضب
الحالة: معرب"
الضالين,"الكلمة: الضالين
الصنف الصرفي: اسم فاعل
الجذر: ضلل
الحالة: معرب"
الكتاب,"الكلمة: الكتاب
الصنف الصرفي: اسم محسوس
الجذر: كتب
الحالة: معرب"
رزقناهم,"الكلمة: رزقناهم
الصنف الصرفي: فعل ماض
الجذر: رزق
الحالة: مبني"
ينفقون,"الكلمة: ينفقون
الصنف الصرفي: فعل مضارع
الجذر: نفق"
بما,"الكلمة: بما
الصنف الصرفي: اسم موصول
الجذر: بم"
قبلك,"الكلمة: قبلك
الصنف الصرفي: اسم مجرد
الجذر: قبل
الحالة: معرب"
هم,"الكلمة: هم
الصنف الصرفي: ضمير
الجذر: ه"
أولئك,"الكلمة: أولئك
الصنف الصرفي: اسم إشارة جمع مذكر
الجذر: NTWS"
المفلحون,"الكلمة: المفلحون
الصنف الصرفي: اسم فاعل
الجذر: فلح
الحالة: معرب"
كفروا,"الكلمة: كفروا
الصنف الصرفي: فعل ماض
الجذر: كفر
الحالة: مبني"
لم,"الكلمة: لم
الصنف الصرفي: حرف جزم
الجذر: م
الحالة: مبني"
تنذرهم,"الكلمة: تنذرهم
الصنف الصرفي: فعل مضارع
الجذر: نذر
الحالة: معرب"
سمعهم,"الكلمة: سمعهم
الصنف الصرفي: مصدر
الجذر: سمع
الحالة: معرب"
أبصارهم,"الكلمة: أبصارهم
الصنف الصرفي: اسم مجرد
الجذر: بصر
الحالة: معرب"
ولهم,"الكلمة: ولهم
الصنف الصرفي: حرف جر
الجذر: ل
الحالة: مبني"
ومن,"الكلمة: ومن
الصنف الصرفي: حرف جر
الجذر: من
الحالة: مبني"
بالله,"الكلمة: بالله
الصنف الصرفي: اسم علم
الجذر: بللّه
الحالة: معرب"
يخادعون,"الكلمة: يخادعون
الصنف الصرفي: فعل مضارع
الجذر: خدع"
يخدعون,"الكلمة: يخدعون
الصنف الصرفي: فعل مضارع
الجذر: خدع"
أنفسهم,"الكلمة: أنفسهم
الصنف الصرفي: اسم مجرد
الجذر: نفس
الحالة: معرب"
يشعرون,"الكلمة: يشعرون
الصنف الصرفي: فعل مضارع
الجذر: شعر"
بما,"الكلمة: بما
الصنف الصرفي: اسم موصول
الجذر: بم
الحالة: مبني"
يكذبون,"الكلمة: يكذبون
الصنف الصرفي: فعل مضارع
الجذر: كذب
الحالة: معرب"
لهم,"الكلمة: لهم
الصنف الصرفي: ضمير
الجذر: ل"
تفسدوا,"الكلمة: تفسدوا
الصنف الصرفي: فعل مضارع
الجذر: فسد
الحالة: معرب"
مصلحون,"الكلمة: مصلحون
الصنف الصرفي: اسم فاعل
الجذر: صلح
الحالة: معرب"
المفسدون,"الكلمة: المفسدون
الصنف الصرفي: اسم فاعل
الجذر: فسد
الحالة: معرب"
ولكن,"الكلمة: ولكن
الصنف الصرفي: حرف
الجذر: ل
الحالة: مبني"
كما,"الكلمة: كما
الصنف الصرفي: اسم موصول
الجذر: ك
الحالة: مبني"
السفهاء,"الكلمة: السفهاء
الصنف الصرفي: صفة نوعية
الجذر: سفه
الحالة: معرب"
يعلمون,"الكلمة: يعلمون
الصنف الصرفي: فعل مضارع
الجذر: علم"
شياطينهم,"الكلمة: شياطينهم
الصنف الصرفي: اسم محسوس
الجذر: شطن
الحالة: معرب"
معكم,"الكلمة: معكم
الصنف الصرفي: ظرف
الجذر: مع
الحالة: معرب"
بهم,"الكلمة: بهم
الصنف الصرفي: ضمير
الجذر: ب"
ويمدهم,"الكلمة: ويمدهم
الصنف الصرفي: فعل مضارع
الجذر: مدد
الحالة: معرب"
يعمهون,"الكلمة: يعمهون
الصنف الصرفي: فعل مضارع
الجذر: عمه"
الضلالة,"الكلمة: الضلالة
الصنف الصرفي: مصدر
الجذر: ضلل
الحالة: معرب"
مثلهم,"الكلمة: مثلهم
الصنف الصرفي: اسم مجرد
الجذر: مثل
الحالة: معرب"
فلما,"الكلمة: فلما
الصنف الصرفي: ظرف
الجذر: NTWS
الحالة: مبني"
حوله,"الكلمة: حوله
الصنف الصرفي: ظرف
الجذر: حل
الحالة: معرب"
بنورهم,"الكلمة: بنورهم
الصنف الصرفي: اسم مجرد
الجذر: بنر
الحالة: معرب"
وتركهم,"الكلمة: وتركهم
الصنف الصرفي: فعل ماض
الجذر: ترك
الحالة: مبني"
ظلمات,"الكلمة: ظلمات
الصنف الصرفي: اسم مجرد
الجذر: ظلم
الحالة: معرب"
يبصرون,"الكلمة: يبصرون
الصنف الصرفي: فعل مضارع
الجذر: بصر"
بكم,"الكلمة: بكم
الصنف الصرفي: صفة نوعية
الجذر: ب
الحالة: معرب"
فهم,"الكلمة: فهم
الصنف الصرفي: ضمير
الجذر: ه"
يرجعون,"الكلمة: يرجعون
الصنف الصرفي: فعل مضارع
الجذر: رجع"
يجعلون,"الكلمة: يجعلون
الصنف الصرفي: فعل مضارع
الجذر: جعل"
أصابعهم,"الكلمة: أصابعهم
الصنف الصرفي: اسم محسوس
الجذر: صبع
الحالة: معرب"
الصواعق,"الكلمة: الصواعق
الصنف الصرفي: اسم محسوس
الجذر: صعق
الحالة: معرب"
بالكافرين,"الكلمة: بالكافرين
الصنف الصرفي: اسم فاعل
الجذر: كفر
الحالة: معرب"
البرق,"الكلمة: البرق
الصنف الصرفي: اسم مجرد
الجذر: برق
الحالة: معرب"
بسمعهم,"الكلمة: بسمعهم
الصنف الصرفي: مصدر
الجذر: سمع
الحالة: معرب"
وأبصارهم,"الكلمة: وأبصارهم
الصنف الصرفي: اسم مجرد
الجذر: بصر
الحالة: معرب"
أيها,"الكلمة: أيها
الصنف الصرفي: اسم موصول
الجذر: ّه
الحالة: مبني"
خلقكم,"الكلمة: خلقكم
الصنف الصرفي: فعل ماض
الجذر: خلق
الحالة: مبني"
قبلكم,"الكلمة: قبلكم
الصنف الصرفي: ظرف
الجذر: قبل
الحالة: معرب"
لعلكم,"الكلمة: لعلكم
الصنف الصرفي: حرف ناسخ
الجذر: علل
الحالة: مبني"
لكم,"الكلمة: لكم
الصنف الصرفي: حرف جر
الجذر: ل
الحالة: مبني"
فراشا,"الكلمة: فراشا
الصنف الصرفي: اسم محسوس
الجذر: فرش
الحالة: معرب"
بناء,"الكلمة: بناء
الصنف الصرفي: مصدر
الجذر: بن
الحالة: معرب"
وأنزل,"الكلمة: وأنزل
الصنف الصرفي: فعل ماض
الجذر: نزل
الحالة: مبني"
فأخرج,"الكلمة: فأخرج
الصنف الصرفي: فعل ماض
الجذر: خرج
الحالة: مبني"
به,"الكلمة: به
الصنف الصرفي: حرف جر
الجذر: ب
الحالة: مبني"
الثمرات,"الكلمة: الثمرات
الصنف الصرفي: اسم محسوس
الجذر: ثمر
الحالة: معرب"
تجعلوا,"الكلمة: تجعلوا
الصنف الصرفي: فعل مضارع
الجذر: جعل
الحالة: معرب"
أندادا,"الكلمة: أندادا
الصنف الصرفي: اسم محسوس
الجذر: ندد
الحالة: معرب"
تعلمون,"الكلمة: تعلمون
الصنف الصرفي: فعل مضارع
الجذر: علم"
وإن,"الكلمة: وإن
الصنف الصرفي: أداة شرط
الجذر: ن
الحالة: مبني"
نزلنا,"الكلمة: نزلنا
الصنف الصرفي: فعل ماض
الجذر: نزل
الحالة: مبني"
عبدنا,"الكلمة: عبدنا
الصنف الصرفي: اسم محسوس
الجذر: عبد
الحالة: معرب"
بسورة,"الكلمة: بسورة
الصنف الصرفي: اسم مجرد
الجذر: بسر
الحالة: معرب"
شهداءكم,"الكلمة: شهداءكم
الصنف الصرفي: اسم محسوس
الجذر: شهد
الحالة: معرب"
دون,"الكلمة: دون
الصنف الصرفي: اسم مجرد
الجذر: دن
الحالة: معرب"
صادقين,"الكلمة: صادقين
الصنف الصرفي: اسم فاعل
الجذر: صدق
الحالة: معرب"
تفعلوا,"الكلمة: تفعلوا
الصنف الصرفي: فعل مضارع
الجذر: فعل
الحالة: معرب"
ولن,"الكلمة: ولن
الصنف الصرفي: حرف نصب
الجذر: لن
الحالة: مبني"
والحجارة,"الكلمة: والحجارة
الصنف الصرفي: اسم محسوس
الجذر: حجر
الحالة: معرب"
وعملوا,"الكلمة: وعملوا
الصنف الصرفي: فعل ماض
الجذر: عمل
الحالة: مبني"
الصالحات,"الكلمة: الصالحات
الصنف الصرفي: اسم فاعل
الجذر: صلح
الحالة: معرب"
تحتها,"الكلمة: تحتها
الصنف الصرفي: اسم مجرد
الجذر: تحت
الحالة: معرب"
الأنهار,"الكلمة: الأنهار
الصنف الصرفي: اسم محسوس
الجذر: نهر
الحالة: معرب"
رزقوا,"الكلمة: رزقوا
الصنف الصرفي: فعل ماض مجهول
الجذر: رزق
الحالة: مبني"
منها,"الكلمة: منها
الصنف الصرفي: حرف جر
الجذر: من
الحالة: مبني"
هذا,"الكلمة: هذا
الصنف الصرفي: اسم إشارة مفرد مذكر
الجذر: ه"
رزقنا,"الكلمة: رزقنا
الصنف الصرفي: IV_PASS
الجذر: رزق
الحالة: مبني"
متشابها,"الكلمة: متشابها
الصنف الصرفي: اسم فاعل
الجذر: شبه
الحالة: معرب"
مطهرة,"الكلمة: مطهرة
الصنف الصرفي: اسم مفعول
الجذر: طهر
الحالة: معرب"
وهم,"الكلمة: وهم
الصنف الصرفي: ضمير
الجذر: ه"
خالدون,"الكلمة: خالدون
الصنف الصرفي: اسم فاعل
الجذر: خلد
الحالة: معرب"
بعوضة,"الكلمة: بعوضة
الصنف الصرفي: اسم محسوس
الجذر: بعض
الحالة: معرب"
فيعلمون,"الكلمة: فيعلمون
الصنف الصرفي: فعل مضارع
الجذر: علم
الحالة: معرب"
بهذا,"الكلمة: بهذا
الصنف الصرفي: اسم إشارة
الجذر: ه"
كثيرا,"الكلمة: كثيرا
الصنف الصرفي: صفة نوعية
الجذر: كثر
الحالة: معرب"
الفاسقين,"الكلمة: الفاسقين
الصنف الصرفي: اسم فاعل
الجذر: فسق
الحالة: معرب"
ينقضون,"الكلمة: ينقضون
الصنف الصرفي: فعل مضارع
الجذر: نقض"
ويقطعون,"الكلمة: ويقطعون
الصنف الصرفي: فعل مضارع
الجذر: قطع
الحالة: معرب"
ويفسدون,"الكلمة: ويفسدون
الصنف الصرفي: فعل مضارع
الجذر: فسد
الحالة: معرب"
الخاسرون,"الكلمة: الخاسرون
الصنف الصرفي: اسم فاعل
الجذر: خسر
الحالة: معرب"
تكفرون,"الكلمة: تكفرون
الصنف الصرفي: فعل مضارع
الجذر: كفر"
ترجعون,"الكلمة: ترجعون
الصنف الصرفي: IV_PASS
الجذر: رجع"
هو,"الكلمة: هو
الصنف الصرفي: ضمير
الجذر: ه"
جميعا,"الكلمة: جميعا
الصنف الصرفي: اسم مجرد
الجذر: جمع
الحالة: معرب"
وهو,"الكلمة: وهو
الصنف الصرفي: ضمير
الجذر: ه"
إني,"الكلمة: إني
الصنف الصرفي: حرف ناسخ
الجذر: نّ
الحالة: مبني"
خليفة,"الكلمة: خليفة
الصنف الصرفي: صفة نوعية
الجذر: خلف
الحالة: معرب"
ويسفك,"الكلمة: ويسفك
الصنف الصرفي: فعل مضارع
الجذر: سفف
الحالة: معرب"
بحمدك,"الكلمة: بحمدك
الصنف الصرفي: مصدر
الجذر: حمد
الحالة: معرب"
ونقدس,"الكلمة: ونقدس
الصنف الصرفي: فعل مضارع
الجذر: قدس
الحالة: معرب"
لك,"الكلمة: لك
الصنف الصرفي: حرف جر
الجذر: ل
الحالة: مبني"
عرضهم,"الكلمة: عرضهم
الصنف الصرفي: فعل ماض
الجذر: عرض
الحالة: مبني"
الملائكة,"الكلمة: الملائكة
الصنف الصرفي: اسم محسوس
الجذر: ملك
الحالة: معرب"
هؤلاء,"الكلمة: هؤلاء
الصنف الصرفي: اسم إشارة
الجذر: ه"
سبحانك,"الكلمة: سبحانك
الصنف الصرفي: مصدر
الجذر: سبح
الحالة: معرب"
لنا,"الكلمة: لنا
الصنف الصرفي: حرف جر
الجذر: ل
الحالة: مبني"
علمتنا,"الكلمة: علمتنا
الصنف الصرفي: فعل ماض
الجذر: علم
الحالة: مبني"
العليم,"الكلمة: العليم
الصنف الصرفي: اسم علم
الجذر: علم
الحالة: معرب"
الحكيم,"الكلمة: الحكيم
الصنف الصرفي: اسم علم
الجذر: حكم
الحالة: معرب"
فلما,"الكلمة: فلما
الصنف الصرفي: ظرف
الجذر: NTWS"
وأعلم,"الكلمة: وأعلم
الصنف الصرفي: فعل مضارع
الجذر: علم
الحالة: معرب"
تبدون,"الكلمة: تبدون
الصنف الصرفي: فعل مضارع
الجذر: بدد"
تكتمون,"الكلمة: تكتمون
الصنف الصرفي: فعل مضارع
الجذر: كتم"
فسجدوا,"الكلمة: فسجدوا
الصنف الصرفي: فعل ماض
الجذر: سجد
الحالة: مبني"
واستكبر,"الكلمة: واستكبر
الصنف الصرفي: فعل ماض
الجذر: كبر
الحالة: مبني"
الكافرين,"الكلمة: الكافرين
الصنف الصرفي: اسم فاعل
الجذر: كفر
الحالة: معرب"
وقلنا,"الكلمة: وقلنا
الصنف الصرفي: فعل ماض
الجذر: قلل
الحالة: مبني"
اسكن,"الكلمة: اسكن
الصنف الصرفي: فعل أمر
الجذر: NTWS
الحالة: مبني"
الجنة,"الكلمة: الجنة
الصنف الصرفي: اسم محسوس
الجذر: لجن
الحالة: معرب"
تقربا,"الكلمة: تقربا
الصنف الصرفي: فعل مضارع
الجذر: قرب
الحالة: معرب"
هذه,"الكلمة: هذه
الصنف الصرفي: اسم إشارة مؤنث
الجذر: ه"
الشجرة,"الكلمة: الشجرة
الصنف الصرفي: اسم محسوس
الجذر: شجر
الحالة: معرب"
فتكونا,"الكلمة: فتكونا
الصنف الصرفي: فعل مضارع
الجذر: فتك
الحالة: معرب"
الظالمين,"الكلمة: الظالمين
الصنف الصرفي: اسم فاعل
الجذر: ظلم
الحالة: معرب"
فأزلهما,"الكلمة: فأزلهما
الصنف الصرفي: فعل ماض
الجذر: زلل
الحالة: مبني"
الشيطان,"الكلمة: الشيطان
الصنف الصرفي: اسم محسوس
الجذر: شطن
الحالة: معرب"
عنها,"الكلمة: عنها
الصنف الصرفي: حرف جر
الجذر: عن
الحالة: مبني"
فأخرجهما,"الكلمة: فأخرجهما
الصنف الصرفي: فعل ماض
الجذر: خرج
الحالة: مبني"
كانا,"الكلمة: كانا
الصنف الصرفي: فعل ماض
الجذر: NTWS
الحالة: مبني"
اهبطوا,"الكلمة: اهبطوا
الصنف الصرفي: فعل أمر
الجذر: هبط
الحالة: مبني"
بعضكم,"الكلمة: بعضكم
الصنف الصرفي: اسم مجرد
الجذر: بعض
الحالة: معرب"
لبعض,"الكلمة: لبعض
الصنف الصرفي: اسم مجرد
الجذر: بعض
الحالة: معرب"
ولكم,"الكلمة: ولكم
الصنف الصرفي: حرف جر
الجذر: ل
الحالة: مبني"
مستقر,"الكلمة: مستقر
الصنف الصرفي: اسم مفعول
الجذر: قرر
الحالة: معرب"
ومتاع,"الكلمة: ومتاع
الصنف الصرفي: اسم محسوس
الجذر: متع
الحالة: معرب"
حين,"الكلمة: حين
الصنف الصرفي: اسم مجرد
الجذر: حن
الحالة: معرب"
كلمات,"الكلمة: كلمات
الصنف الصرفي: اسم مجرد
الجذر: كلم
الحالة: معرب"
مني,"الكلمة: مني
الصنف الصرفي: حرف جر
الجذر: من
الحالة: مبني"
فمن,"الكلمة: فمن
الصنف الصرفي: أداة استفهام
الجذر: من"
يحزنون,"الكلمة: يحزنون
الصنف الصرفي: فعل مضارع
الجذر: حزن"
وكذبوا,"الكلمة: وكذبوا
الصنف الصرفي: فعل ماض
الجذر: كذب
الحالة: مبني"
بآياتنا,"الكلمة: بآياتنا
الصنف الصرفي: اسم مجرد
الجذر: NTWS
الحالة: معرب"
إسرائيل,"الكلمة: إسرائيل
الصنف الصرفي: اسم علم أعجمي
الجذر: NTWS
الحالة: معرب"
اذكروا,"الكلمة: اذكروا
الصنف الصرفي: فعل أمر
الجذر: ذكر
الحالة: مبني"
نعمتي,"الكلمة: نعمتي
الصنف الصرفي: اسم مجرد
الجذر: نعم
الحالة: معرب"
بعهدي,"الكلمة: بعهدي
الصنف الصرفي: مصدر
الجذر: عهد
الحالة: معرب"
بعهدكم,"الكلمة: بعهدكم
الصنف الصرفي: اسم مجرد
الجذر: عهد
الحالة: معرب"
أنزلت,"الكلمة: أنزلت
الصنف الصرفي: فعل ماض
الجذر: نزل
الحالة: مبني"
مصدقا,"الكلمة: مصدقا
الصنف الصرفي: اسم فاعل
الجذر: صدق
الحالة: معرب"
أول,"الكلمة: أول
الصنف الصرفي: اسم عدد
الجذر: ل
الحالة: معرب"
تشتروا,"الكلمة: تشتروا
الصنف الصرفي: فعل مضارع
الجذر: شتر
الحالة: معرب"
بآياتي,"الكلمة: بآياتي
الصنف الصرفي: اسم مجرد
الجذر: NTWS
الحالة: معرب"
قليلا,"الكلمة: قليلا
الصنف الصرفي: صفة نوعية
الجذر: قلل
الحالة: معرب"
تلبسوا,"الكلمة: تلبسوا
الصنف الصرفي: فعل مضارع
الجذر: لبس
الحالة: معرب"
بالباطل,"الكلمة: بالباطل
الصنف الصرفي: اسم فاعل
الجذر: بطل
الحالة: معرب"
وتكتموا,"الكلمة: وتكتموا
الصنف الصرفي: فعل مضارع
الجذر: كتم
الحالة: معرب"
واركعوا,"الكلمة: واركعوا
الصنف الصرفي: فعل أمر
الجذر: ركع
الحالة: مبني"
الراكعين,"الكلمة: الراكعين
الصنف الصرفي: اسم فاعل
الجذر: ركع
الحالة: معرب"
بالبر,"الكلمة: بالبر
الصنف الصرفي: مصدر
الجذر: برر
الحالة: معرب"
أنفسكم,"الكلمة: أنفسكم
الصنف الصرفي: اسم مجرد
الجذر: نفس
الحالة: معرب"
تعقلون,"الكلمة: تعقلون
الصنف الصرفي: فعل مضارع
الجذر: عقل"
بالصبر,"الكلمة: بالصبر
الصنف الصرفي: مصدر
الجذر: صبر
الحالة: معرب"
لكبيرة,"الكلمة: لكبيرة
الصنف الصرفي: صفة نوعية
الجذر: كبر
الحالة: معرب"
الخاشعين,"الكلمة: الخاشعين
الصنف الصرفي: اسم فاعل
الجذر: خشع
الحالة: معرب"
يظنون,"الكلمة: يظنون
الصنف الصرفي: فعل مضارع
الجذر: ظنن"
ملاقو,"الكلمة: ملاقو
الصنف الصرفي: اسم فاعل
الجذر: ملق
الحالة: معرب"
وأنهم,"الكلمة: وأنهم
الصنف الصرفي: حرف ناسخ مصدر
الجذر: نهم
الحالة: مبني"
راجعون,"الكلمة: راجعون
الصنف الصرفي: اسم فاعل
الجذر: رجع
الحالة: معرب"
وأني,"الكلمة: وأني
الصنف الصرفي: حرف ناسخ مصدر
الجذر: نّ
الحالة: مبني"
فضلتكم,"الكلمة: فضلتكم
الصنف الصرفي: فعل ماض
الجذر: فضل
الحالة: مبني"
يوما,"الكلمة: يوما
الصنف الصرفي: ظرف
الجذر: م
الحالة: معرب"
شفاعة,"الكلمة: شفاعة
الصنف الصرفي: مصدر
الجذر: شفع
الحالة: معرب"
ينصرون,"الكلمة: ينصرون
الصنف الصرفي: IV_PASS
الجذر: نصر"
العذاب,"الكلمة: العذاب
الصنف الصرفي: مصدر
الجذر: عذب
الحالة: معرب"
يذبحون,"الكلمة: يذبحون
الصنف الصرفي: فعل مضارع
الجذر: ذبح
الحالة: معرب"
فرقنا,"الكلمة: فرقنا
الصنف الصرفي: فعل ماض
الجذر: فرق
الحالة: مبني"
بكم,"الكلمة: بكم
الصنف الصرفي: ضمير
الجذر: ب"
البحر,"الكلمة: البحر
الصنف الصرفي: اسم محسوس
الجذر: بحر
الحالة: معرب"
وأغرقنا,"الكلمة: وأغرقنا
الصنف الصرفي: فعل ماض
الجذر: غرق
الحالة: مبني"
تنظرون,"الكلمة: تنظرون
الصنف الصرفي: فعل مضارع
الجذر: نظر"
واعدنا,"الكلمة: واعدنا
الصنف الصرفي: فعل ماض
الجذر: عدد
الحالة: مبني"
أربعين,"الكلمة: أربعين
الصنف الصرفي: اسم عدد
الجذر: ربع
الحالة: معرب"
العجل,"الكلمة: العجل
الصنف الصرفي: اسم محسوس
الجذر: عجل
الحالة: معرب"
ظالمون,"الكلمة: ظالمون
الصنف الصرفي: اسم فاعل
الجذر: ظلم
الحالة: معرب"
عفونا,"الكلمة: عفونا
الصنف الصرفي: فعل ماض
الجذر: عفف
الحالة: مبني"
عنكم,"الكلمة: عنكم
الصنف الصرفي: حرف جر
الجذر: عن
الحالة: مبني"
تشكرون,"الكلمة: تشكرون
الصنف الصرفي: فعل مضارع
الجذر: شكر
الحالة: معرب"
والفرقان,"الكلمة: والفرقان
الصنف الصرفي: اسم علم
الجذر: فرق
الحالة: معرب"
ظلمتم,"الكلمة: ظلمتم
الصنف الصرفي: فعل ماض
الجذر: ظلم
الحالة: مبني"
الصاعقة,"الكلمة: الصاعقة
الصنف الصرفي: اسم فاعل
الجذر: صعق
الحالة: معرب"
بعثناكم,"الكلمة: بعثناكم
الصنف الصرفي: فعل ماض
الجذر: بعث
الحالة: مبني"
وظللنا,"الكلمة: وظللنا
الصنف الصرفي: فعل ماض
الجذر: ظلل
الحالة: مبني"
الغمام,"الكلمة: الغمام
الصنف الصرفي: اسم محسوس
الجذر: غمم
الحالة: معرب"
وأنزلنا,"الكلمة: وأنزلنا
الصنف الصرفي: فعل ماض
الجذر: نزل
الحالة: مبني"
رزقناكم,"الكلمة: رزقناكم
الصنف الصرفي: فعل ماض
الجذر: رزق
الحالة: مبني"
يظلمون,"الكلمة: يظلمون
الصنف الصرفي: فعل مضارع
الجذر: ظلم"
ادخلوا,"الكلمة: ادخلوا
الصنف الصرفي: فعل أمر
الجذر: دخل
الحالة: مبني"
وادخلوا,"الكلمة: وادخلوا
الصنف الصرفي: فعل أمر
الجذر: دخل
الحالة: مبني"
المحسنين,"الكلمة: المحسنين
الصنف الصرفي: اسم فاعل
الجذر: حسن
الحالة: معرب"
ظلموا,"الكلمة: ظلموا
الصنف الصرفي: فعل ماض
الجذر: ظلم
الحالة: مبني"
فأنزلنا,"الكلمة: فأنزلنا
الصنف الصرفي: فعل ماض
الجذر: نزل
الحالة: مبني"
يفسقون,"الكلمة: يفسقون
الصنف الصرفي: فعل مضارع
الجذر: فسق"
فقلنا,"الكلمة: فقلنا
الصنف الصرفي: فعل ماض
الجذر: قلل
الحالة: مبني"
الحجر,"الكلمة: الحجر
الصنف الصرفي: اسم محسوس
الجذر: حجر
الحالة: معرب"
فانفجرت,"الكلمة: فانفجرت
الصنف الصرفي: فعل ماض
الجذر: فجر
الحالة: مبني"
منه,"الكلمة: منه
الصنف الصرفي: حرف جر
الجذر: من
الحالة: مبني"
اثنتا,"الكلمة: اثنتا
الصنف الصرفي: اسم عدد
الجذر: ٱثنت
الحالة: معرب"
مشربهم,"الكلمة: مشربهم
الصنف الصرفي: مصدر ميمي
الجذر: شرب
الحالة: معرب"
واشربوا,"الكلمة: واشربوا
الصنف الصرفي: فعل أمر
الجذر: شرب
الحالة: مبني"
مفسدين,"الكلمة: مفسدين
الصنف الصرفي: اسم فاعل
الجذر: فسد
الحالة: معرب"
بقلها,"الكلمة: بقلها
الصنف الصرفي: اسم محسوس
الجذر: بقل
الحالة: معرب"
وعدسها,"الكلمة: وعدسها
الصنف الصرفي: اسم محسوس
الجذر: عدس
الحالة: معرب"
وبصلها,"الكلمة: وبصلها
الصنف الصرفي: اسم محسوس
الجذر: بصل
الحالة: معرب"
سألتم,"الكلمة: سألتم
الصنف الصرفي: فعل ماض
الجذر: لمم
الحالة: مبني"
وضربت,"الكلمة: وضربت
الصنف الصرفي: فعل ماض مجهول
الجذر: ضرب
الحالة: مبني"
الذلة,"الكلمة: الذلة
الصنف الصرفي: مصدر
الجذر: ذلل
الحالة: معرب"
والمسكنة,"الكلمة: والمسكنة
الصنف الصرفي: مصدر ميمي
الجذر: سكن
الحالة: معرب"
يكفرون,"الكلمة: يكفرون
الصنف الصرفي: فعل مضارع
الجذر: كفر"
بآيات,"الكلمة: بآيات
الصنف الصرفي: اسم مجرد
الجذر: NTWS
الحالة: معرب"
ويقتلون,"الكلمة: ويقتلون
الصنف الصرفي: فعل مضارع
الجذر: قتل
الحالة: معرب"
يعتدون,"الكلمة: يعتدون
الصنف الصرفي: فعل مضارع
الجذر: عدد"
والنصارى,"الكلمة: والنصارى
الصنف الصرفي: اسم منسوب
الجذر: نصر
الحالة: معرب"
صالحا,"الكلمة: صالحا
الصنف الصرفي: اسم فاعل
الجذر: صلح
الحالة: معرب"
فلهم,"الكلمة: فلهم
الصنف الصرفي: ضمير
الجذر: ل"
أجرهم,"الكلمة: أجرهم
الصنف الصرفي: مصدر
الجذر: جرر
الحالة: معرب"
ورفعنا,"الكلمة: ورفعنا
الصنف الصرفي: فعل ماض
الجذر: رفع
الحالة: مبني"
واذكروا,"الكلمة: واذكروا
الصنف الصرفي: فعل أمر
الجذر: ذكر
الحالة: مبني"
فلولا,"الكلمة: فلولا
الصنف الصرفي: أداة شرط
الجذر: فلل
الحالة: مبني"
ورحمته,"الكلمة: ورحمته
الصنف الصرفي: مصدر
الجذر: رحم
الحالة: معرب"
الخاسرين,"الكلمة: الخاسرين
الصنف الصرفي: اسم فاعل
الجذر: خسر
الحالة: معرب"
ولقد,"الكلمة: ولقد
الصنف الصرفي: أداة تحقيق
الجذر: قد
الحالة: مبني"
علمتم,"الكلمة: علمتم
الصنف الصرفي: فعل ماض
الجذر: علم
الحالة: مبني"
اعتدوا,"الكلمة: اعتدوا
الصنف الصرفي: فعل ماض
الجذر: عدد
الحالة: مبني"
منكم,"الكلمة: منكم
الصنف الصرفي: حرف جر
الجذر: من
الحالة: مبني"
السبت,"الكلمة: السبت
الصنف الصرفي: اسم علم
الجذر: سبت
الحالة: معرب"
فجعلناها,"الكلمة: فجعلناها
الصنف الصرفي: فعل ماض
الجذر: جعل
الحالة: مبني"
نكالا,"الكلمة: نكالا
الصنف الصرفي: اسم مجرد
الجذر: نكل
الحالة: معرب"
خلفها,"الكلمة: خلفها
الصنف الصرفي: ظرف
الجذر: خلف
الحالة: معرب"
تذبحوا,"الكلمة: تذبحوا
الصنف الصرفي: فعل مضارع
الجذر: ذبح
الحالة: معرب"
الجاهلين,"الكلمة: الجاهلين
الصنف الصرفي: اسم فاعل
الجذر: جهل
الحالة: معرب"
هي,"الكلمة: هي
الصنف الصرفي: ضمير
الجذر: ه"
صفراء,"الكلمة: صفراء
الصنف الصرفي: صفة نوعية
الجذر: صفر
الحالة: معرب"
الناظرين,"الكلمة: الناظرين
الصنف الصرفي: اسم فاعل
الجذر: نظر
الحالة: معرب"
البقر,"الكلمة: البقر
الصنف الصرفي: اسم محسوس
الجذر: بقر
الحالة: معرب"
تشابه,"الكلمة: تشابه
الصنف الصرفي: فعل ماض
الجذر: شبه
الحالة: مبني"
الحرث,"الكلمة: الحرث
الصنف الصرفي: اسم محسوس
الجذر: حرث
الحالة: معرب"
مسلمة,"الكلمة: مسلمة
الصنف الصرفي: اسم فاعل
الجذر: سلم
الحالة: معرب"
فذبحوها,"الكلمة: فذبحوها
الصنف الصرفي: فعل ماض
الجذر: ذبح
الحالة: مبني"
يفعلون,"الكلمة: يفعلون
الصنف الصرفي: فعل مضارع
الجذر: فعل"
قتلتم,"الكلمة: قتلتم
الصنف الصرفي: فعل ماض
الجذر: قتل
الحالة: مبني"
اضربوه,"الكلمة: اضربوه
الصنف الصرفي: فعل أمر
الجذر: ضرب
الحالة: مبني"
ببعضها,"الكلمة: ببعضها
الصنف الصرفي: اسم مجرد
الجذر: بعض
الحالة: معرب"
يحيي,"الكلمة: يحيي
الصنف الصرفي: فعل مضارع
الجذر: NTWS
الحالة: معرب"
قلوبكم,"الكلمة: قلوبكم
الصنف الصرفي: اسم مجرد
الجذر: قلب
الحالة: معرب"
فهي,"الكلمة: فهي
الصنف الصرفي: ضمير
الجذر: ه"
كالحجارة,"الكلمة: كالحجارة
الصنف الصرفي: اسم محسوس
الجذر: حجر
الحالة: معرب"
الحجارة,"الكلمة: الحجارة
الصنف الصرفي: اسم محسوس
الجذر: حجر
الحالة: معرب"
يتفجر,"الكلمة: يتفجر
الصنف الصرفي: فعل مضارع
الجذر: فجر
الحالة: معرب"
فيخرج,"الكلمة: فيخرج
الصنف الصرفي: فعل مضارع
الجذر: خرج
الحالة: معرب"
بغافل,"الكلمة: بغافل
الصنف الصرفي: اسم فاعل
الجذر: غفل
الحالة: معرب"
تعملون,"الكلمة: تعملون
الصنف الصرفي: فعل مضارع
الجذر: عمل"
وقد,"الكلمة: وقد
الصنف الصرفي: أداة تحقيق
الجذر: قد
الحالة: مبني"
منهم,"الكلمة: منهم
الصنف الصرفي: حرف جر
الجذر: من
الحالة: مبني"
يسمعون,"الكلمة: يسمعون
الصنف الصرفي: فعل مضارع
الجذر: سمع"
كلام,"الكلمة: كلام
الصنف الصرفي: اسم مجرد
الجذر: NTWS
الحالة: معرب"
يحرفونه,"الكلمة: يحرفونه
الصنف الصرفي: فعل مضارع
الجذر: حرف
الحالة: معرب"
عقلوه,"الكلمة: عقلوه
الصنف الصرفي: فعل ماض
الجذر: عقل
الحالة: مبني"
بعضهم,"الكلمة: بعضهم
الصنف الصرفي: اسم مجرد
الجذر: بعض
الحالة: معرب"
ليحاجوكم,"الكلمة: ليحاجوكم
الصنف الصرفي: فعل مضارع
الجذر: حجج
الحالة: معرب"
أولا,"الكلمة: أولا
الصنف الصرفي: أداة نفي
الجذر: ل
الحالة: مبني"
يسرون,"الكلمة: يسرون
الصنف الصرفي: فعل مضارع
الجذر: سرر"
يعلنون,"الكلمة: يعلنون
الصنف الصرفي: فعل مضارع
الجذر: علن"
ومنهم,"الكلمة: ومنهم
الصنف الصرفي: حرف جر
الجذر: من
الحالة: مبني"
يكتبون,"الكلمة: يكتبون
الصنف الصرفي: فعل مضارع
الجذر: كتب"
ليشتروا,"الكلمة: ليشتروا
الصنف الصرفي: فعل مضارع
الجذر: شتر
الحالة: معرب"
كتبت,"الكلمة: كتبت
الصنف الصرفي: فعل ماض
الجذر: NTWS
الحالة: مبني"
يكسبون,"الكلمة: يكسبون
الصنف الصرفي: فعل مضارع
الجذر: كسب"
تمسنا,"الكلمة: تمسنا
الصنف الصرفي: فعل مضارع
الجذر: مسس
الحالة: معرب"
معدودة,"الكلمة: معدودة
الصنف الصرفي: اسم مفعول
الجذر: عدد
الحالة: معرب"
فلن,"الكلمة: فلن
الصنف الصرفي: حرف نصب
الجذر: لن
الحالة: مبني"
فأولئك,"الكلمة: فأولئك
الصنف الصرفي: اسم إشارة
الجذر: NTWS"
تعبدون,"الكلمة: تعبدون
الصنف الصرفي: فعل مضارع
الجذر: عبد"
إحسانا,"الكلمة: إحسانا
الصنف الصرفي: مصدر
الجذر: حسس
الحالة: معرب"
القربى,"الكلمة: القربى
الصنف الصرفي: مصدر
الجذر: قرب
الحالة: معرب"
معرضون,"الكلمة: معرضون
الصنف الصرفي: اسم فاعل
الجذر: عرض
الحالة: معرب"
تسفكون,"الكلمة: تسفكون
الصنف الصرفي: فعل مضارع
الجذر: سفك"
تخرجون,"الكلمة: تخرجون
الصنف الصرفي: فعل مضارع
الجذر: خرج"
أقررتم,"الكلمة: أقررتم
الصنف الصرفي: فعل ماض
الجذر: قرر
الحالة: مبني"
تشهدون,"الكلمة: تشهدون
الصنف الصرفي: فعل مضارع
الجذر: شهد"
تقتلون,"الكلمة: تقتلون
الصنف الصرفي: فعل مضارع
الجذر: قتل"
وتخرجون,"الكلمة: وتخرجون
الصنف الصرفي: فعل مضارع
الجذر: خرج
الحالة: معرب"
فريقا,"الكلمة: فريقا
الصنف الصرفي: اسم محسوس
الجذر: فرق
الحالة: معرب"
تظاهرون,"الكلمة: تظاهرون
الصنف الصرفي: فعل مضارع
الجذر: ظهر"
إخراجهم,"الكلمة: إخراجهم
الصنف الصرفي: مصدر
الجذر: خرج
الحالة: معرب"
ببعض,"الكلمة: ببعض
الصنف الصرفي: اسم مجرد
الجذر: بعض
الحالة: معرب"
وتكفرون,"الكلمة: وتكفرون
الصنف الصرفي: فعل مضارع
الجذر: كفر
الحالة: معرب"
يردون,"الكلمة: يردون
الصنف الصرفي: IV_PASS
الجذر: ردد"
عنهم,"الكلمة: عنهم
الصنف الصرفي: حرف جر
الجذر: عن
الحالة: مبني"
بالرسل,"الكلمة: بالرسل
الصنف الصرفي: اسم محسوس
الجذر: رسل
الحالة: معرب"
مريم,"الكلمة: مريم
الصنف الصرفي: اسم علم أعجمي
الجذر: NTWS
الحالة: معرب"
استكبرتم,"الكلمة: استكبرتم
الصنف الصرفي: فعل ماض
الجذر: كبر
الحالة: مبني"
ففريقا,"الكلمة: ففريقا
الصنف الصرفي: اسم محسوس
الجذر: فرق
الحالة: معرب"
كذبتم,"الكلمة: كذبتم
الصنف الصرفي: فعل ماض
الجذر: كذب
الحالة: مبني"
وفريقا,"الكلمة: وفريقا
الصنف الصرفي: اسم محسوس
الجذر: فرق
الحالة: معرب"
لعنهم,"الكلمة: لعنهم
الصنف الصرفي: فعل ماض
الجذر: لعن
الحالة: مبني"
بكفرهم,"الكلمة: بكفرهم
الصنف الصرفي: مصدر
الجذر: كفر
الحالة: معرب"
فقليلا,"الكلمة: فقليلا
الصنف الصرفي: صفة نوعية
الجذر: قلل
الحالة: معرب"
معهم,"الكلمة: معهم
الصنف الصرفي: ظرف
الجذر: مع
الحالة: معرب"
عرفوا,"الكلمة: عرفوا
الصنف الصرفي: فعل ماض
الجذر: عرف
الحالة: مبني"
فلعنة,"الكلمة: فلعنة
الصنف الصرفي: مصدر لحظي
الجذر: فلع
الحالة: معرب"
بئسما,"الكلمة: بئسما
الصنف الصرفي: فعل غير متصرف
الجذر: NTWS
الحالة: مبني"
يكفروا,"الكلمة: يكفروا
الصنف الصرفي: فعل مضارع
الجذر: كفر
الحالة: معرب"
عباده,"الكلمة: عباده
الصنف الصرفي: اسم محسوس
الجذر: عبد
الحالة: معرب"
ويكفرون,"الكلمة: ويكفرون
الصنف الصرفي: فعل مضارع
الجذر: كفر
الحالة: معرب"
فلم,"الكلمة: فلم
الصنف الصرفي: اسم استفهام
الجذر: م
الحالة: مبني"
واسمعوا,"الكلمة: واسمعوا
الصنف الصرفي: فعل أمر
الجذر: سمع
الحالة: مبني"
سمعنا,"الكلمة: سمعنا
الصنف الصرفي: فعل ماض
الجذر: سمع
الحالة: مبني"
وأشربوا,"الكلمة: وأشربوا
الصنف الصرفي: فعل ماض مجهول
الجذر: شرب
الحالة: مبني"
الدار,"الكلمة: الدار
الصنف الصرفي: اسم محسوس
الجذر: درر
الحالة: معرب"
بالظالمين,"الكلمة: بالظالمين
الصنف الصرفي: اسم فاعل
الجذر: ظلم
الحالة: معرب"
أشركوا,"الكلمة: أشركوا
الصنف الصرفي: فعل ماض
الجذر: شرك
الحالة: مبني"
أحدهم,"الكلمة: أحدهم
الصنف الصرفي: اسم عدد
الجذر: حدد
الحالة: معرب"
يعملون,"الكلمة: يعملون
الصنف الصرفي: فعل مضارع
الجذر: عمل"
لجبريل,"الكلمة: لجبريل
الصنف الصرفي: اسم علم أعجمي
الجذر: NTWS
الحالة: معرب"
وبشرى,"الكلمة: وبشرى
الصنف الصرفي: اسم مجرد
الجذر: بشر
الحالة: معرب"
وملائكته,"الكلمة: وملائكته
الصنف الصرفي: اسم محسوس
الجذر: ملك
الحالة: معرب"
ورسله,"الكلمة: ورسله
الصنف الصرفي: اسم محسوس
الجذر: رسل
الحالة: معرب"
وجبريل,"الكلمة: وجبريل
الصنف الصرفي: اسم علم أعجمي
الجذر: NTWS
الحالة: معرب"
أنزلنا,"الكلمة: أنزلنا
الصنف الصرفي: فعل ماض
الجذر: نزل
الحالة: مبني"
بها,"الكلمة: بها
الصنف الصرفي: حرف جر
الجذر: ب
الحالة: مبني"
الفاسقون,"الكلمة: الفاسقون
الصنف الصرفي: اسم فاعل
الجذر: فسق
الحالة: معرب"
عاهدوا,"الكلمة: عاهدوا
الصنف الصرفي: فعل ماض
الجذر: عهد
الحالة: مبني"
أكثرهم,"الكلمة: أكثرهم
الصنف الصرفي: صفة مقارنة
الجذر: كثر
الحالة: معرب"
وراء,"الكلمة: وراء
الصنف الصرفي: ظرف
الجذر: ر
الحالة: معرب"
ظهورهم,"الكلمة: ظهورهم
الصنف الصرفي: اسم محسوس
الجذر: ظهر
الحالة: معرب"
واتبعوا,"الكلمة: واتبعوا
الصنف الصرفي: فعل ماض
الجذر: تبع
الحالة: مبني"
سليمان,"الكلمة: سليمان
الصنف الصرفي: اسم علم أعجمي
الجذر: سلم
الحالة: معرب"
ولكن,"الكلمة: ولكن
الصنف الصرفي: حرف ناسخ
الجذر: ل
الحالة: مبني"
السحر,"الكلمة: السحر
الصنف الصرفي: مصدر
الجذر: سحر
الحالة: معرب"
الملكين,"الكلمة: الملكين
الصنف الصرفي: اسم محسوس
الجذر: ملك
الحالة: معرب"
ببابل,"الكلمة: ببابل
الصنف الصرفي: اسم علم أعجمي
الجذر: ببل
الحالة: معرب"
يعلمان,"الكلمة: يعلمان
الصنف الصرفي: فعل مضارع
الجذر: علم"
فيتعلمون,"الكلمة: فيتعلمون
الصنف الصرفي: فعل مضارع
الجذر: علم
الحالة: معرب"
منهما,"الكلمة: منهما
الصنف الصرفي: حرف جر
الجذر: من
الحالة: مبني"
يفرقون,"الكلمة: يفرقون
الصنف الصرفي: فعل مضارع
الجذر: فرق"
بضارين,"الكلمة: بضارين
الصنف الصرفي: اسم فاعل
الجذر: ضرر
الحالة: معرب"
ويتعلمون,"الكلمة: ويتعلمون
الصنف الصرفي: فعل مضارع
الجذر: علم
الحالة: معرب"
يضرهم,"الكلمة: يضرهم
الصنف الصرفي: فعل مضارع
الجذر: ضرر
الحالة: معرب"
ينفعهم,"الكلمة: ينفعهم
الصنف الصرفي: فعل مضارع
الجذر: نفع
الحالة: معرب"
علموا,"الكلمة: علموا
الصنف الصرفي: فعل ماض
الجذر: علم
الحالة: مبني"
لمن,"الكلمة: لمن
الصنف الصرفي: اسم موصول
الجذر: من"
له,"الكلمة: له
الصنف الصرفي: حرف جر
الجذر: ل
الحالة: مبني"
انظرنا,"الكلمة: انظرنا
الصنف الصرفي: فعل أمر
الجذر: نظر
الحالة: مبني"
المشركين,"الكلمة: المشركين
الصنف الصرفي: اسم فاعل
الجذر: شرك
الحالة: معرب"
برحمته,"الكلمة: برحمته
الصنف الصرفي: مصدر
الجذر: رحم
الحالة: معرب"
العظيم,"الكلمة: العظيم
الصنف الصرفي: صفة نوعية
الجذر: عظم
الحالة: معرب"
مثلها,"الكلمة: مثلها
الصنف الصرفي: اسم مجرد
الجذر: مثل
الحالة: معرب"
ولي,"الكلمة: ولي
الصنف الصرفي: اسم محسوس
الجذر: ل
الحالة: معرب"
رسولكم,"الكلمة: رسولكم
الصنف الصرفي: اسم محسوس
الجذر: رسل
الحالة: معرب"
ومن,"الكلمة: ومن
الصنف الصرفي: أداة شرط
الجذر: من"
يتبدل,"الكلمة: يتبدل
الصنف الصرفي: فعل مضارع
الجذر: بدل
الحالة: معرب"
الكفر,"الكلمة: الكفر
الصنف الصرفي: مصدر
الجذر: كفر
الحالة: معرب"
فقد,"الكلمة: فقد
الصنف الصرفي: أداة تحقيق
الجذر: قد
الحالة: مبني"
السبيل,"الكلمة: السبيل
الصنف الصرفي: اسم مجرد
الجذر: سبل
الحالة: معرب"
يردونكم,"الكلمة: يردونكم
الصنف الصرفي: فعل مضارع
الجذر: ردد
الحالة: معرب"
كفارا,"الكلمة: كفارا
الصنف الصرفي: اسم فاعل
الجذر: كفر
الحالة: معرب"
تقدموا,"الكلمة: تقدموا
الصنف الصرفي: فعل ماض
الجذر: قدم
الحالة: معرب"
لأنفسكم,"الكلمة: لأنفسكم
الصنف الصرفي: اسم مجرد
الجذر: نفس
الحالة: معرب"
تجدوه,"الكلمة: تجدوه
الصنف الصرفي: فعل مضارع
الجذر: جدد
الحالة: معرب"
نصارى,"الكلمة: نصارى
الصنف الصرفي: اسم منسوب
الجذر: نصر
الحالة: معرب"
برهانكم,"الكلمة: برهانكم
الصنف الصرفي: مصدر
الجذر: برهن
الحالة: معرب"
فله,"الكلمة: فله
الصنف الصرفي: حرف جر
الجذر: ل
الحالة: مبني"
ليست,"الكلمة: ليست
الصنف الصرفي: فعل غير متصرف
الجذر: لست
الحالة: مبني"
النصارى,"الكلمة: النصارى
الصنف الصرفي: اسم منسوب
الجذر: نصر
الحالة: معرب"
بينهم,"الكلمة: بينهم
الصنف الصرفي: ظرف
الجذر: NTWS
الحالة: معرب"
فيما,"الكلمة: فيما
الصنف الصرفي: حرف جر
الجذر: NTWS
الحالة: مبني"
يختلفون,"الكلمة: يختلفون
الصنف الصرفي: فعل مضارع
الجذر: خلف"
ومن,"الكلمة: ومن
الصنف الصرفي: اسم موصول
الجذر: من"
مساجد,"الكلمة: مساجد
الصنف الصرفي: اسم زمان أو مكان
الجذر: سجد
الحالة: معرب"
خرابها,"الكلمة: خرابها
الصنف الصرفي: مصدر
الجذر: خرب
الحالة: معرب"
يدخلوها,"الكلمة: يدخلوها
الصنف الصرفي: فعل مضارع
الجذر: دخل
الحالة: معرب"
ولله,"الكلمة: ولله
الصنف الصرفي: اسم علم
الجذر: للّه
الحالة: معرب"
سبحانه,"الكلمة: سبحانه
الصنف الصرفي: مصدر
الجذر: سبح
الحالة: معرب"
يكلمنا,"الكلمة: يكلمنا
الصنف الصرفي: فعل مضارع
الجذر: كلم
الحالة: معرب"
قبلهم,"الكلمة: قبلهم
الصنف الصرفي: ظرف
الجذر: قبل
الحالة: معرب"
تشابهت,"الكلمة: تشابهت
الصنف الصرفي: فعل ماض
الجذر: شبه
الحالة: مبني"
بيننا,"الكلمة: بيننا
الصنف الصرفي: فعل ماض
الجذر: NTWS
الحالة: مبني"
أرسلناك,"الكلمة: أرسلناك
الصنف الصرفي: فعل ماض
الجذر: رسل
الحالة: مبني"
بشيرا,"الكلمة: بشيرا
الصنف الصرفي: صفة مبالغة
الجذر: بشر
الحالة: معرب"
ونذيرا,"الكلمة: ونذيرا
الصنف الصرفي: صفة نوعية
الجذر: نذر
الحالة: معرب"
الجحيم,"الكلمة: الجحيم
الصنف الصرفي: اسم محسوس
الجذر: جحم
الحالة: معرب"
عنك,"الكلمة: عنك
الصنف الصرفي: حرف جر
الجذر: عن
الحالة: مبني"
ملتهم,"الكلمة: ملتهم
الصنف الصرفي: اسم محسوس
الجذر: ملل
الحالة: معرب"
اتبعت,"الكلمة: اتبعت
الصنف الصرفي: فعل ماض
الجذر: تبع
الحالة: مبني"
العلم,"الكلمة: العلم
الصنف الصرفي: مصدر
الجذر: علم
الحالة: معرب"
تنفعها,"الكلمة: تنفعها
الصنف الصرفي: فعل مضارع
الجذر: نفع
الحالة: معرب"
إبراهيم,"الكلمة: إبراهيم
الصنف الصرفي: اسم علم
الجذر: NTWS
الحالة: معرب"
بكلمات,"الكلمة: بكلمات
الصنف الصرفي: اسم مجرد
الجذر: كلم
الحالة: معرب"
فأتمهن,"الكلمة: فأتمهن
الصنف الصرفي: فعل ماض
الجذر: تمم
الحالة: مبني"
جاعلك,"الكلمة: جاعلك
الصنف الصرفي: اسم فاعل
الجذر: جعل
الحالة: معرب"
ذريتي,"الكلمة: ذريتي
الصنف الصرفي: مصدر مهني (اسم مهنة)
الجذر: ذرر
الحالة: معرب"
جعلنا,"الكلمة: جعلنا
الصنف الصرفي: فعل ماض
الجذر: جعل
الحالة: مبني"
وعهدنا,"الكلمة: وعهدنا
الصنف الصرفي: فعل ماض
الجذر: عهد
الحالة: مبني"
وإسماعيل,"الكلمة: وإسماعيل
الصنف الصرفي: اسم علم أعجمي
الجذر: NTWS
الحالة: معرب"
والعاكفين,"الكلمة: والعاكفين
الصنف الصرفي: اسم فاعل
الجذر: عكف
الحالة: معرب"
والركع,"الكلمة: والركع
الصنف الصرفي: اسم فاعل
الجذر: ركع
الحالة: معرب"
السجود,"الكلمة: السجود
الصنف الصرفي: مصدر
الجذر: سجد
الحالة: معرب"
وارزق,"الكلمة: وارزق
الصنف الصرفي: فعل أمر
الجذر: رزق
الحالة: مبني"
فأمتعه,"الكلمة: فأمتعه
الصنف الصرفي: فعل مضارع
الجذر: متع
الحالة: معرب"
أضطره,"الكلمة: أضطره
الصنف الصرفي: فعل مضارع
الجذر: ضرر
الحالة: معرب"
السميع,"الكلمة: السميع
الصنف الصرفي: اسم علم
الجذر: سمع
الحالة: معرب"
مسلمين,"الكلمة: مسلمين
الصنف الصرفي: اسم فاعل
الجذر: سلم
الحالة: معرب"
ذريتنا,"الكلمة: ذريتنا
الصنف الصرفي: مصدر مهني (اسم مهنة)
الجذر: ذرر
الحالة: معرب"
وأرنا,"الكلمة: وأرنا
الصنف الصرفي: فعل أمر
الجذر: NTWS
الحالة: مبني"
مناسكنا,"الكلمة: مناسكنا
الصنف الصرفي: اسم مجرد
الجذر: نسك
الحالة: معرب"
وابعث,"الكلمة: وابعث
الصنف الصرفي: فعل أمر
الجذر: بعث
الحالة: مبني"
رسولا,"الكلمة: رسولا
الصنف الصرفي: اسم محسوس
الجذر: رسل
الحالة: معرب"
ويعلمهم,"الكلمة: ويعلمهم
الصنف الصرفي: فعل مضارع
الجذر: علم
الحالة: معرب"
الكتاب,"الكلمة: الكتاب
الصنف الصرفي: مصدر
الجذر: كتب
الحالة: معرب"
والحكمة,"الكلمة: والحكمة
الصنف الصرفي: اسم مجرد
الجذر: حكم
الحالة: معرب"
العزيز,"الكلمة: العزيز
الصنف الصرفي: اسم علم
الجذر: عزز
الحالة: معرب"
ومن,"الكلمة: ومن
الصنف الصرفي: اسم استفهام
الجذر: من"
لمن,"الكلمة: لمن
الصنف الصرفي: حرف جر
الجذر: من
الحالة: مبني"
الصالحين,"الكلمة: الصالحين
الصنف الصرفي: اسم فاعل
الجذر: صلح
الحالة: معرب"
أسلمت,"الكلمة: أسلمت
الصنف الصرفي: فعل ماض
الجذر: سلم
الحالة: مبني"
ويعقوب,"الكلمة: ويعقوب
الصنف الصرفي: اسم علم أعجمي
الجذر: عقب
الحالة: معرب"
مسلمون,"الكلمة: مسلمون
الصنف الصرفي: اسم فاعل
الجذر: سلم
الحالة: معرب"
شهداء,"الكلمة: شهداء
الصنف الصرفي: اسم محسوس
الجذر: شهد
الحالة: معرب"
يعقوب,"الكلمة: يعقوب
الصنف الصرفي: اسم علم أعجمي
الجذر: عقب
الحالة: معرب"
لبنيه,"الكلمة: لبنيه
الصنف الصرفي: اسم محسوس
الجذر: لبن
الحالة: معرب"
وإسحاق,"الكلمة: وإسحاق
الصنف الصرفي: اسم علم أعجمي
الجذر: NTWS
الحالة: معرب"
واحدا,"الكلمة: واحدا
الصنف الصرفي: اسم عدد
الجذر: حدد
الحالة: معرب"
لها,"الكلمة: لها
الصنف الصرفي: ضمير
الجذر: ل"
كسبت,"الكلمة: كسبت
الصنف الصرفي: فعل ماض
الجذر: NTWS
الحالة: مبني"
كسبتم,"الكلمة: كسبتم
الصنف الصرفي: فعل ماض
الجذر: كسب
الحالة: مبني"
حنيفا,"الكلمة: حنيفا
الصنف الصرفي: صفة نوعية
الجذر: حنف
الحالة: معرب"
والأسباط,"الكلمة: والأسباط
الصنف الصرفي: اسم محسوس
الجذر: سبط
الحالة: معرب"
أوتي,"الكلمة: أوتي
الصنف الصرفي: فعل ماض مجهول
الجذر: NTWS
الحالة: مبني"
عابدون,"الكلمة: عابدون
الصنف الصرفي: اسم فاعل
الجذر: عبد
الحالة: معرب"
وربكم,"الكلمة: وربكم
الصنف الصرفي: اسم محسوس
الجذر: ربب
الحالة: معرب"
ولنا,"الكلمة: ولنا
الصنف الصرفي: حرف جر
الجذر: ل
الحالة: مبني"
أعمالنا,"الكلمة: أعمالنا
الصنف الصرفي: اسم مجرد
الجذر: عمل
الحالة: معرب"
أعمالكم,"الكلمة: أعمالكم
الصنف الصرفي: اسم مجرد
الجذر: عمل
الحالة: معرب"
مخلصون,"الكلمة: مخلصون
الصنف الصرفي: اسم فاعل
الجذر: خلص
الحالة: معرب"
ولاهم,"الكلمة: ولاهم
الصنف الصرفي: فعل ماض
الجذر: همم
الحالة: مبني"
قبلتهم,"الكلمة: قبلتهم
الصنف الصرفي: اسم مجرد
الجذر: قبل
الحالة: معرب"
وكذلك,"الكلمة: وكذلك
الصنف الصرفي: اسم إشارة
الجذر: كذلك"
جعلناكم,"الكلمة: جعلناكم
الصنف الصرفي: فعل ماض
الجذر: جعل
الحالة: مبني"
الرسول,"الكلمة: الرسول
الصنف الصرفي: اسم محسوس
الجذر: رسل
الحالة: معرب"
شهيدا,"الكلمة: شهيدا
الصنف الصرفي: اسم محسوس
الجذر: شهد
الحالة: معرب"
لنعلم,"الكلمة: لنعلم
الصنف الصرفي: فعل مضارع
الجذر: علم
الحالة: معرب"
ينقلب,"الكلمة: ينقلب
الصنف الصرفي: فعل مضارع
الجذر: قلب
الحالة: معرب"
قبلة,"الكلمة: قبلة
الصنف الصرفي: اسم مجرد
الجذر: قبل
الحالة: معرب"
ترضاها,"الكلمة: ترضاها
الصنف الصرفي: فعل مضارع
الجذر: رضض
الحالة: معرب"
المسجد,"الكلمة: المسجد
الصنف الصرفي: اسم زمان أو مكان
الجذر: سجد
الحالة: معرب"
الحرام,"الكلمة: الحرام
الصنف الصرفي: اسم علم
الجذر: حرم
الحالة: معرب"
شطره,"الكلمة: شطره
الصنف الصرفي: ظرف
الجذر: شطر
الحالة: معرب"
تبعوا,"الكلمة: تبعوا
الصنف الصرفي: فعل ماض
الجذر: تبع
الحالة: مبني"
قبلتك,"الكلمة: قبلتك
الصنف الصرفي: اسم مجرد
الجذر: قبل
الحالة: معرب"
بتابع,"الكلمة: بتابع
الصنف الصرفي: اسم فاعل
الجذر: تبع
الحالة: معرب"
يعرفونه,"الكلمة: يعرفونه
الصنف الصرفي: فعل مضارع
الجذر: عرف
الحالة: معرب"
يعرفون,"الكلمة: يعرفون
الصنف الصرفي: فعل مضارع
الجذر: عرف"
فاستبقوا,"الكلمة: فاستبقوا
الصنف الصرفي: فعل أمر
الجذر: سبق
الحالة: مبني"
ومن,"الكلمة: ومن
الصنف الصرفي: أداة شرط
الجذر: من
الحالة: مبني"
لالحق,"الكلمة: لالحق
الصنف الصرفي: مصدر
الجذر: لحق
الحالة: معرب"
لئلا,"الكلمة: لئلا
الصنف الصرفي: أداة نصب مصدرية
الجذر: للّ
الحالة: مبني"
تخشوهم,"الكلمة: تخشوهم
الصنف الصرفي: فعل مضارع
الجذر: خشش
الحالة: معرب"
ولأتم,"الكلمة: ولأتم
الصنف الصرفي: فعل مضارع
الجذر: تمم
الحالة: معرب"
ولعلكم,"الكلمة: ولعلكم
الصنف الصرفي: حرف ناسخ
الجذر: علل
الحالة: مبني"
أرسلنا,"الكلمة: أرسلنا
الصنف الصرفي: فعل ماض
الجذر: رسل
الحالة: مبني"
ويعلمكم,"الكلمة: ويعلمكم
الصنف الصرفي: فعل مضارع
الجذر: علم
الحالة: معرب"
فاذكروني,"الكلمة: فاذكروني
الصنف الصرفي: فعل أمر
الجذر: ذكر
الحالة: مبني"
أذكركم,"الكلمة: أذكركم
الصنف الصرفي: فعل مضارع
الجذر: ذكر
الحالة: معرب"
لي,"الكلمة: لي
الصنف الصرفي: حرف جر
الجذر: ل
الحالة: مبني"
الصابرين,"الكلمة: الصابرين
الصنف الصرفي: اسم فاعل
الجذر: صبر
الحالة: معرب"
تشعرون,"الكلمة: تشعرون
الصنف الصرفي: فعل مضارع
الجذر: شعر"
والأنفس,"الكلمة: والأنفس
الصنف الصرفي: اسم مجرد
الجذر: نفس
الحالة: معرب"
والثمرات,"الكلمة: والثمرات
الصنف الصرفي: اسم محسوس
الجذر: ثمر
الحالة: معرب"
ورحمة,"الكلمة: ورحمة
الصنف الصرفي: مصدر
الجذر: رحم
الحالة: معرب"
شعائر,"الكلمة: شعائر
الصنف الصرفي: اسم مجرد
الجذر: شعر
الحالة: معرب"
اعتمر,"الكلمة: اعتمر
الصنف الصرفي: فعل ماض
الجذر: عمر
الحالة: مبني"
بهما,"الكلمة: بهما
الصنف الصرفي: ضمير
الجذر: ب"
يكتمون,"الكلمة: يكتمون
الصنف الصرفي: فعل مضارع
الجذر: كتم"
يلعنهم,"الكلمة: يلعنهم
الصنف الصرفي: فعل مضارع
الجذر: لعن
الحالة: معرب"
ويلعنهم,"الكلمة: ويلعنهم
الصنف الصرفي: فعل مضارع
الجذر: لعن
الحالة: معرب"
وأصلحوا,"الكلمة: وأصلحوا
الصنف الصرفي: فعل ماض
الجذر: صلح
الحالة: مبني"
وأنا,"الكلمة: وأنا
الصنف الصرفي: ضمير أنا (مفرد متكلم)
الجذر: NTWS"
والملائكة,"الكلمة: والملائكة
الصنف الصرفي: اسم محسوس
الجذر: ملك
الحالة: معرب"
أجمعين,"الكلمة: أجمعين
الصنف الصرفي: اسم مجرد
الجذر: جمع
الحالة: معرب"
خالدين,"الكلمة: خالدين
الصنف الصرفي: اسم فاعل
الجذر: خلد
الحالة: معرب"
ينظرون,"الكلمة: ينظرون
الصنف الصرفي: IV_PASS
الجذر: نظر"
واختلاف,"الكلمة: واختلاف
الصنف الصرفي: مصدر
الجذر: خلف
الحالة: معرب"
والنهار,"الكلمة: والنهار
الصنف الصرفي: اسم مجرد
الجذر: نهر
الحالة: معرب"
والفلك,"الكلمة: والفلك
الصنف الصرفي: اسم محسوس
الجذر: فلك
الحالة: معرب"
وتصريف,"الكلمة: وتصريف
الصنف الصرفي: مصدر
الجذر: صرف
الحالة: معرب"
والسحاب,"الكلمة: والسحاب
الصنف الصرفي: اسم محسوس
الجذر: سحب
الحالة: معرب"
المسخر,"الكلمة: المسخر
الصنف الصرفي: اسم مفعول
الجذر: سخر
الحالة: معرب"
يعقلون,"الكلمة: يعقلون
الصنف الصرفي: فعل مضارع
الجذر: عقل"
يحبونهم,"الكلمة: يحبونهم
الصنف الصرفي: فعل مضارع
الجذر: حبب
الحالة: معرب"
وأن,"الكلمة: وأن
الصنف الصرفي: حرف ناسخ مصدر
الجذر: ن
الحالة: مبني"
اتبعوا,"الكلمة: اتبعوا
الصنف الصرفي: فعل ماض مجهول
الجذر: تبع
الحالة: مبني"
اتبعوا,"الكلمة: اتبعوا
الصنف الصرفي: فعل ماض
الجذر: تبع
الحالة: مبني"
وتقطعت,"الكلمة: وتقطعت
الصنف الصرفي: فعل ماض
الجذر: قطع
الحالة: مبني"
أعمالهم,"الكلمة: أعمالهم
الصنف الصرفي: اسم مجرد
الجذر: عمل
الحالة: معرب"
حسرات,"الكلمة: حسرات
الصنف الصرفي: اسم مجرد
الجذر: حسر
الحالة: معرب"
بخارجين,"الكلمة: بخارجين
الصنف الصرفي: اسم فاعل
الجذر: خرج
الحالة: معرب"
حلالا,"الكلمة: حلالا
الصنف الصرفي: مصدر
الجذر: حلل
الحالة: معرب"
تتبعوا,"الكلمة: تتبعوا
الصنف الصرفي: فعل مضارع
الجذر: تبع
الحالة: معرب"
والفحشاء,"الكلمة: والفحشاء
الصنف الصرفي: اسم مجرد
الجذر: فحش
الحالة: معرب"
اتبعوا,"الكلمة: اتبعوا
الصنف الصرفي: فعل أمر
الجذر: تبع
الحالة: مبني"
أولو,"الكلمة: أولو
الصنف الصرفي: اسم محسوس
الجذر: NTWS
الحالة: مبني"
ومثل,"الكلمة: ومثل
الصنف الصرفي: اسم مجرد
الجذر: مثل
الحالة: معرب"
والدم,"الكلمة: والدم
الصنف الصرفي: اسم محسوس
الجذر: دمم
الحالة: معرب"
الخنزير,"الكلمة: الخنزير
الصنف الصرفي: اسم محسوس
الجذر: خنزر
الحالة: معرب"
ويشترون,"الكلمة: ويشترون
الصنف الصرفي: فعل مضارع
الجذر: شتر
الحالة: معرب"
بطونهم,"الكلمة: بطونهم
الصنف الصرفي: اسم محسوس
الجذر: بطن
الحالة: معرب"
يكلمهم,"الكلمة: يكلمهم
الصنف الصرفي: فعل مضارع
الجذر: كلم
الحالة: معرب"
والعذاب,"الكلمة: والعذاب
الصنف الصرفي: اسم مجرد
الجذر: عذب
الحالة: معرب"
بالمغفرة,"الكلمة: بالمغفرة
الصنف الصرفي: مصدر
الجذر: غفر
الحالة: معرب"
أصبرهم,"الكلمة: أصبرهم
الصنف الصرفي: صفة مقارنة
الجذر: صبر
الحالة: مبني"
اختلفوا,"الكلمة: اختلفوا
الصنف الصرفي: فعل ماض
الجذر: خلف
الحالة: مبني"
ليس,"الكلمة: ليس
الصنف الصرفي: فعل غير متصرف
الجذر: لس
الحالة: مبني"
وآتى,"الكلمة: وآتى
الصنف الصرفي: فعل ماض
الجذر: NTWS
الحالة: مبني"
الرقاب,"الكلمة: الرقاب
الصنف الصرفي: اسم محسوس
الجذر: رقب
الحالة: معرب"
بعهدهم,"الكلمة: بعهدهم
الصنف الصرفي: مصدر
الجذر: عهد
الحالة: معرب"
والصابرين,"الكلمة: والصابرين
الصنف الصرفي: اسم فاعل
الجذر: صبر
الحالة: معرب"
والضراء,"الكلمة: والضراء
الصنف الصرفي: اسم مجرد
الجذر: ضرر
الحالة: معرب"
البأس,"الكلمة: البأس
الصنف الصرفي: مصدر
الجذر: لبس
الحالة: معرب"
صدقوا,"الكلمة: صدقوا
الصنف الصرفي: فعل ماض
الجذر: صدق
الحالة: مبني"
القصاص,"الكلمة: القصاص
الصنف الصرفي: مصدر
الجذر: قصص
الحالة: معرب"
القتلى,"الكلمة: القتلى
الصنف الصرفي: اسم مفعول
الجذر: قتل
الحالة: معرب"
بالحر,"الكلمة: بالحر
الصنف الصرفي: صفة نوعية
الجذر: حرر
الحالة: معرب"
والعبد,"الكلمة: والعبد
الصنف الصرفي: اسم محسوس
الجذر: عبد
الحالة: معرب"
بالعبد,"الكلمة: بالعبد
الصنف الصرفي: اسم محسوس
الجذر: عبد
الحالة: معرب"
فاتباع,"الكلمة: فاتباع
الصنف الصرفي: مصدر
الجذر: تبع
الحالة: معرب"
بالمعروف,"الكلمة: بالمعروف
الصنف الصرفي: اسم مجرد
الجذر: عرف
الحالة: معرب"
بإحسان,"الكلمة: بإحسان
الصنف الصرفي: مصدر
الجذر: حسن
الحالة: معرب"
تخفيف,"الكلمة: تخفيف
الصنف الصرفي: مصدر
الجذر: خفف
الحالة: معرب"
اعتدى,"الكلمة: اعتدى
الصنف الصرفي: فعل ماض
الجذر: عتد
الحالة: مبني"
أولي,"الكلمة: أولي
الصنف الصرفي: اسم محسوس
الجذر: ل
الحالة: مبني"
الألباب,"الكلمة: الألباب
الصنف الصرفي: اسم مجرد
الجذر: لبب
الحالة: معرب"
أحدكم,"الكلمة: أحدكم
الصنف الصرفي: اسم محسوس
الجذر: حدد
الحالة: معرب"
والأقربين,"الكلمة: والأقربين
الصنف الصرفي: صفة مقارنة
الجذر: قرب
الحالة: معرب"
بعدما,"الكلمة: بعدما
الصنف الصرفي: ظرف
الجذر: بعد
الحالة: معرب"
يبدلونه,"الكلمة: يبدلونه
الصنف الصرفي: فعل مضارع
الجذر: بدل
الحالة: معرب"
فأصلح,"الكلمة: فأصلح
الصنف الصرفي: فعل ماض
الجذر: صلح
الحالة: مبني"
معدودات,"الكلمة: معدودات
الصنف الصرفي: اسم مفعول
الجذر: عدد
الحالة: معرب"
مريضا,"الكلمة: مريضا
الصنف الصرفي: صفة نوعية
الجذر: مرض
الحالة: معرب"
فهو,"الكلمة: فهو
الصنف الصرفي: ضمير
الجذر: ه"
القرآن,"الكلمة: القرآن
الصنف الصرفي: اسم محسوس
الجذر: قرن
الحالة: معرب"
الشهر,"الكلمة: الشهر
الصنف الصرفي: اسم مجرد
الجذر: شهر
الحالة: معرب"
فليصمه,"الكلمة: فليصمه
الصنف الصرفي: فعل مضارع
الجذر: صمم
الحالة: معرب"
العسر,"الكلمة: العسر
الصنف الصرفي: مصدر
الجذر: عسر
الحالة: معرب"
ولتكملوا,"الكلمة: ولتكملوا
الصنف الصرفي: فعل مضارع
الجذر: كمل
الحالة: معرب"
العدة,"الكلمة: العدة
الصنف الصرفي: اسم مجرد
الجذر: عدد
الحالة: معرب"
ولتكبروا,"الكلمة: ولتكبروا
الصنف الصرفي: فعل مضارع
الجذر: كبر
الحالة: معرب"
هداكم,"الكلمة: هداكم
الصنف الصرفي: فعل ماض
الجذر: هدد
الحالة: مبني"
عبادي,"الكلمة: عبادي
الصنف الصرفي: اسم محسوس
الجذر: عبد
الحالة: معرب"
عني,"الكلمة: عني
الصنف الصرفي: حرف جر
الجذر: عن
الحالة: مبني"
فأني,"الكلمة: فأني
الصنف الصرفي: حرف ناسخ
الجذر: نّ
الحالة: مبني"
لعلهم,"الكلمة: لعلهم
الصنف الصرفي: حرف ناسخ
الجذر: علل
الحالة: مبني"
يرشدون,"الكلمة: يرشدون
الصنف الصرفي: فعل مضارع
الجذر: رشد"
الرفث,"الكلمة: الرفث
الصنف الصرفي: مصدر
الجذر: رفث
الحالة: معرب"
هن,"الكلمة: هن
الصنف الصرفي: ضمير
الجذر: ه"
لهن,"الكلمة: لهن
الصنف الصرفي: ضمير
الجذر: ل"
فالآن,"الكلمة: فالآن
الصنف الصرفي: ظرف
الجذر: لن
الحالة: مبني"
باشروهن,"الكلمة: باشروهن
الصنف الصرفي: فعل أمر
الجذر: بشر
الحالة: مبني"
أتموا,"الكلمة: أتموا
الصنف الصرفي: فعل أمر
الجذر: تمم
الحالة: مبني"
تباشروهن,"الكلمة: تباشروهن
الصنف الصرفي: فعل مضارع
الجذر: بشر
الحالة: معرب"
عاكفون,"الكلمة: عاكفون
الصنف الصرفي: اسم فاعل
الجذر: عكف
الحالة: معرب"
تقربوها,"الكلمة: تقربوها
الصنف الصرفي: فعل مضارع
الجذر: قرب
الحالة: معرب"
بينكم,"الكلمة: بينكم
الصنف الصرفي: ظرف
الجذر: NTWS
الحالة: معرب"
وتدلوا,"الكلمة: وتدلوا
الصنف الصرفي: فعل مضارع
الجذر: دلل
الحالة: معرب"
الأهلة,"الكلمة: الأهلة
الصنف الصرفي: اسم محسوس
الجذر: هلل
الحالة: معرب"
والحج,"الكلمة: والحج
الصنف الصرفي: مصدر
الجذر: حجج
الحالة: معرب"
وليس,"الكلمة: وليس
الصنف الصرفي: فعل غير متصرف
الجذر: لس
الحالة: مبني"
تفلحون,"الكلمة: تفلحون
الصنف الصرفي: فعل مضارع
الجذر: فلح"
وقاتلوا,"الكلمة: وقاتلوا
الصنف الصرفي: فعل أمر
الجذر: قتل
الحالة: مبني"
يقاتلونكم,"الكلمة: يقاتلونكم
الصنف الصرفي: فعل مضارع
الجذر: قتل
الحالة: معرب"
تعتدوا,"الكلمة: تعتدوا
الصنف الصرفي: فعل مضارع
الجذر: عدد
الحالة: معرب"
المعتدين,"الكلمة: المعتدين
الصنف الصرفي: اسم فاعل
الجذر: عدد
الحالة: معرب"
ثقفتموهم,"الكلمة: ثقفتموهم
الصنف الصرفي: فعل ماض
الجذر: ثقف
الحالة: مبني"
وأخرجوهم,"الكلمة: وأخرجوهم
الصنف الصرفي: فعل أمر
الجذر: خرج
الحالة: مبني"
أخرجوكم,"الكلمة: أخرجوكم
الصنف الصرفي: فعل ماض
الجذر: خرج
الحالة: مبني"
والفتنة,"الكلمة: والفتنة
الصنف الصرفي: مصدر
الجذر: لفت
الحالة: معرب"
تقاتلوهم,"الكلمة: تقاتلوهم
الصنف الصرفي: فعل مضارع
الجذر: قتل
الحالة: معرب"
يقاتلوكم,"الكلمة: يقاتلوكم
الصنف الصرفي: فعل مضارع
الجذر: قتل
الحالة: معرب"
قاتلوكم,"الكلمة: قاتلوكم
الصنف الصرفي: فعل ماض
الجذر: قتل
الحالة: مبني"
وقاتلوهم,"الكلمة: وقاتلوهم
الصنف الصرفي: فعل أمر
الجذر: قتل
الحالة: مبني"
بالشهر,"الكلمة: بالشهر
الصنف الصرفي: اسم مجرد
الجذر: شهر
الحالة: معرب"
والحرمات,"الكلمة: والحرمات
الصنف الصرفي: اسم مجرد
الجذر: حرم
الحالة: معرب"
فاعتدوا,"الكلمة: فاعتدوا
الصنف الصرفي: فعل ماض
الجذر: عدد
الحالة: مبني"
واعلموا,"الكلمة: واعلموا
الصنف الصرفي: فعل أمر
الجذر: علم
الحالة: مبني"
وأنفقوا,"الكلمة: وأنفقوا
الصنف الصرفي: فعل أمر
الجذر: نفق
الحالة: مبني"
التهلكة,"الكلمة: التهلكة
الصنف الصرفي: مصدر
الجذر: هلك
الحالة: معرب"
وأحسنوا,"الكلمة: وأحسنوا
الصنف الصرفي: فعل ماض
الجذر: حسن
الحالة: مبني"
وأتموا,"الكلمة: وأتموا
الصنف الصرفي: فعل أمر
الجذر: تمم
الحالة: مبني"
والعمرة,"الكلمة: والعمرة
الصنف الصرفي: اسم مجرد
الجذر: عمر
الحالة: معرب"
تحلقوا,"الكلمة: تحلقوا
الصنف الصرفي: فعل مضارع
الجذر: حلق
الحالة: معرب"
بالعمرة,"الكلمة: بالعمرة
الصنف الصرفي: اسم مجرد
الجذر: عمر
الحالة: معرب"
ثلاثة,"الكلمة: ثلاثة
الصنف الصرفي: اسم عدد
الجذر: ثلث
الحالة: معرب"
رجعتم,"الكلمة: رجعتم
الصنف الصرفي: فعل ماض
الجذر: رجع
الحالة: مبني"
حاضري,"الكلمة: حاضري
الصنف الصرفي: اسم فاعل
الجذر: حضر
الحالة: معرب"
العقاب,"الكلمة: العقاب
الصنف الصرفي: مصدر
الجذر: عقب
الحالة: معرب"
معلومات,"الكلمة: معلومات
الصنف الصرفي: اسم مجرد
الجذر: علم
الحالة: معرب"
يعلمه,"الكلمة: يعلمه
الصنف الصرفي: فعل مضارع
الجذر: علم
الحالة: معرب"
فضلا,"الكلمة: فضلا
الصنف الصرفي: مصدر
الجذر: فضل
الحالة: معرب"
عرفات,"الكلمة: عرفات
الصنف الصرفي: اسم علم
الجذر: عرف
الحالة: معرب"
فاذكروا,"الكلمة: فاذكروا
الصنف الصرفي: فعل أمر
الجذر: ذكر
الحالة: مبني"
المشعر,"الكلمة: المشعر
الصنف الصرفي: اسم زمان أو مكان
الجذر: شعر
الحالة: معرب"
واذكروه,"الكلمة: واذكروه
الصنف الصرفي: فعل أمر
الجذر: ذكر
الحالة: مبني"
قبله,"الكلمة: قبله
الصنف الصرفي: اسم مجرد
الجذر: قبل
الحالة: معرب"
واستغفروا,"الكلمة: واستغفروا
الصنف الصرفي: فعل أمر
الجذر: غفر
الحالة: مبني"
مناسككم,"الكلمة: مناسككم
الصنف الصرفي: اسم مجرد
الجذر: نسك
الحالة: معرب"
كذكركم,"الكلمة: كذكركم
الصنف الصرفي: مصدر
الجذر: ذكر
الحالة: معرب"
فمن,"الكلمة: فمن
الصنف الصرفي: حرف جر
الجذر: من
الحالة: مبني"
كسبوا,"الكلمة: كسبوا
الصنف الصرفي: فعل ماض
الجذر: كسب
الحالة: مبني"
الحساب,"الكلمة: الحساب
الصنف الصرفي: اسم مجرد
الجذر: حسب
الحالة: معرب"
تحشرون,"الكلمة: تحشرون
الصنف الصرفي: IV_PASS
الجذر: حشر"
يعجبك,"الكلمة: يعجبك
الصنف الصرفي: فعل مضارع
الجذر: عجب
الحالة: معرب"
ويشهد,"الكلمة: ويشهد
الصنف الصرفي: فعل مضارع
الجذر: شهد
الحالة: معرب"
ليفسد,"الكلمة: ليفسد
الصنف الصرفي: فعل مضارع
الجذر: فسد
الحالة: معرب"
ويهلك,"الكلمة: ويهلك
الصنف الصرفي: فعل مضارع
الجذر: هلل
الحالة: معرب"
والنسل,"الكلمة: والنسل
الصنف الصرفي: اسم محسوس
الجذر: نسل
الحالة: معرب"
الفساد,"الكلمة: الفساد
الصنف الصرفي: مصدر
الجذر: فسد
الحالة: معرب"
العزة,"الكلمة: العزة
الصنف الصرفي: مصدر
الجذر: عزز
الحالة: معرب"
فحسبه,"الكلمة: فحسبه
الصنف الصرفي: اسم مجرد
الجذر: حسب
الحالة: معرب"
المهاد,"الكلمة: المهاد
الصنف الصرفي: اسم محسوس
الجذر: مهد
الحالة: معرب"
ابتغاء,"الكلمة: ابتغاء
الصنف الصرفي: مصدر
الجذر: ٱبتغ
الحالة: معرب"
بالعباد,"الكلمة: بالعباد
الصنف الصرفي: اسم محسوس
الجذر: عبد
الحالة: معرب"
زللتم,"الكلمة: زللتم
الصنف الصرفي: فعل ماض
الجذر: زلل
الحالة: مبني"
فاعلموا,"الكلمة: فاعلموا
الصنف الصرفي: فعل أمر
الجذر: علم
الحالة: مبني"
ينظرون,"الكلمة: ينظرون
الصنف الصرفي: فعل مضارع
الجذر: نظر"
بينة,"الكلمة: بينة
الصنف الصرفي: اسم مجرد
الجذر: NTWS
الحالة: معرب"
ويسخرون,"الكلمة: ويسخرون
الصنف الصرفي: فعل مضارع
الجذر: سخر
الحالة: معرب"
مبشرين,"الكلمة: مبشرين
الصنف الصرفي: اسم فاعل
الجذر: بشر
الحالة: معرب"
ومنذرين,"الكلمة: ومنذرين
الصنف الصرفي: اسم فاعل
الجذر: نذر
الحالة: معرب"
ليحكم,"الكلمة: ليحكم
الصنف الصرفي: فعل مضارع
الجذر: حكم
الحالة: معرب"
اختلف,"الكلمة: اختلف
الصنف الصرفي: فعل ماض
الجذر: خلف
الحالة: مبني"
حسبتم,"الكلمة: حسبتم
الصنف الصرفي: فعل ماض
الجذر: حسب
الحالة: مبني"
تدخلوا,"الكلمة: تدخلوا
الصنف الصرفي: فعل مضارع
الجذر: دخل
الحالة: معرب"
مستهم,"الكلمة: مستهم
الصنف الصرفي: فعل ماض
الجذر: مسس
الحالة: مبني"
وزلزلوا,"الكلمة: وزلزلوا
الصنف الصرفي: فعل ماض مجهول
الجذر: زلزل
الحالة: مبني"
معه,"الكلمة: معه
الصنف الصرفي: ظرف
الجذر: مع
الحالة: معرب"
أنفقتم,"الكلمة: أنفقتم
الصنف الصرفي: فعل ماض
الجذر: نفق
الحالة: مبني"
تكرهوا,"الكلمة: تكرهوا
الصنف الصرفي: فعل مضارع
الجذر: كره
الحالة: معرب"
تحبوا,"الكلمة: تحبوا
الصنف الصرفي: فعل مضارع
الجذر: حبب
الحالة: معرب"
والمسجد,"الكلمة: والمسجد
الصنف الصرفي: اسم زمان أو مكان
الجذر: سجد
الحالة: معرب"
يردوكم,"الكلمة: يردوكم
الصنف الصرفي: فعل مضارع
الجذر: ردد
الحالة: معرب"
يرتدد,"الكلمة: يرتدد
الصنف الصرفي: فعل مضارع
الجذر: ردد
الحالة: معرب"
هاجروا,"الكلمة: هاجروا
الصنف الصرفي: فعل ماض
الجذر: هجر
الحالة: مبني"
وجاهدوا,"الكلمة: وجاهدوا
الصنف الصرفي: فعل ماض
الجذر: جهد
الحالة: مبني"
يرجون,"الكلمة: يرجون
الصنف الصرفي: فعل مضارع
الجذر: رجج"
الخمر,"الكلمة: الخمر
الصنف الصرفي: اسم محسوس
الجذر: خمر
الحالة: معرب"
فيهما,"الكلمة: فيهما
الصنف الصرفي: حرف جر
الجذر: همم
الحالة: مبني"
ومنافع,"الكلمة: ومنافع
الصنف الصرفي: اسم مجرد
الجذر: نفع
الحالة: معرب"
نفعهما,"الكلمة: نفعهما
الصنف الصرفي: مصدر
الجذر: نفع
الحالة: معرب"
تتفكرون,"الكلمة: تتفكرون
الصنف الصرفي: فعل مضارع
الجذر: فكر"
إصلاح,"الكلمة: إصلاح
الصنف الصرفي: مصدر
الجذر: صلح
الحالة: معرب"
تخالطوهم,"الكلمة: تخالطوهم
الصنف الصرفي: فعل مضارع
الجذر: خلط
الحالة: معرب"
المصلح,"الكلمة: المصلح
الصنف الصرفي: اسم فاعل
الجذر: صلح
الحالة: معرب"
لأعنتكم,"الكلمة: لأعنتكم
الصنف الصرفي: فعل ماض
الجذر: لعن
الحالة: مبني"
تنكحوا,"الكلمة: تنكحوا
الصنف الصرفي: فعل مضارع
الجذر: نكح
الحالة: معرب"
المشركات,"الكلمة: المشركات
الصنف الصرفي: اسم فاعل
الجذر: شرك
الحالة: معرب"
ولأمة,"الكلمة: ولأمة
الصنف الصرفي: اسم محسوس
الجذر: NTWS
الحالة: معرب"
مشركة,"الكلمة: مشركة
الصنف الصرفي: اسم فاعل
الجذر: شرك
الحالة: معرب"
أعجبتكم,"الكلمة: أعجبتكم
الصنف الصرفي: فعل ماض
الجذر: عجب
الحالة: مبني"
ولعبد,"الكلمة: ولعبد
الصنف الصرفي: اسم محسوس
الجذر: عبد
الحالة: معرب"
أعجبكم,"الكلمة: أعجبكم
الصنف الصرفي: فعل ماض
الجذر: عجب
الحالة: مبني"
يدعون,"الكلمة: يدعون
الصنف الصرفي: فعل مضارع
الجذر: دعع"
والمغفرة,"الكلمة: والمغفرة
الصنف الصرفي: مصدر
الجذر: غفر
الحالة: معرب"
يتذكرون,"الكلمة: يتذكرون
الصنف الصرفي: فعل مضارع
الجذر: ذكر"
فاعتزلوا,"الكلمة: فاعتزلوا
الصنف الصرفي: فعل أمر
الجذر: عزل
الحالة: مبني"
تقربوهن,"الكلمة: تقربوهن
الصنف الصرفي: فعل مضارع
الجذر: قرب
الحالة: معرب"
يطهرن,"الكلمة: يطهرن
الصنف الصرفي: فعل مضارع
الجذر: طهر
الحالة: مبني"
تطهرن,"الكلمة: تطهرن
الصنف الصرفي: فعل ماض
الجذر: طهر
الحالة: مبني"
أمركم,"الكلمة: أمركم
الصنف الصرفي: فعل ماض
الجذر: مرر
الحالة: مبني"
حرثكم,"الكلمة: حرثكم
الصنف الصرفي: اسم محسوس
الجذر: حرث
الحالة: معرب"
أنى,"الكلمة: أنى
الصنف الصرفي: أداة استفهام
الجذر: نّ"
وقدموا,"الكلمة: وقدموا
الصنف الصرفي: فعل أمر
الجذر: قدم
الحالة: مبني"
ملاقوه,"الكلمة: ملاقوه
الصنف الصرفي: اسم فاعل
الجذر: ملق
الحالة: معرب"
تبروا,"الكلمة: تبروا
الصنف الصرفي: فعل مضارع
الجذر: تبر
الحالة: معرب"
وتصلحوا,"الكلمة: وتصلحوا
الصنف الصرفي: فعل مضارع
الجذر: صلح
الحالة: معرب"
عزموا,"الكلمة: عزموا
الصنف الصرفي: فعل ماض
الجذر: عزم
الحالة: مبني"
الطلاق,"الكلمة: الطلاق
الصنف الصرفي: مصدر
الجذر: طلق
الحالة: معرب"
يتربصن,"الكلمة: يتربصن
الصنف الصرفي: فعل مضارع
الجذر: ربص
الحالة: مبني"
بأنفسهن,"الكلمة: بأنفسهن
الصنف الصرفي: اسم مجرد
الجذر: نفس
الحالة: معرب"
يكتمن,"الكلمة: يكتمن
الصنف الصرفي: فعل مضارع
الجذر: كتم
الحالة: مبني"
أرحامهن,"الكلمة: أرحامهن
الصنف الصرفي: اسم محسوس
الجذر: رحم
الحالة: معرب"
وبعولتهن,"الكلمة: وبعولتهن
الصنف الصرفي: اسم محسوس
الجذر: بعل
الحالة: معرب"
بردهن,"الكلمة: بردهن
الصنف الصرفي: مصدر
الجذر: برد
الحالة: معرب"
إصلاحا,"الكلمة: إصلاحا
الصنف الصرفي: مصدر
الجذر: صلح
الحالة: معرب"
ولهن,"الكلمة: ولهن
الصنف الصرفي: ضمير
الجذر: ل"
مرتان,"الكلمة: مرتان
الصنف الصرفي: مصدر لحظي
الجذر: مرر
الحالة: معرب"
فإمساك,"الكلمة: فإمساك
الصنف الصرفي: مصدر
الجذر: مسس
الحالة: معرب"
بمعروف,"الكلمة: بمعروف
الصنف الصرفي: اسم مجرد
الجذر: عرف
الحالة: معرب"
تعتدوها,"الكلمة: تعتدوها
الصنف الصرفي: فعل مضارع
الجذر: عدد
الحالة: معرب"
الظالمون,"الكلمة: الظالمون
الصنف الصرفي: اسم فاعل
الجذر: ظلم
الحالة: معرب"
طلقها,"الكلمة: طلقها
الصنف الصرفي: فعل ماض
الجذر: طلق
الحالة: مبني"
يتراجعا,"الكلمة: يتراجعا
الصنف الصرفي: فعل مضارع
الجذر: رجع
الحالة: معرب"
طلقتم,"الكلمة: طلقتم
الصنف الصرفي: فعل ماض
الجذر: طلق
الحالة: مبني"
فبلغن,"الكلمة: فبلغن
الصنف الصرفي: فعل ماض
الجذر: بلغ
الحالة: مبني"
أجلهن,"الكلمة: أجلهن
الصنف الصرفي: اسم مجرد
الجذر: جلل
الحالة: معرب"
فأمسكوهن,"الكلمة: فأمسكوهن
الصنف الصرفي: فعل أمر
الجذر: مسك
الحالة: مبني"
سرحوهن,"الكلمة: سرحوهن
الصنف الصرفي: فعل أمر
الجذر: سرح
الحالة: مبني"
تمسكوهن,"الكلمة: تمسكوهن
الصنف الصرفي: فعل مضارع
الجذر: مسك
الحالة: معرب"
لتعتدوا,"الكلمة: لتعتدوا
الصنف الصرفي: فعل مضارع
الجذر: عدد
الحالة: معرب"
تعضلوهن,"الكلمة: تعضلوهن
الصنف الصرفي: فعل مضارع
الجذر: عضل
الحالة: معرب"
ينكحن,"الكلمة: ينكحن
الصنف الصرفي: فعل مضارع
الجذر: نكح
الحالة: مبني"
وأطهر,"الكلمة: وأطهر
الصنف الصرفي: صفة مقارنة
الجذر: طهر
الحالة: معرب"
يرضعن,"الكلمة: يرضعن
الصنف الصرفي: فعل مضارع
الجذر: رضع
الحالة: مبني"
كاملين,"الكلمة: كاملين
الصنف الصرفي: اسم فاعل
الجذر: كمل
الحالة: معرب"
الرضاعة,"الكلمة: الرضاعة
الصنف الصرفي: مصدر
الجذر: رضع
الحالة: معرب"
رزقهن,"الكلمة: رزقهن
الصنف الصرفي: مصدر
الجذر: رزق
الحالة: معرب"
والدة,"الكلمة: والدة
الصنف الصرفي: اسم فاعل
الجذر: لدد
الحالة: معرب"
سلمتم,"الكلمة: سلمتم
الصنف الصرفي: فعل ماض
الجذر: سلم
الحالة: مبني"
ويذرون,"الكلمة: ويذرون
الصنف الصرفي: فعل مضارع
الجذر: ذرر
الحالة: معرب"
وعشرا,"الكلمة: وعشرا
الصنف الصرفي: اسم عدد
الجذر: عشر
الحالة: معرب"
أنفسهن,"الكلمة: أنفسهن
الصنف الصرفي: اسم مجرد
الجذر: نفس
الحالة: معرب"
عرضتم,"الكلمة: عرضتم
الصنف الصرفي: فعل ماض
الجذر: عرض
الحالة: مبني"
أكننتم,"الكلمة: أكننتم
الصنف الصرفي: فعل ماض
الجذر: كنن
الحالة: مبني"
ستذكرونهن,"الكلمة: ستذكرونهن
الصنف الصرفي: فعل مضارع
الجذر: ذكر
الحالة: معرب"
معروفا,"الكلمة: معروفا
الصنف الصرفي: اسم مجرد
الجذر: عرف
الحالة: معرب"
تعزموا,"الكلمة: تعزموا
الصنف الصرفي: فعل مضارع
الجذر: عزم
الحالة: معرب"
النكاح,"الكلمة: النكاح
الصنف الصرفي: مصدر
الجذر: نكح
الحالة: معرب"
تمسوهن,"الكلمة: تمسوهن
الصنف الصرفي: فعل مضارع
الجذر: مسس
الحالة: معرب"
تفرضوا,"الكلمة: تفرضوا
الصنف الصرفي: فعل مضارع
الجذر: فرض
الحالة: معرب"
فريضة,"الكلمة: فريضة
الصنف الصرفي: اسم مجرد
الجذر: فرض
الحالة: معرب"
ومتعوهن,"الكلمة: ومتعوهن
الصنف الصرفي: فعل أمر
الجذر: متع
الحالة: مبني"
المقتر,"الكلمة: المقتر
الصنف الصرفي: اسم فاعل
الجذر: قتر
الحالة: معرب"
متاعا,"الكلمة: متاعا
الصنف الصرفي: مصدر
الجذر: متع
الحالة: معرب"
طلقتموهن,"الكلمة: طلقتموهن
الصنف الصرفي: فعل ماض
الجذر: طلق
الحالة: مبني"
فرضتم,"الكلمة: فرضتم
الصنف الصرفي: فعل ماض
الجذر: فرض
الحالة: مبني"
يعفون,"الكلمة: يعفون
الصنف الصرفي: فعل مضارع
الجذر: عفف
الحالة: مبني"
تعفوا,"الكلمة: تعفوا
الصنف الصرفي: فعل مضارع
الجذر: عفف
الحالة: معرب"
حافظوا,"الكلمة: حافظوا
الصنف الصرفي: فعل أمر
الجذر: حفظ
الحالة: مبني"
الوسطى,"الكلمة: الوسطى
الصنف الصرفي: صفة مقارنة
الجذر: سط
الحالة: معرب"
فرجالا,"الكلمة: فرجالا
الصنف الصرفي: اسم محسوس
الجذر: رجل
الحالة: معرب"
ركبانا,"الكلمة: ركبانا
الصنف الصرفي: اسم فاعل
الجذر: ركب
الحالة: معرب"
علمكم,"الكلمة: علمكم
الصنف الصرفي: فعل ماض
الجذر: علم
الحالة: مبني"
إخراج,"الكلمة: إخراج
الصنف الصرفي: مصدر
الجذر: خرج
الحالة: معرب"
خرجوا,"الكلمة: خرجوا
الصنف الصرفي: فعل ماض
الجذر: خرج
الحالة: مبني"
يشكرون,"الكلمة: يشكرون
الصنف الصرفي: فعل مضارع
الجذر: شكر"
ذا,"الكلمة: ذا
الصنف الصرفي: اسم إشارة
الجذر: ذ"
فيضاعفه,"الكلمة: فيضاعفه
الصنف الصرفي: فعل مضارع
الجذر: ضعف
الحالة: معرب"
أضعافا,"الكلمة: أضعافا
الصنف الصرفي: اسم مجرد
الجذر: ضعف
الحالة: معرب"
ويبسط,"الكلمة: ويبسط
الصنف الصرفي: فعل مضارع
الجذر: بسط
الحالة: معرب"
الملأ,"الكلمة: الملأ
الصنف الصرفي: اسم محسوس
الجذر: NTWS
الحالة: معرب"
نقاتل,"الكلمة: نقاتل
الصنف الصرفي: فعل مضارع
الجذر: قتل
الحالة: معرب"
تقاتلوا,"الكلمة: تقاتلوا
الصنف الصرفي: فعل مضارع
الجذر: قتل
الحالة: معرب"
أخرجنا,"الكلمة: أخرجنا
الصنف الصرفي: فعل ماض مجهول
الجذر: خرج
الحالة: مبني"
الملك,"الكلمة: الملك
الصنف الصرفي: اسم مجرد
الجذر: ملك
الحالة: معرب"
ولم,"الكلمة: ولم
الصنف الصرفي: أداة نفي
الجذر: م
الحالة: مبني"
اصطفاه,"الكلمة: اصطفاه
الصنف الصرفي: فعل ماض
الجذر: صفف
الحالة: مبني"
التابوت,"الكلمة: التابوت
الصنف الصرفي: اسم محسوس
الجذر: تبت
الحالة: معرب"
سكينة,"الكلمة: سكينة
الصنف الصرفي: اسم مجرد
الجذر: سكن
الحالة: معرب"
وبقية,"الكلمة: وبقية
الصنف الصرفي: اسم مجرد
الجذر: بقق
الحالة: معرب"
هارون,"الكلمة: هارون
الصنف الصرفي: اسم علم أعجمي
الجذر: NTWS
الحالة: معرب"
تحمله,"الكلمة: تحمله
الصنف الصرفي: فعل مضارع
الجذر: حمل
الحالة: معرب"
لآية,"الكلمة: لآية
الصنف الصرفي: اسم مجرد
الجذر: ّة
الحالة: معرب"
بالجنود,"الكلمة: بالجنود
الصنف الصرفي: اسم منسوب
الجذر: جند
الحالة: معرب"
مبتليكم,"الكلمة: مبتليكم
الصنف الصرفي: اسم فاعل
الجذر: بلل
الحالة: معرب"
فليس,"الكلمة: فليس
الصنف الصرفي: فعل غير متصرف
الجذر: لس
الحالة: مبني"
يطعمه,"الكلمة: يطعمه
الصنف الصرفي: فعل مضارع
الجذر: طعم
الحالة: معرب"
اغترف,"الكلمة: اغترف
الصنف الصرفي: فعل ماض
الجذر: غرف
الحالة: مبني"
فشربوا,"الكلمة: فشربوا
الصنف الصرفي: فعل ماض
الجذر: شرب
الحالة: مبني"
اليوم,"الكلمة: اليوم
الصنف الصرفي: ظرف
الجذر: لم
الحالة: معرب"
بجالوت,"الكلمة: بجالوت
الصنف الصرفي: اسم علم أعجمي
الجذر: NTWS
الحالة: معرب"
وجنوده,"الكلمة: وجنوده
الصنف الصرفي: اسم منسوب
الجذر: جند
الحالة: معرب"
برزوا,"الكلمة: برزوا
الصنف الصرفي: فعل ماض
الجذر: برز
الحالة: مبني"
لجالوت,"الكلمة: لجالوت
الصنف الصرفي: اسم علم أعجمي
الجذر: NTWS
الحالة: معرب"
صبرا,"الكلمة: صبرا
الصنف الصرفي: مصدر
الجذر: NTWS
الحالة: معرب"
أقدامنا,"الكلمة: أقدامنا
الصنف الصرفي: اسم محسوس
الجذر: قدم
الحالة: معرب"
فهزموهم,"الكلمة: فهزموهم
الصنف الصرفي: فعل ماض
الجذر: هزم
الحالة: مبني"
داوود,"الكلمة: داوود
الصنف الصرفي: اسم علم أعجمي
الجذر: NTWS
الحالة: معرب"
جالوت,"الكلمة: جالوت
الصنف الصرفي: اسم علم أعجمي
الجذر: NTWS
الحالة: معرب"
وعلمه,"الكلمة: وعلمه
الصنف الصرفي: فعل ماض
الجذر: علم
الحالة: مبني"
لفسدت,"الكلمة: لفسدت
الصنف الصرفي: فعل ماض
الجذر: فسد
الحالة: مبني"
المرسلين,"الكلمة: المرسلين
الصنف الصرفي: اسم مفعول
الجذر: رسل
الحالة: معرب"
الرسل,"الكلمة: الرسل
الصنف الصرفي: اسم محسوس
الجذر: رسل
الحالة: معرب"
فضلنا,"الكلمة: فضلنا
الصنف الصرفي: فعل ماض
الجذر: فضل
الحالة: مبني"
درجات,"الكلمة: درجات
الصنف الصرفي: اسم مجرد
الجذر: درج
الحالة: معرب"
اقتتل,"الكلمة: اقتتل
الصنف الصرفي: فعل ماض
الجذر: قتل
الحالة: مبني"
بعدهم,"الكلمة: بعدهم
الصنف الصرفي: اسم مجرد
الجذر: بعد
الحالة: معرب"
فمنهم,"الكلمة: فمنهم
الصنف الصرفي: حرف جر
الجذر: من
الحالة: مبني"
اقتتلوا,"الكلمة: اقتتلوا
الصنف الصرفي: فعل ماض
الجذر: قتل
الحالة: مبني"
أنفقوا,"الكلمة: أنفقوا
الصنف الصرفي: فعل أمر
الجذر: نفق
الحالة: مبني"
والكافرون,"الكلمة: والكافرون
الصنف الصرفي: اسم فاعل
الجذر: كفر
الحالة: معرب"
خلفهم,"الكلمة: خلفهم
الصنف الصرفي: ظرف
الجذر: خلف
الحالة: معرب"
حفظهما,"الكلمة: حفظهما
الصنف الصرفي: مصدر
الجذر: حفظ
الحالة: معرب"
العظيم,"الكلمة: العظيم
الصنف الصرفي: اسم علم
الجذر: عظم
الحالة: معرب"
إكراه,"الكلمة: إكراه
الصنف الصرفي: مصدر
الجذر: كره
الحالة: معرب"
الرشد,"الكلمة: الرشد
الصنف الصرفي: مصدر
الجذر: رشد
الحالة: معرب"
استمسك,"الكلمة: استمسك
الصنف الصرفي: فعل ماض
الجذر: مسك
الحالة: مبني"
انفصام,"الكلمة: انفصام
الصنف الصرفي: مصدر
الجذر: فصم
الحالة: معرب"
يخرجهم,"الكلمة: يخرجهم
الصنف الصرفي: فعل مضارع
الجذر: خرج
الحالة: معرب"
الظلمات,"الكلمة: الظلمات
الصنف الصرفي: اسم مجرد
الجذر: ظلم
الحالة: معرب"
يخرجونهم,"الكلمة: يخرجونهم
الصنف الصرفي: فعل مضارع
الجذر: خرج
الحالة: معرب"
بالشمس,"الكلمة: بالشمس
الصنف الصرفي: اسم محسوس
الجذر: شمس
الحالة: معرب"
المغرب,"الكلمة: المغرب
الصنف الصرفي: اسم زمان أو مكان
الجذر: غرب
الحالة: معرب"
وهي,"الكلمة: وهي
الصنف الصرفي: ضمير
الجذر: ه"
عروشها,"الكلمة: عروشها
الصنف الصرفي: اسم محسوس
الجذر: عرش
الحالة: معرب"
فانظر,"الكلمة: فانظر
الصنف الصرفي: فعل أمر
الجذر: نظر
الحالة: مبني"
طعامك,"الكلمة: طعامك
الصنف الصرفي: اسم محسوس
الجذر: طعم
الحالة: معرب"
وشرابك,"الكلمة: وشرابك
الصنف الصرفي: اسم محسوس
الجذر: شرب
الحالة: معرب"
يتسنه,"الكلمة: يتسنه
الصنف الصرفي: فعل مضارع
الجذر: سنه
الحالة: معرب"
حمارك,"الكلمة: حمارك
الصنف الصرفي: اسم محسوس
الجذر: حمر
الحالة: معرب"
ولنجعلك,"الكلمة: ولنجعلك
الصنف الصرفي: فعل ماض
الجذر: جعل
الحالة: معرب"
العظام,"الكلمة: العظام
الصنف الصرفي: اسم محسوس
الجذر: عظم
الحالة: معرب"
ننشزها,"الكلمة: ننشزها
الصنف الصرفي: فعل مضارع
الجذر: نشز
الحالة: معرب"
نكسوها,"الكلمة: نكسوها
الصنف الصرفي: فعل مضارع
الجذر: نكس
الحالة: معرب"
ليطمئن,"الكلمة: ليطمئن
الصنف الصرفي: فعل مضارع
الجذر: طمن
الحالة: معرب"
فصرهن,"الكلمة: فصرهن
الصنف الصرفي: فعل أمر
الجذر: صرر
الحالة: مبني"
منهن,"الكلمة: منهن
الصنف الصرفي: حرف جر
الجذر: من
الحالة: مبني"
ادعهن,"الكلمة: ادعهن
الصنف الصرفي: فعل أمر
الجذر: دعع
الحالة: مبني"
واعلم,"الكلمة: واعلم
الصنف الصرفي: فعل أمر
الجذر: علم
الحالة: مبني"
أنبتت,"الكلمة: أنبتت
الصنف الصرفي: فعل ماض
الجذر: بتت
الحالة: مبني"
سنبلة,"الكلمة: سنبلة
الصنف الصرفي: اسم محسوس
الجذر: بلل
الحالة: معرب"
يضاعف,"الكلمة: يضاعف
الصنف الصرفي: فعل مضارع
الجذر: ضعف
الحالة: معرب"
يتبعون,"الكلمة: يتبعون
الصنف الصرفي: فعل مضارع
الجذر: تبع"
أنفقوا,"الكلمة: أنفقوا
الصنف الصرفي: فعل ماض
الجذر: نفق
الحالة: مبني"
ومغفرة,"الكلمة: ومغفرة
الصنف الصرفي: مصدر
الجذر: غفر
الحالة: معرب"
يتبعها,"الكلمة: يتبعها
الصنف الصرفي: فعل مضارع
الجذر: تبع
الحالة: معرب"
تبطلوا,"الكلمة: تبطلوا
الصنف الصرفي: فعل مضارع
الجذر: بطل
الحالة: معرب"
صدقاتكم,"الكلمة: صدقاتكم
الصنف الصرفي: اسم مجرد
الجذر: صدق
الحالة: معرب"
فمثله,"الكلمة: فمثله
الصنف الصرفي: اسم مجرد
الجذر: مثل
الحالة: معرب"
فتركه,"الكلمة: فتركه
الصنف الصرفي: فعل ماض
الجذر: ترك
الحالة: مبني"
يقدرون,"الكلمة: يقدرون
الصنف الصرفي: فعل مضارع
الجذر: قدر"
وتثبيتا,"الكلمة: وتثبيتا
الصنف الصرفي: مصدر
الجذر: ثبت
الحالة: معرب"
أكلها,"الكلمة: أكلها
الصنف الصرفي: اسم محسوس
الجذر: كلل
الحالة: معرب"
يصبها,"الكلمة: يصبها
الصنف الصرفي: فعل مضارع
الجذر: صبب
الحالة: معرب"
وأعناب,"الكلمة: وأعناب
الصنف الصرفي: اسم محسوس
الجذر: عنب
الحالة: معرب"
الكبر,"الكلمة: الكبر
الصنف الصرفي: مصدر
الجذر: كبر
الحالة: معرب"
وله,"الكلمة: وله
الصنف الصرفي: حرف جر
الجذر: ل
الحالة: مبني"
ضعفاء,"الكلمة: ضعفاء
الصنف الصرفي: صفة نوعية
الجذر: ضعف
الحالة: معرب"
إعصار,"الكلمة: إعصار
الصنف الصرفي: مصدر
الجذر: عصر
الحالة: معرب"
فاحترقت,"الكلمة: فاحترقت
الصنف الصرفي: فعل ماض
الجذر: حرق
الحالة: مبني"
أخرجنا,"الكلمة: أخرجنا
الصنف الصرفي: فعل ماض
الجذر: خرج
الحالة: مبني"
الخبيث,"الكلمة: الخبيث
الصنف الصرفي: صفة نوعية
الجذر: خبث
الحالة: معرب"
تنفقون,"الكلمة: تنفقون
الصنف الصرفي: فعل مضارع
الجذر: نفق"
ولستم,"الكلمة: ولستم
الصنف الصرفي: فعل غير متصرف
الجذر: لستم
الحالة: مبني"
تغمضوا,"الكلمة: تغمضوا
الصنف الصرفي: فعل مضارع
الجذر: غمض
الحالة: معرب"
يعدكم,"الكلمة: يعدكم
الصنف الصرفي: فعل مضارع
الجذر: عدد
الحالة: معرب"
بالفحشاء,"الكلمة: بالفحشاء
الصنف الصرفي: اسم مجرد
الجذر: فحش
الحالة: معرب"
مغفرة,"الكلمة: مغفرة
الصنف الصرفي: مصدر
الجذر: غفر
الحالة: معرب"
وفضلا,"الكلمة: وفضلا
الصنف الصرفي: مصدر
الجذر: فضل
الحالة: معرب"
الحكمة,"الكلمة: الحكمة
الصنف الصرفي: مصدر
الجذر: حكم
الحالة: معرب"
أولو,"الكلمة: أولو
الصنف الصرفي: اسم محسوس
الجذر: NTWS
الحالة: معرب"
نذرتم,"الكلمة: نذرتم
الصنف الصرفي: فعل ماض
الجذر: نذر
الحالة: مبني"
أنصار,"الكلمة: أنصار
الصنف الصرفي: صفة مبالغة
الجذر: نصر
الحالة: معرب"
تبدوا,"الكلمة: تبدوا
الصنف الصرفي: فعل مضارع
الجذر: بدد
الحالة: معرب"
الصدقات,"الكلمة: الصدقات
الصنف الصرفي: اسم مجرد
الجذر: صدق
الحالة: معرب"
فنعما,"الكلمة: فنعما
الصنف الصرفي: فعل غير متصرف
الجذر: نعم
الحالة: مبني"
ويكفر,"الكلمة: ويكفر
الصنف الصرفي: فعل مضارع
الجذر: كفر
الحالة: معرب"
هداهم,"الكلمة: هداهم
الصنف الصرفي: مصدر
الجذر: هدد
الحالة: معرب"
تنفقوا,"الكلمة: تنفقوا
الصنف الصرفي: فعل مضارع
الجذر: نفق
الحالة: معرب"
فلأنفسكم,"الكلمة: فلأنفسكم
الصنف الصرفي: اسم مجرد
الجذر: نفس
الحالة: معرب"
تظلمون,"الكلمة: تظلمون
الصنف الصرفي: IV_PASS
الجذر: ظلم"
يحسبهم,"الكلمة: يحسبهم
الصنف الصرفي: فعل مضارع
الجذر: حسب
الحالة: معرب"
الجاهل,"الكلمة: الجاهل
الصنف الصرفي: اسم فاعل
الجذر: جهل
الحالة: معرب"
التعفف,"الكلمة: التعفف
الصنف الصرفي: مصدر
الجذر: عفف
الحالة: معرب"
تعرفهم,"الكلمة: تعرفهم
الصنف الصرفي: فعل مضارع
الجذر: عرف
الحالة: معرب"
إلحافا,"الكلمة: إلحافا
الصنف الصرفي: مصدر
الجذر: لحف
الحالة: معرب"
وعلانية,"الكلمة: وعلانية
الصنف الصرفي: مصدر مهني (اسم مهنة)
الجذر: علن
الحالة: معرب"
يتخبطه,"الكلمة: يتخبطه
الصنف الصرفي: فعل مضارع
الجذر: خبط
الحالة: معرب"
وأمره,"الكلمة: وأمره
الصنف الصرفي: مصدر
الجذر: مرر
الحالة: معرب"
ويربي,"الكلمة: ويربي
الصنف الصرفي: فعل مضارع
الجذر: ربب
الحالة: معرب"
وذروا,"الكلمة: وذروا
الصنف الصرفي: فعل أمر
الجذر: ذرر
الحالة: مبني"
ورسوله,"الكلمة: ورسوله
الصنف الصرفي: اسم محسوس
الجذر: رسل
الحالة: معرب"
فلكم,"الكلمة: فلكم
الصنف الصرفي: حرف جر
الجذر: ل
الحالة: مبني"
تظلمون,"الكلمة: تظلمون
الصنف الصرفي: فعل مضارع
الجذر: ظلم"
فنظرة,"الكلمة: فنظرة
الصنف الصرفي: اسم مجرد
الجذر: نظر
الحالة: معرب"
تصدقوا,"الكلمة: تصدقوا
الصنف الصرفي: فعل ماض
الجذر: صدق
الحالة: معرب"
يظلمون,"الكلمة: يظلمون
الصنف الصرفي: IV_PASS
الجذر: ظلم"
فاكتبوه,"الكلمة: فاكتبوه
الصنف الصرفي: فعل أمر
الجذر: كتب
الحالة: مبني"
وليكتب,"الكلمة: وليكتب
الصنف الصرفي: فعل مضارع
الجذر: كتب
الحالة: معرب"
فليكتب,"الكلمة: فليكتب
الصنف الصرفي: فعل مضارع
الجذر: كتب
الحالة: معرب"
وليملل,"الكلمة: وليملل
الصنف الصرفي: فعل مضارع
الجذر: ملل
الحالة: معرب"
سفيها,"الكلمة: سفيها
الصنف الصرفي: صفة نوعية
الجذر: سفه
الحالة: معرب"
ضعيفا,"الكلمة: ضعيفا
الصنف الصرفي: صفة نوعية
الجذر: ضعف
الحالة: معرب"
فليملل,"الكلمة: فليملل
الصنف الصرفي: فعل مضارع
الجذر: ملل
الحالة: معرب"
واستشهدوا,"الكلمة: واستشهدوا
الصنف الصرفي: فعل أمر
الجذر: شهد
الحالة: مبني"
شهيدين,"الكلمة: شهيدين
الصنف الصرفي: اسم محسوس
الجذر: شهد
الحالة: معرب"
رجالكم,"الكلمة: رجالكم
الصنف الصرفي: اسم محسوس
الجذر: رجل
الحالة: معرب"
رجلين,"الكلمة: رجلين
الصنف الصرفي: اسم محسوس
الجذر: رجل
الحالة: معرب"
ترضون,"الكلمة: ترضون
الصنف الصرفي: فعل مضارع
الجذر: رضض"
الشهداء,"الكلمة: الشهداء
الصنف الصرفي: اسم محسوس
الجذر: شهد
الحالة: معرب"
إحداهما,"الكلمة: إحداهما
الصنف الصرفي: اسم عدد
الجذر: حدد
الحالة: معرب"
تكتبوه,"الكلمة: تكتبوه
الصنف الصرفي: فعل مضارع
الجذر: كتب
الحالة: معرب"
صغيرا,"الكلمة: صغيرا
الصنف الصرفي: صفة نوعية
الجذر: صغر
الحالة: معرب"
كبيرا,"الكلمة: كبيرا
الصنف الصرفي: صفة نوعية
الجذر: كبر
الحالة: معرب"
تجارة,"الكلمة: تجارة
الصنف الصرفي: مصدر
الجذر: تجر
الحالة: معرب"
حاضرة,"الكلمة: حاضرة
الصنف الصرفي: اسم فاعل
الجذر: حضر
الحالة: معرب"
تكتبوها,"الكلمة: تكتبوها
الصنف الصرفي: فعل مضارع
الجذر: كتب
الحالة: معرب"
وأشهدوا,"الكلمة: وأشهدوا
الصنف الصرفي: فعل أمر
الجذر: شهد
الحالة: مبني"
تجدوا,"الكلمة: تجدوا
الصنف الصرفي: فعل مضارع
الجذر: جدد
الحالة: معرب"
كاتبا,"الكلمة: كاتبا
الصنف الصرفي: اسم فاعل
الجذر: كتب
الحالة: معرب"
فرهان,"الكلمة: فرهان
الصنف الصرفي: مصدر
الجذر: فره
الحالة: معرب"
مقبوضة,"الكلمة: مقبوضة
الصنف الصرفي: اسم مفعول
الجذر: قبض
الحالة: معرب"
بعضا,"الكلمة: بعضا
الصنف الصرفي: اسم مجرد
الجذر: بعض
الحالة: معرب"
تكتموا,"الكلمة: تكتموا
الصنف الصرفي: فعل مضارع
الجذر: كتم
الحالة: معرب"
يكتمها,"الكلمة: يكتمها
الصنف الصرفي: فعل مضارع
الجذر: كتم
الحالة: معرب"
يحاسبكم,"الكلمة: يحاسبكم
الصنف الصرفي: فعل مضارع
الجذر: حسب
الحالة: معرب"
فيغفر,"الكلمة: فيغفر
الصنف الصرفي: فعل مضارع
الجذر: غفر
الحالة: معرب"
ويعذب,"الكلمة: ويعذب
الصنف الصرفي: فعل مضارع
الجذر: عذب
الحالة: معرب"
وكتبه,"الكلمة: وكتبه
الصنف الصرفي: اسم محسوس
الجذر: كتب
الحالة: معرب"
غفرانك,"الكلمة: غفرانك
الصنف الصرفي: مصدر
الجذر: غفر
الحالة: معرب"
ٱكتسبت,"الكلمة: ٱكتسبت
الصنف الصرفي: فعل ماض
الجذر: كسب
الحالة: مبني"
حملته,"الكلمة: حملته
الصنف الصرفي: فعل ماض
الجذر: حمل
الحالة: مبني"
قبلنا,"الكلمة: قبلنا
الصنف الصرفي: اسم مجرد
الجذر: قبل
الحالة: معرب"
تحملنا,"الكلمة: تحملنا
الصنف الصرفي: فعل مضارع
الجذر: حمل
الحالة: معرب"
واغفر,"الكلمة: واغفر
الصنف الصرفي: فعل أمر
الجذر: غفر
الحالة: مبني"
التوراة,"الكلمة: التوراة
الصنف الصرفي: اسم علم أعجمي
الجذر: NTWS
الحالة: معرب"
انتقام,"الكلمة: انتقام
الصنف الصرفي: مصدر
الجذر: نقم
الحالة: معرب"
الأرحام,"الكلمة: الأرحام
الصنف الصرفي: اسم محسوس
الجذر: رحم
الحالة: معرب"
محكمات,"الكلمة: محكمات
الصنف الصرفي: اسم مفعول
الجذر: حكم
الحالة: معرب"
متشابهات,"الكلمة: متشابهات
الصنف الصرفي: اسم فاعل
الجذر: شبه
الحالة: معرب"
فيتبعون,"الكلمة: فيتبعون
الصنف الصرفي: فعل مضارع
الجذر: تبع
الحالة: معرب"
وابتغاء,"الكلمة: وابتغاء
الصنف الصرفي: مصدر
الجذر: ٱبتغ
الحالة: معرب"
والراسخون,"الكلمة: والراسخون
الصنف الصرفي: اسم فاعل
الجذر: رسخ
الحالة: معرب"
كذبوا,"الكلمة: كذبوا
الصنف الصرفي: فعل ماض
الجذر: كذب
الحالة: مبني"
بذنوبهم,"الكلمة: بذنوبهم
الصنف الصرفي: اسم مجرد
الجذر: ذنب
الحالة: معرب"
ستغلبون,"الكلمة: ستغلبون
الصنف الصرفي: IV_PASS
الجذر: غلب
الحالة: معرب"
وتحشرون,"الكلمة: وتحشرون
الصنف الصرفي: IV_PASS
الجذر: حشر
الحالة: معرب"
تقاتل,"الكلمة: تقاتل
الصنف الصرفي: فعل مضارع
الجذر: قتل
الحالة: معرب"
كافرة,"الكلمة: كافرة
الصنف الصرفي: اسم فاعل
الجذر: كفر
الحالة: معرب"
مثليهم,"الكلمة: مثليهم
الصنف الصرفي: اسم مجرد
الجذر: مثل
الحالة: معرب"
بنصره,"الكلمة: بنصره
الصنف الصرفي: مصدر
الجذر: نصر
الحالة: معرب"
لعبرة,"الكلمة: لعبرة
الصنف الصرفي: اسم مجرد
الجذر: عبر
الحالة: معرب"
لأولي,"الكلمة: لأولي
الصنف الصرفي: اسم محسوس
الجذر: ل
الحالة: معرب"
الأبصار,"الكلمة: الأبصار
الصنف الصرفي: اسم مجرد
الجذر: بصر
الحالة: معرب"
والبنين,"الكلمة: والبنين
الصنف الصرفي: اسم محسوس
الجذر: NTWS
الحالة: معرب"
والقناطير,"الكلمة: والقناطير
الصنف الصرفي: اسم محسوس
الجذر: قنطر
الحالة: معرب"
المقنطرة,"الكلمة: المقنطرة
الصنف الصرفي: اسم مفعول
الجذر: قنطر
الحالة: معرب"
والفضة,"الكلمة: والفضة
الصنف الصرفي: اسم محسوس
الجذر: فضض
الحالة: معرب"
والأنعام,"الكلمة: والأنعام
الصنف الصرفي: اسم محسوس
الجذر: نعم
الحالة: معرب"
والحرث,"الكلمة: والحرث
الصنف الصرفي: اسم محسوس
الجذر: حرث
الحالة: معرب"
فاغفر,"الكلمة: فاغفر
الصنف الصرفي: فعل أمر
الجذر: غفر
الحالة: مبني"
ذنوبنا,"الكلمة: ذنوبنا
الصنف الصرفي: اسم مجرد
الجذر: ذنب
الحالة: معرب"
والصادقين,"الكلمة: والصادقين
الصنف الصرفي: اسم فاعل
الجذر: صدق
الحالة: معرب"
بالأسحار,"الكلمة: بالأسحار
الصنف الصرفي: اسم مجرد
الجذر: سحر
الحالة: معرب"
وأولو,"الكلمة: وأولو
الصنف الصرفي: اسم محسوس
الجذر: NTWS
الحالة: معرب"
بالقسط,"الكلمة: بالقسط
الصنف الصرفي: مصدر
الجذر: قسط
الحالة: معرب"
الإسلام,"الكلمة: الإسلام
الصنف الصرفي: مصدر
الجذر: سلم
الحالة: معرب"
حاجوك,"الكلمة: حاجوك
الصنف الصرفي: فعل ماض
الجذر: حجج
الحالة: مبني"
اتبعن,"الكلمة: اتبعن
الصنف الصرفي: فعل ماض
الجذر: تبع
الحالة: مبني"
أسلموا,"الكلمة: أسلموا
الصنف الصرفي: فعل ماض
الجذر: سلم
الحالة: مبني"
البلاغ,"الكلمة: البلاغ
الصنف الصرفي: اسم مجرد
الجذر: بلغ
الحالة: معرب"
فبشرهم,"الكلمة: فبشرهم
الصنف الصرفي: فعل أمر
الجذر: بشر
الحالة: مبني"
بعذاب,"الكلمة: بعذاب
الصنف الصرفي: اسم مجرد
الجذر: عذب
الحالة: معرب"
ناصرين,"الكلمة: ناصرين
الصنف الصرفي: اسم فاعل
الجذر: نصر
الحالة: معرب"
نصيبا,"الكلمة: نصيبا
الصنف الصرفي: اسم مجرد
الجذر: نصب
الحالة: معرب"
يدعون,"الكلمة: يدعون
الصنف الصرفي: IV_PASS
الجذر: دعع"
وغرهم,"الكلمة: وغرهم
الصنف الصرفي: فعل ماض
الجذر: غرر
الحالة: مبني"
يفترون,"الكلمة: يفترون
الصنف الصرفي: فعل مضارع
الجذر: فتر"
جمعناهم,"الكلمة: جمعناهم
الصنف الصرفي: فعل ماض
الجذر: جمع
الحالة: مبني"
وتنزع,"الكلمة: وتنزع
الصنف الصرفي: فعل مضارع
الجذر: نزع
الحالة: معرب"
النهار,"الكلمة: النهار
الصنف الصرفي: اسم مجرد
الجذر: نهر
الحالة: معرب"
وتخرج,"الكلمة: وتخرج
الصنف الصرفي: فعل مضارع
الجذر: خرج
الحالة: معرب"
وترزق,"الكلمة: وترزق
الصنف الصرفي: فعل مضارع
الجذر: رزق
الحالة: معرب"
ويحذركم,"الكلمة: ويحذركم
الصنف الصرفي: فعل مضارع
الجذر: حذر
الحالة: معرب"
تخفوا,"الكلمة: تخفوا
الصنف الصرفي: فعل مضارع
الجذر: خفف
الحالة: معرب"
صدوركم,"الكلمة: صدوركم
الصنف الصرفي: اسم مجرد
الجذر: صدر
الحالة: معرب"
تبدوه,"الكلمة: تبدوه
الصنف الصرفي: فعل مضارع
الجذر: بدد
الحالة: معرب"
ويعلم,"الكلمة: ويعلم
الصنف الصرفي: فعل مضارع
الجذر: علم
الحالة: معرب"
محضرا,"الكلمة: محضرا
الصنف الصرفي: اسم مفعول
الجذر: حضر
الحالة: معرب"
بينها,"الكلمة: بينها
الصنف الصرفي: ظرف
الجذر: NTWS
الحالة: معرب"
وبينه,"الكلمة: وبينه
الصنف الصرفي: ظرف
الجذر: NTWS
الحالة: معرب"
أمدا,"الكلمة: أمدا
الصنف الصرفي: ظرف
الجذر: NTWS
الحالة: معرب"
بعيدا,"الكلمة: بعيدا
الصنف الصرفي: صفة نوعية
الجذر: بعد
الحالة: معرب"
تحبون,"الكلمة: تحبون
الصنف الصرفي: فعل مضارع
الجذر: حبب
الحالة: معرب"
فاتبعوني,"الكلمة: فاتبعوني
الصنف الصرفي: فعل أمر
الجذر: تبع
الحالة: مبني"
يحببكم,"الكلمة: يحببكم
الصنف الصرفي: فعل مضارع
الجذر: حبب
الحالة: معرب"
ويغفر,"الكلمة: ويغفر
الصنف الصرفي: فعل مضارع
الجذر: غفر
الحالة: معرب"
ذنوبكم,"الكلمة: ذنوبكم
الصنف الصرفي: اسم مجرد
الجذر: ذنب
الحالة: معرب"
والرسول,"الكلمة: والرسول
الصنف الصرفي: اسم محسوس
الجذر: رسل
الحالة: معرب"
عمران,"الكلمة: عمران
الصنف الصرفي: اسم علم
الجذر: عمر
الحالة: معرب"
بعضها,"الكلمة: بعضها
الصنف الصرفي: اسم مجرد
الجذر: بعض
الحالة: معرب"
امرأة,"الكلمة: امرأة
الصنف الصرفي: اسم محسوس
الجذر: مرر
الحالة: معرب"
بطني,"الكلمة: بطني
الصنف الصرفي: اسم محسوس
الجذر: NTWS
الحالة: معرب"
محررا,"الكلمة: محررا
الصنف الصرفي: اسم مفعول
الجذر: حرر
الحالة: معرب"
فتقبل,"الكلمة: فتقبل
الصنف الصرفي: فعل أمر
الجذر: قبل
الحالة: مبني"
وإني,"الكلمة: وإني
الصنف الصرفي: حرف ناسخ
الجذر: نّ
الحالة: مبني"
بك,"الكلمة: بك
الصنف الصرفي: حرف جر
الجذر: ب
الحالة: مبني"
وذريتها,"الكلمة: وذريتها
الصنف الصرفي: مصدر مهني (اسم مهنة)
الجذر: ذرر
الحالة: معرب"
الرجيم,"الكلمة: الرجيم
الصنف الصرفي: صفة نوعية
الجذر: رجم
الحالة: معرب"
فتقبلها,"الكلمة: فتقبلها
الصنف الصرفي: فعل ماض
الجذر: قبل
الحالة: مبني"
بقبول,"الكلمة: بقبول
الصنف الصرفي: مصدر
الجذر: قبل
الحالة: معرب"
وأنبتها,"الكلمة: وأنبتها
الصنف الصرفي: فعل أمر
الجذر: نبت
الحالة: مبني"
نباتا,"الكلمة: نباتا
الصنف الصرفي: مصدر
الجذر: نبت
الحالة: معرب"
وكفلها,"الكلمة: وكفلها
الصنف الصرفي: فعل ماض
الجذر: كفل
الحالة: مبني"
زكريا,"الكلمة: زكريا
الصنف الصرفي: اسم علم أعجمي
الجذر: NTWS
الحالة: معرب"
المحراب,"الكلمة: المحراب
الصنف الصرفي: اسم محسوس
الجذر: حرب
الحالة: معرب"
عندها,"الكلمة: عندها
الصنف الصرفي: ظرف
الجذر: عند
الحالة: مبني"
مريم,"الكلمة: مريم
الصنف الصرفي: اسم علم أعجمي
الجذر: NTWS
الحالة: مبني"
يبشرك,"الكلمة: يبشرك
الصنف الصرفي: فعل مضارع
الجذر: بشر
الحالة: معرب"
بيحيى,"الكلمة: بيحيى
الصنف الصرفي: اسم علم
الجذر: NTWS
الحالة: معرب"
بكلمة,"الكلمة: بكلمة
الصنف الصرفي: اسم مجرد
الجذر: كلم
الحالة: معرب"
وسيدا,"الكلمة: وسيدا
الصنف الصرفي: صفة نوعية
الجذر: NTWS
الحالة: معرب"
بلغني,"الكلمة: بلغني
الصنف الصرفي: فعل ماض
الجذر: بلغ
الحالة: مبني"
واذكر,"الكلمة: واذكر
الصنف الصرفي: فعل أمر
الجذر: ذكر
الحالة: مبني"
والإبكار,"الكلمة: والإبكار
الصنف الصرفي: مصدر
الجذر: بكر
الحالة: معرب"
اصطفاك,"الكلمة: اصطفاك
الصنف الصرفي: فعل ماض
الجذر: صفف
الحالة: مبني"
وطهرك,"الكلمة: وطهرك
الصنف الصرفي: فعل ماض
الجذر: طهر
الحالة: مبني"
واصطفاك,"الكلمة: واصطفاك
الصنف الصرفي: فعل ماض
الجذر: صفف
الحالة: مبني"
اقنتي,"الكلمة: اقنتي
الصنف الصرفي: فعل أمر
الجذر: قنن
الحالة: مبني"
أقلامهم,"الكلمة: أقلامهم
الصنف الصرفي: اسم محسوس
الجذر: قلم
الحالة: معرب"
أيهم,"الكلمة: أيهم
الصنف الصرفي: أداة استفهام
الجذر: ّهم"
يختصمون,"الكلمة: يختصمون
الصنف الصرفي: فعل مضارع
الجذر: خصم"
المسيح,"الكلمة: المسيح
الصنف الصرفي: اسم محسوس
الجذر: مسح
الحالة: معرب"
المقربين,"الكلمة: المقربين
الصنف الصرفي: اسم مفعول
الجذر: قرب
الحالة: معرب"
ويكلم,"الكلمة: ويكلم
الصنف الصرفي: فعل مضارع
الجذر: كلم
الحالة: معرب"
المهد,"الكلمة: المهد
الصنف الصرفي: مصدر
الجذر: مهد
الحالة: معرب"
وكهلا,"الكلمة: وكهلا
الصنف الصرفي: صفة نوعية
الجذر: كهل
الحالة: معرب"
يمسسني,"الكلمة: يمسسني
الصنف الصرفي: فعل مضارع
الجذر: مسس
الحالة: معرب"
ويعلمه,"الكلمة: ويعلمه
الصنف الصرفي: فعل مضارع
الجذر: علم
الحالة: معرب"
والتوراة,"الكلمة: والتوراة
الصنف الصرفي: اسم علم أعجمي
الجذر: NTWS
الحالة: معرب"
ورسولا,"الكلمة: ورسولا
الصنف الصرفي: اسم محسوس
الجذر: رسل
الحالة: معرب"
أني,"الكلمة: أني
الصنف الصرفي: حرف ناسخ
الجذر: نّ
الحالة: مبني"
بآية,"الكلمة: بآية
الصنف الصرفي: اسم مجرد
الجذر: NTWS
الحالة: معرب"
فأنفخ,"الكلمة: فأنفخ
الصنف الصرفي: فعل مضارع
الجذر: نفخ
الحالة: معرب"
الأكمه,"الكلمة: الأكمه
الصنف الصرفي: صفة نوعية
الجذر: لكم
الحالة: معرب"
والأبرص,"الكلمة: والأبرص
الصنف الصرفي: صفة نوعية
الجذر: برص
الحالة: معرب"
تدخرون,"الكلمة: تدخرون
الصنف الصرفي: فعل مضارع
الجذر: دخر"
ومصدقا,"الكلمة: ومصدقا
الصنف الصرفي: اسم فاعل
الجذر: صدق
الحالة: معرب"
ولأحل,"الكلمة: ولأحل
الصنف الصرفي: فعل مضارع
الجذر: حلل
الحالة: معرب"
أنصاري,"الكلمة: أنصاري
الصنف الصرفي: صفة مبالغة
الجذر: نصر
الحالة: معرب"
وأشهد,"الكلمة: وأشهد
الصنف الصرفي: فعل مضارع
الجذر: شهد
الحالة: مبني"
واتبعنا,"الكلمة: واتبعنا
الصنف الصرفي: فعل ماض
الجذر: تبع
الحالة: مبني"
فاكتبنا,"الكلمة: فاكتبنا
الصنف الصرفي: فعل أمر
الجذر: كتب
الحالة: مبني"
الشاهدين,"الكلمة: الشاهدين
الصنف الصرفي: اسم فاعل
الجذر: شهد
الحالة: معرب"
ومكروا,"الكلمة: ومكروا
الصنف الصرفي: فعل ماض
الجذر: مكر
الحالة: مبني"
الماكرين,"الكلمة: الماكرين
الصنف الصرفي: اسم فاعل
الجذر: مكر
الحالة: معرب"
ورافعك,"الكلمة: ورافعك
الصنف الصرفي: اسم فاعل
الجذر: رفع
الحالة: معرب"
ومطهرك,"الكلمة: ومطهرك
الصنف الصرفي: اسم فاعل
الجذر: طهر
الحالة: معرب"
وجاعل,"الكلمة: وجاعل
الصنف الصرفي: اسم فاعل
الجذر: جعل
الحالة: معرب"
اتبعوك,"الكلمة: اتبعوك
الصنف الصرفي: فعل ماض
الجذر: تبع
الحالة: مبني"
مرجعكم,"الكلمة: مرجعكم
الصنف الصرفي: مصدر ميمي
الجذر: رجع
الحالة: معرب"
فأحكم,"الكلمة: فأحكم
الصنف الصرفي: فعل مضارع
الجذر: حكم
الحالة: معرب"
تختلفون,"الكلمة: تختلفون
الصنف الصرفي: فعل مضارع
الجذر: خلف
الحالة: معرب"
فأعذبهم,"الكلمة: فأعذبهم
الصنف الصرفي: فعل مضارع
الجذر: عذب
الحالة: معرب"
عذابا,"الكلمة: عذابا
الصنف الصرفي: اسم مجرد
الجذر: عذب
الحالة: معرب"
شديدا,"الكلمة: شديدا
الصنف الصرفي: صفة نوعية
الجذر: شدد
الحالة: معرب"
وأنفسنا,"الكلمة: وأنفسنا
الصنف الصرفي: اسم محسوس
الجذر: نفس
الحالة: معرب"
وأنفسكم,"الكلمة: وأنفسكم
الصنف الصرفي: اسم مجرد
الجذر: نفس
الحالة: معرب"
نبتهل,"الكلمة: نبتهل
الصنف الصرفي: فعل مضارع
الجذر: بهل
الحالة: معرب"
فنجعل,"الكلمة: فنجعل
الصنف الصرفي: فعل ماض
الجذر: جعل
الحالة: معرب"
الكاذبين,"الكلمة: الكاذبين
الصنف الصرفي: اسم فاعل
الجذر: كذب
الحالة: معرب"
القصص,"الكلمة: القصص
الصنف الصرفي: اسم مجرد
الجذر: قصص
الحالة: معرب"
بالمفسدين,"الكلمة: بالمفسدين
الصنف الصرفي: اسم فاعل
الجذر: فسد
الحالة: معرب"
بيننا,"الكلمة: بيننا
الصنف الصرفي: اسم مجرد
الجذر: NTWS
الحالة: معرب"
وبينكم,"الكلمة: وبينكم
الصنف الصرفي: ظرف
الجذر: NTWS
الحالة: معرب"
بعضنا,"الكلمة: بعضنا
الصنف الصرفي: اسم مجرد
الجذر: بعض
الحالة: معرب"
أربابا,"الكلمة: أربابا
الصنف الصرفي: اسم محسوس
الجذر: ربب
الحالة: معرب"
اشهدوا,"الكلمة: اشهدوا
الصنف الصرفي: فعل أمر
الجذر: شهد
الحالة: مبني"
تحاجون,"الكلمة: تحاجون
الصنف الصرفي: فعل مضارع
الجذر: حجج"
أنزلت,"الكلمة: أنزلت
الصنف الصرفي: فعل ماض مجهول
الجذر: نزل
الحالة: مبني"
ها,"الكلمة: ها
الصنف الصرفي: غير محدد
الجذر: ه
الحالة: مبني"
حاججتم,"الكلمة: حاججتم
الصنف الصرفي: فعل ماض
الجذر: حجج
الحالة: مبني"
نصرانيا,"الكلمة: نصرانيا
الصنف الصرفي: اسم منسوب
الجذر: نصر
الحالة: معرب"
مسلما,"الكلمة: مسلما
الصنف الصرفي: اسم فاعل
الجذر: سلم
الحالة: معرب"
أولى,"الكلمة: أولى
الصنف الصرفي: صفة نوعية
الجذر: ل
الحالة: معرب"
بإبراهيم,"الكلمة: بإبراهيم
الصنف الصرفي: اسم علم أعجمي
الجذر: NTWS
الحالة: معرب"
اتبعوه,"الكلمة: اتبعوه
الصنف الصرفي: فعل ماض
الجذر: تبع
الحالة: مبني"
وهذا,"الكلمة: وهذا
الصنف الصرفي: اسم إشارة
الجذر: ه"
يضلونكم,"الكلمة: يضلونكم
الصنف الصرفي: فعل مضارع
الجذر: ضلل
الحالة: معرب"
يضلون,"الكلمة: يضلون
الصنف الصرفي: فعل مضارع
الجذر: ضلل"
تلبسون,"الكلمة: تلبسون
الصنف الصرفي: فعل مضارع
الجذر: لبس"
وتكتمون,"الكلمة: وتكتمون
الصنف الصرفي: فعل مضارع
الجذر: كتم
الحالة: معرب"
واكفروا,"الكلمة: واكفروا
الصنف الصرفي: فعل أمر
الجذر: كفر
الحالة: مبني"
يحاجوكم,"الكلمة: يحاجوكم
الصنف الصرفي: فعل مضارع
الجذر: حجج
الحالة: معرب"
بدينار,"الكلمة: بدينار
الصنف الصرفي: اسم عملة
الجذر: دنر
الحالة: معرب"
الكذب,"الكلمة: الكذب
الصنف الصرفي: مصدر
الجذر: كذب
الحالة: معرب"
بعهده,"الكلمة: بعهده
الصنف الصرفي: اسم مجرد
الجذر: عهد
الحالة: معرب"
يشترون,"الكلمة: يشترون
الصنف الصرفي: فعل مضارع
الجذر: شتر"
لفريقا,"الكلمة: لفريقا
الصنف الصرفي: اسم محسوس
الجذر: فرق
الحالة: معرب"
ألسنتهم,"الكلمة: ألسنتهم
الصنف الصرفي: اسم محسوس
الجذر: لسن
الحالة: معرب"
لتحسبوه,"الكلمة: لتحسبوه
الصنف الصرفي: فعل مضارع
الجذر: حسب
الحالة: معرب"
والحكم,"الكلمة: والحكم
الصنف الصرفي: مصدر
الجذر: لحح
الحالة: معرب"
عبادا,"الكلمة: عبادا
الصنف الصرفي: اسم محسوس
الجذر: عبد
الحالة: معرب"
ربانيين,"الكلمة: ربانيين
الصنف الصرفي: اسم منسوب
الجذر: ربب
الحالة: معرب"
وبما,"الكلمة: وبما
الصنف الصرفي: اسم موصول
الجذر: بم
الحالة: مبني"
تدرسون,"الكلمة: تدرسون
الصنف الصرفي: فعل مضارع
الجذر: درس"
بالكفر,"الكلمة: بالكفر
الصنف الصرفي: مصدر
الجذر: كفر
الحالة: معرب"
وحكمة,"الكلمة: وحكمة
الصنف الصرفي: اسم مجرد
الجذر: حكم
الحالة: معرب"
ولتنصرنه,"الكلمة: ولتنصرنه
الصنف الصرفي: فعل مضارع
الجذر: نصر
الحالة: معرب"
أقررنا,"الكلمة: أقررنا
الصنف الصرفي: فعل ماض
الجذر: قرر
الحالة: مبني"
فاشهدوا,"الكلمة: فاشهدوا
الصنف الصرفي: فعل أمر
الجذر: شهد
الحالة: مبني"
وكرها,"الكلمة: وكرها
الصنف الصرفي: مصدر
الجذر: كرر
الحالة: معرب"
دينا,"الكلمة: دينا
الصنف الصرفي: اسم مجرد
الجذر: NTWS
الحالة: معرب"
وشهدوا,"الكلمة: وشهدوا
الصنف الصرفي: فعل ماض
الجذر: شهد
الحالة: مبني"
بالتوراة,"الكلمة: بالتوراة
الصنف الصرفي: اسم علم أعجمي
الجذر: NTWS
الحالة: معرب"
فاتبعوا,"الكلمة: فاتبعوا
الصنف الصرفي: فعل أمر
الجذر: تبع
الحالة: مبني"
ببكة,"الكلمة: ببكة
الصنف الصرفي: اسم علم
الجذر: NTWS
الحالة: معرب"
مباركا,"الكلمة: مباركا
الصنف الصرفي: اسم مفعول
الجذر: برك
الحالة: معرب"
للعالمين,"الكلمة: للعالمين
الصنف الصرفي: اسم مجرد
الجذر: علم
الحالة: معرب"
سبيلا,"الكلمة: سبيلا
الصنف الصرفي: اسم مجرد
الجذر: سبل
الحالة: معرب"
تصدون,"الكلمة: تصدون
الصنف الصرفي: فعل مضارع
الجذر: صدد"
كافرين,"الكلمة: كافرين
الصنف الصرفي: اسم فاعل
الجذر: كفر
الحالة: معرب"
رسوله,"الكلمة: رسوله
الصنف الصرفي: اسم محسوس
الجذر: رسل
الحالة: معرب"
يعتصم,"الكلمة: يعتصم
الصنف الصرفي: فعل مضارع
الجذر: عصم
الحالة: معرب"
واعتصموا,"الكلمة: واعتصموا
الصنف الصرفي: فعل أمر
الجذر: عصم
الحالة: مبني"
تفرقوا,"الكلمة: تفرقوا
الصنف الصرفي: فعل مضارع
الجذر: فرق
الحالة: معرب"
فأصبحتم,"الكلمة: فأصبحتم
الصنف الصرفي: فعل ماض
الجذر: صبح
الحالة: مبني"
بنعمته,"الكلمة: بنعمته
الصنف الصرفي: اسم مجرد
الجذر: نعم
الحالة: معرب"
فأنقذكم,"الكلمة: فأنقذكم
الصنف الصرفي: فعل ماض
الجذر: نقذ
الحالة: مبني"
ولتكن,"الكلمة: ولتكن
الصنف الصرفي: فعل مضارع
الجذر: لتت
الحالة: معرب"
المنكر,"الكلمة: المنكر
الصنف الصرفي: اسم مفعول
الجذر: نكر
الحالة: معرب"
تفرقوا,"الكلمة: تفرقوا
الصنف الصرفي: فعل مضارع
الجذر: فرق
الحالة: مبني"
واختلفوا,"الكلمة: واختلفوا
الصنف الصرفي: فعل ماض
الجذر: خلف
الحالة: مبني"
أكفرتم,"الكلمة: أكفرتم
الصنف الصرفي: فعل ماض
الجذر: كفر
الحالة: مبني"
أخرجت,"الكلمة: أخرجت
الصنف الصرفي: فعل ماض مجهول
الجذر: خرج
الحالة: مبني"
لكان,"الكلمة: لكان
الصنف الصرفي: فعل غير متصرف
الجذر: لكّ
الحالة: مبني"
وأكثرهم,"الكلمة: وأكثرهم
الصنف الصرفي: صفة مقارنة
الجذر: كثر
الحالة: معرب"
يضروكم,"الكلمة: يضروكم
الصنف الصرفي: فعل مضارع
الجذر: ضرر
الحالة: معرب"
الأدبار,"الكلمة: الأدبار
الصنف الصرفي: اسم مجرد
الجذر: دبر
الحالة: معرب"
ثقفوا,"الكلمة: ثقفوا
الصنف الصرفي: فعل ماض مجهول
الجذر: ثقف
الحالة: مبني"
المسكنة,"الكلمة: المسكنة
الصنف الصرفي: مصدر ميمي
الجذر: سكن
الحالة: معرب"
ليسوا,"الكلمة: ليسوا
الصنف الصرفي: فعل غير متصرف
الجذر: لس
الحالة: مبني"
آناء,"الكلمة: آناء
الصنف الصرفي: اسم مجرد
الجذر: ن
الحالة: معرب"
يسجدون,"الكلمة: يسجدون
الصنف الصرفي: فعل مضارع
الجذر: سجد"
ويسارعون,"الكلمة: ويسارعون
الصنف الصرفي: فعل مضارع
الجذر: سرع
الحالة: معرب"
يفعلوا,"الكلمة: يفعلوا
الصنف الصرفي: فعل مضارع
الجذر: فعل
الحالة: معرب"
يكفروه,"الكلمة: يكفروه
الصنف الصرفي: IV_PASS
الجذر: كفر
الحالة: معرب"
فأهلكته,"الكلمة: فأهلكته
الصنف الصرفي: فعل ماض
الجذر: هلك
الحالة: مبني"
ظلمهم,"الكلمة: ظلمهم
الصنف الصرفي: فعل ماض
الجذر: ظلم
الحالة: مبني"
بطانة,"الكلمة: بطانة
الصنف الصرفي: مصدر
الجذر: بطن
الحالة: معرب"
دونكم,"الكلمة: دونكم
الصنف الصرفي: اسم مجرد
الجذر: دن
الحالة: معرب"
البغضاء,"الكلمة: البغضاء
الصنف الصرفي: اسم مجرد
الجذر: بغض
الحالة: معرب"
صدورهم,"الكلمة: صدورهم
الصنف الصرفي: اسم مجرد
الجذر: صدر
الحالة: معرب"
تحبونهم,"الكلمة: تحبونهم
الصنف الصرفي: فعل مضارع
الجذر: حبب
الحالة: معرب"
يحبونكم,"الكلمة: يحبونكم
الصنف الصرفي: فعل مضارع
الجذر: حبب
الحالة: معرب"
الأنامل,"الكلمة: الأنامل
الصنف الصرفي: اسم محسوس
الجذر: نمل
الحالة: معرب"
بذات,"الكلمة: بذات
الصنف الصرفي: اسم مجرد
الجذر: NTWS
الحالة: معرب"
الصدور,"الكلمة: الصدور
الصنف الصرفي: اسم محسوس
الجذر: صدر
الحالة: معرب"
تمسسكم,"الكلمة: تمسسكم
الصنف الصرفي: فعل مضارع
الجذر: مسس
الحالة: مبني"
تصبكم,"الكلمة: تصبكم
الصنف الصرفي: فعل مضارع
الجذر: صبب
الحالة: معرب"
يفرحوا,"الكلمة: يفرحوا
الصنف الصرفي: فعل مضارع
الجذر: فرح
الحالة: معرب"
تصبروا,"الكلمة: تصبروا
الصنف الصرفي: فعل مضارع
الجذر: صبر
الحالة: معرب"
يضركم,"الكلمة: يضركم
الصنف الصرفي: فعل مضارع
الجذر: ضرر
الحالة: معرب"
مقاعد,"الكلمة: مقاعد
الصنف الصرفي: اسم زمان أو مكان
الجذر: قعد
الحالة: معرب"
تفشلا,"الكلمة: تفشلا
الصنف الصرفي: فعل مضارع
الجذر: فشل
الحالة: معرب"
وليهما,"الكلمة: وليهما
الصنف الصرفي: اسم محسوس
الجذر: همم
الحالة: معرب"
نصركم,"الكلمة: نصركم
الصنف الصرفي: فعل ماض
الجذر: نصر
الحالة: مبني"
يمدكم,"الكلمة: يمدكم
الصنف الصرفي: فعل مضارع
الجذر: مدد
الحالة: معرب"
آلاف,"الكلمة: آلاف
الصنف الصرفي: اسم عدد
الجذر: NTWS
الحالة: معرب"
منزلين,"الكلمة: منزلين
الصنف الصرفي: اسم مفعول
الجذر: نزل
الحالة: معرب"
فورهم,"الكلمة: فورهم
الصنف الصرفي: اسم مجرد
الجذر: فر
الحالة: معرب"
يمددكم,"الكلمة: يمددكم
الصنف الصرفي: فعل مضارع
الجذر: مدد
الحالة: معرب"
ولتطمئن,"الكلمة: ولتطمئن
الصنف الصرفي: فعل مضارع
الجذر: طمن
الحالة: معرب"
النصر,"الكلمة: النصر
الصنف الصرفي: مصدر
الجذر: نصر
الحالة: معرب"
ليقطع,"الكلمة: ليقطع
الصنف الصرفي: فعل مضارع
الجذر: قطع
الحالة: معرب"
يكبتهم,"الكلمة: يكبتهم
الصنف الصرفي: فعل مضارع
الجذر: كبت
الحالة: معرب"
فينقلبوا,"الكلمة: فينقلبوا
الصنف الصرفي: فعل مضارع
الجذر: قلب
الحالة: معرب"
يعذبهم,"الكلمة: يعذبهم
الصنف الصرفي: فعل مضارع
الجذر: عذب
الحالة: معرب"
فإنهم,"الكلمة: فإنهم
الصنف الصرفي: حرف ناسخ
الجذر: نهم
الحالة: مبني"
ترحمون,"الكلمة: ترحمون
الصنف الصرفي: IV_PASS
الجذر: رحم"
وسارعوا,"الكلمة: وسارعوا
الصنف الصرفي: فعل أمر
الجذر: سرع
الحالة: مبني"
السراء,"الكلمة: السراء
الصنف الصرفي: اسم مجرد
الجذر: سرر
الحالة: معرب"
فعلوا,"الكلمة: فعلوا
الصنف الصرفي: فعل ماض
الجذر: فعل
الحالة: مبني"
فاحشة,"الكلمة: فاحشة
الصنف الصرفي: اسم مجرد
الجذر: فحش
الحالة: معرب"
ذكروا,"الكلمة: ذكروا
الصنف الصرفي: فعل ماض
الجذر: ذكر
الحالة: مبني"
فاستغفروا,"الكلمة: فاستغفروا
الصنف الصرفي: فعل ماض
الجذر: غفر
الحالة: مبني"
لذنوبهم,"الكلمة: لذنوبهم
الصنف الصرفي: اسم مجرد
الجذر: ذنب
الحالة: معرب"
الذنوب,"الكلمة: الذنوب
الصنف الصرفي: اسم مجرد
الجذر: ذنب
الحالة: معرب"
يصروا,"الكلمة: يصروا
الصنف الصرفي: فعل مضارع
الجذر: صرر
الحالة: معرب"
وجنات,"الكلمة: وجنات
الصنف الصرفي: اسم محسوس
الجذر: جنن
الحالة: معرب"
العاملين,"الكلمة: العاملين
الصنف الصرفي: اسم فاعل
الجذر: عمل
الحالة: معرب"
فانظروا,"الكلمة: فانظروا
الصنف الصرفي: فعل أمر
الجذر: نظر
الحالة: مبني"
تهنوا,"الكلمة: تهنوا
الصنف الصرفي: فعل مضارع
الجذر: هنن
الحالة: معرب"
تحزنوا,"الكلمة: تحزنوا
الصنف الصرفي: فعل مضارع
الجذر: حزن
الحالة: معرب"
يمسسكم,"الكلمة: يمسسكم
الصنف الصرفي: فعل مضارع
الجذر: مسس
الحالة: معرب"
وليعلم,"الكلمة: وليعلم
الصنف الصرفي: فعل مضارع
الجذر: علم
الحالة: معرب"
وليمحص,"الكلمة: وليمحص
الصنف الصرفي: فعل مضارع
الجذر: محص
الحالة: معرب"
ويمحق,"الكلمة: ويمحق
الصنف الصرفي: فعل مضارع
الجذر: محق
الحالة: معرب"
جاهدوا,"الكلمة: جاهدوا
الصنف الصرفي: فعل ماض
الجذر: جهد
الحالة: مبني"
أفإن,"الكلمة: أفإن
الصنف الصرفي: أداة شرط
الجذر: NTWS
الحالة: مبني"
انقلبتم,"الكلمة: انقلبتم
الصنف الصرفي: فعل ماض
الجذر: قلب
الحالة: مبني"
أعقابكم,"الكلمة: أعقابكم
الصنف الصرفي: اسم محسوس
الجذر: عقب
الحالة: معرب"
الشاكرين,"الكلمة: الشاكرين
الصنف الصرفي: اسم فاعل
الجذر: شكر
الحالة: معرب"
كتابا,"الكلمة: كتابا
الصنف الصرفي: اسم محسوس
الجذر: كتب
الحالة: معرب"
وهنوا,"الكلمة: وهنوا
الصنف الصرفي: فعل ماض
الجذر: هنن
الحالة: مبني"
ضعفوا,"الكلمة: ضعفوا
الصنف الصرفي: فعل ماض
الجذر: ضعف
الحالة: مبني"
وإسرافنا,"الكلمة: وإسرافنا
الصنف الصرفي: مصدر
الجذر: سرف
الحالة: معرب"
أمرنا,"الكلمة: أمرنا
الصنف الصرفي: اسم مجرد
الجذر: مرر
الحالة: معرب"
فتنقلبوا,"الكلمة: فتنقلبوا
الصنف الصرفي: فعل مضارع
الجذر: قلب
الحالة: معرب"
خاسرين,"الكلمة: خاسرين
الصنف الصرفي: اسم فاعل
الجذر: خسر
الحالة: معرب"
الناصرين,"الكلمة: الناصرين
الصنف الصرفي: اسم فاعل
الجذر: نصر
الحالة: معرب"
سلطانا,"الكلمة: سلطانا
الصنف الصرفي: اسم مجرد
الجذر: سلط
الحالة: معرب"
صدقكم,"الكلمة: صدقكم
الصنف الصرفي: فعل ماض
الجذر: صدق
الحالة: مبني"
تحسونهم,"الكلمة: تحسونهم
الصنف الصرفي: فعل مضارع
الجذر: حسس
الحالة: معرب"
فشلتم,"الكلمة: فشلتم
الصنف الصرفي: فعل ماض
الجذر: فشل
الحالة: مبني"
وتنازعتم,"الكلمة: وتنازعتم
الصنف الصرفي: فعل ماض
الجذر: نزع
الحالة: مبني"
أراكم,"الكلمة: أراكم
الصنف الصرفي: فعل ماض
الجذر: ركم
الحالة: مبني"
ومنكم,"الكلمة: ومنكم
الصنف الصرفي: حرف جر
الجذر: من
الحالة: مبني"
صرفكم,"الكلمة: صرفكم
الصنف الصرفي: فعل ماض
الجذر: صرف
الحالة: مبني"
تصعدون,"الكلمة: تصعدون
الصنف الصرفي: فعل مضارع
الجذر: صعد"
يدعوكم,"الكلمة: يدعوكم
الصنف الصرفي: فعل مضارع
الجذر: دعع
الحالة: معرب"
لكيلا,"الكلمة: لكيلا
الصنف الصرفي: حرف نصب
الجذر: لكل
الحالة: مبني"
نعاسا,"الكلمة: نعاسا
الصنف الصرفي: مصدر
الجذر: نعس
الحالة: معرب"
أهمتهم,"الكلمة: أهمتهم
الصنف الصرفي: فعل ماض
الجذر: همم
الحالة: مبني"
الجاهلية,"الكلمة: الجاهلية
الصنف الصرفي: اسم منسوب
الجذر: جهل
الحالة: معرب"
يخفون,"الكلمة: يخفون
الصنف الصرفي: فعل مضارع
الجذر: خفف"
يبدون,"الكلمة: يبدون
الصنف الصرفي: فعل مضارع
الجذر: بدد"
قتلنا,"الكلمة: قتلنا
الصنف الصرفي: فعل ماض مجهول
الجذر: قتل
الحالة: مبني"
مضاجعهم,"الكلمة: مضاجعهم
الصنف الصرفي: اسم زمان أو مكان
الجذر: ضجع
الحالة: معرب"
الجمعان,"الكلمة: الجمعان
الصنف الصرفي: اسم محسوس
الجذر: جمع
الحالة: معرب"
ضربوا,"الكلمة: ضربوا
الصنف الصرفي: فعل ماض
الجذر: ضرب
الحالة: مبني"
عندنا,"الكلمة: عندنا
الصنف الصرفي: ظرف
الجذر: عند
الحالة: مبني"
قتلوا,"الكلمة: قتلوا
الصنف الصرفي: فعل ماض مجهول
الجذر: قتل
الحالة: مبني"
ليجعل,"الكلمة: ليجعل
الصنف الصرفي: فعل مضارع
الجذر: جعل
الحالة: معرب"
قتلتم,"الكلمة: قتلتم
الصنف الصرفي: فعل ماض مجهول
الجذر: قتل
الحالة: مبني"
لمغفرة,"الكلمة: لمغفرة
الصنف الصرفي: مصدر ميمي
الجذر: غفر
الحالة: معرب"
يجمعون,"الكلمة: يجمعون
الصنف الصرفي: فعل مضارع
الجذر: جمع"
فبما,"الكلمة: فبما
الصنف الصرفي: غير محدد
الجذر: بم
الحالة: مبني"
القلب,"الكلمة: القلب
الصنف الصرفي: اسم محسوس
الجذر: قلب
الحالة: معرب"
لانفضوا,"الكلمة: لانفضوا
الصنف الصرفي: فعل ماض
الجذر: فضض
الحالة: مبني"
حولك,"الكلمة: حولك
الصنف الصرفي: اسم مجرد
الجذر: حل
الحالة: معرب"
واستغفر,"الكلمة: واستغفر
الصنف الصرفي: فعل أمر
الجذر: غفر
الحالة: مبني"
ينصركم,"الكلمة: ينصركم
الصنف الصرفي: فعل مضارع
الجذر: نصر
الحالة: معرب"
يخذلكم,"الكلمة: يخذلكم
الصنف الصرفي: فعل مضارع
الجذر: خذل
الحالة: معرب"
كمن,"الكلمة: كمن
الصنف الصرفي: اسم موصول
الجذر: من"
لقد,"الكلمة: لقد
الصنف الصرفي: أداة تحقيق
الجذر: قد
الحالة: مبني"
مثليها,"الكلمة: مثليها
الصنف الصرفي: اسم مجرد
الجذر: مثل
الحالة: معرب"
نافقوا,"الكلمة: نافقوا
الصنف الصرفي: فعل ماض
الجذر: نفق
الحالة: مبني"
قاتلوا,"الكلمة: قاتلوا
الصنف الصرفي: فعل أمر
الجذر: قتل
الحالة: مبني"
قتالا,"الكلمة: قتالا
الصنف الصرفي: مصدر
الجذر: قتل
الحالة: معرب"
لاتبعناكم,"الكلمة: لاتبعناكم
الصنف الصرفي: فعل ماض
الجذر: تبع
الحالة: مبني"
وقعدوا,"الكلمة: وقعدوا
الصنف الصرفي: فعل ماض
الجذر: قعد
الحالة: مبني"
تحسبن,"الكلمة: تحسبن
الصنف الصرفي: فعل مضارع
الجذر: حسب
الحالة: مبني"
يرزقون,"الكلمة: يرزقون
الصنف الصرفي: IV_PASS
الجذر: رزق"
ويستبشرون,"الكلمة: ويستبشرون
الصنف الصرفي: فعل مضارع
الجذر: بشر
الحالة: معرب"
يلحقوا,"الكلمة: يلحقوا
الصنف الصرفي: فعل مضارع
الجذر: لحق
الحالة: معرب"
خلفهم,"الكلمة: خلفهم
الصنف الصرفي: اسم مجرد
الجذر: خلف
الحالة: معرب"
يستبشرون,"الكلمة: يستبشرون
الصنف الصرفي: فعل مضارع
الجذر: بشر
الحالة: معرب"
القرح,"الكلمة: القرح
الصنف الصرفي: اسم مجرد
الجذر: قرح
الحالة: معرب"
أحسنوا,"الكلمة: أحسنوا
الصنف الصرفي: فعل ماض
الجذر: حسن
الحالة: مبني"
جمعوا,"الكلمة: جمعوا
الصنف الصرفي: فعل ماض
الجذر: جمع
الحالة: مبني"
حسبنا,"الكلمة: حسبنا
الصنف الصرفي: مصدر
الجذر: حسب
الحالة: معرب"
فانقلبوا,"الكلمة: فانقلبوا
الصنف الصرفي: فعل ماض
الجذر: قلب
الحالة: مبني"
يمسسهم,"الكلمة: يمسسهم
الصنف الصرفي: فعل مضارع
الجذر: مسس
الحالة: معرب"
يحزنك,"الكلمة: يحزنك
الصنف الصرفي: فعل مضارع
الجذر: حزن
الحالة: معرب"
يسارعون,"الكلمة: يسارعون
الصنف الصرفي: فعل مضارع
الجذر: سرع"
يضروا,"الكلمة: يضروا
الصنف الصرفي: فعل مضارع
الجذر: ضرر
الحالة: معرب"
يحسبن,"الكلمة: يحسبن
الصنف الصرفي: فعل مضارع
الجذر: حسب
الحالة: مبني"
لأنفسهم,"الكلمة: لأنفسهم
الصنف الصرفي: اسم مجرد
الجذر: نفس
الحالة: معرب"
ليطلعكم,"الكلمة: ليطلعكم
الصنف الصرفي: فعل مضارع
الجذر: طلع
الحالة: معرب"
يبخلون,"الكلمة: يبخلون
الصنف الصرفي: فعل مضارع
الجذر: بخل"
بخلوا,"الكلمة: بخلوا
الصنف الصرفي: فعل ماض
الجذر: بخل
الحالة: مبني"
سنكتب,"الكلمة: سنكتب
الصنف الصرفي: فعل مضارع
الجذر: كتب
الحالة: معرب"
وقتلهم,"الكلمة: وقتلهم
الصنف الصرفي: مصدر
الجذر: قتل
الحالة: معرب"
ونقول,"الكلمة: ونقول
الصنف الصرفي: فعل مضارع
الجذر: نقل
الحالة: معرب"
بظلام,"الكلمة: بظلام
الصنف الصرفي: صفة مبالغة
الجذر: ظلم
الحالة: معرب"
للعبيد,"الكلمة: للعبيد
الصنف الصرفي: اسم محسوس
الجذر: عبد
الحالة: معرب"
لرسول,"الكلمة: لرسول
الصنف الصرفي: اسم محسوس
الجذر: رسل
الحالة: معرب"
بقربان,"الكلمة: بقربان
الصنف الصرفي: اسم محسوس
الجذر: قرب
الحالة: معرب"
قتلتموهم,"الكلمة: قتلتموهم
الصنف الصرفي: فعل ماض
الجذر: قتل
الحالة: مبني"
كذبوك,"الكلمة: كذبوك
الصنف الصرفي: فعل ماض
الجذر: كذب
الحالة: مبني"
والزبر,"الكلمة: والزبر
الصنف الصرفي: اسم علم
الجذر: زبر
الحالة: معرب"
وأدخل,"الكلمة: وأدخل
الصنف الصرفي: فعل ماض مجهول
الجذر: دخل
الحالة: مبني"
ولتسمعن,"الكلمة: ولتسمعن
الصنف الصرفي: فعل مضارع
الجذر: سمع
الحالة: مبني"
تكتمونه,"الكلمة: تكتمونه
الصنف الصرفي: فعل مضارع
الجذر: كتم
الحالة: معرب"
فنبذوه,"الكلمة: فنبذوه
الصنف الصرفي: فعل ماض
الجذر: نبذ
الحالة: مبني"
يفرحون,"الكلمة: يفرحون
الصنف الصرفي: فعل مضارع
الجذر: فرح"
ويحبون,"الكلمة: ويحبون
الصنف الصرفي: فعل مضارع
الجذر: حبب
الحالة: معرب"
يحمدوا,"الكلمة: يحمدوا
الصنف الصرفي: IV_PASS
الجذر: حمد
الحالة: معرب"
تحسبنهم,"الكلمة: تحسبنهم
الصنف الصرفي: فعل مضارع
الجذر: حسب
الحالة: مبني"
يذكرون,"الكلمة: يذكرون
الصنف الصرفي: فعل مضارع
الجذر: ذكر
الحالة: معرب"
وقعودا,"الكلمة: وقعودا
الصنف الصرفي: مصدر
الجذر: قعد
الحالة: معرب"
جنوبهم,"الكلمة: جنوبهم
الصنف الصرفي: اسم محسوس
الجذر: جنب
الحالة: معرب"
ويتفكرون,"الكلمة: ويتفكرون
الصنف الصرفي: فعل مضارع
الجذر: فكر
الحالة: معرب"
باطلا,"الكلمة: باطلا
الصنف الصرفي: اسم فاعل
الجذر: بطل
الحالة: معرب"
بربكم,"الكلمة: بربكم
الصنف الصرفي: اسم محسوس
الجذر: ربب
الحالة: معرب"
الأبرار,"الكلمة: الأبرار
الصنف الصرفي: اسم فاعل
الجذر: برر
الحالة: معرب"
وآتنا,"الكلمة: وآتنا
الصنف الصرفي: فعل أمر
الجذر: NTWS
الحالة: مبني"
وعدتنا,"الكلمة: وعدتنا
الصنف الصرفي: فعل ماض
الجذر: عدد
الحالة: مبني"
تخزنا,"الكلمة: تخزنا
الصنف الصرفي: فعل مضارع
الجذر: خزز
الحالة: معرب"
وأخرجوا,"الكلمة: وأخرجوا
الصنف الصرفي: فعل ماض مجهول
الجذر: خرج
الحالة: مبني"
سبيلي,"الكلمة: سبيلي
الصنف الصرفي: اسم مجرد
الجذر: سبل
الحالة: معرب"
وقاتلوا,"الكلمة: وقاتلوا
الصنف الصرفي: فعل ماض
الجذر: قتل
الحالة: مبني"
وقتلوا,"الكلمة: وقتلوا
الصنف الصرفي: فعل ماض مجهول
الجذر: قتل
الحالة: مبني"
لأكفرن,"الكلمة: لأكفرن
الصنف الصرفي: فعل مضارع
الجذر: كفر
الحالة: مبني"
لكن,"الكلمة: لكن
الصنف الصرفي: حرف ناسخ
الجذر: ل
الحالة: مبني"
خاشعين,"الكلمة: خاشعين
الصنف الصرفي: اسم فاعل
الجذر: خشع
الحالة: معرب"
وصابروا,"الكلمة: وصابروا
الصنف الصرفي: فعل أمر
الجذر: صبر
الحالة: مبني"
ورابطوا,"الكلمة: ورابطوا
الصنف الصرفي: فعل أمر
الجذر: ربط
الحالة: مبني"
رجالا,"الكلمة: رجالا
الصنف الصرفي: اسم محسوس
الجذر: رجل
الحالة: معرب"
والأرحام,"الكلمة: والأرحام
الصنف الصرفي: اسم محسوس
الجذر: رحم
الحالة: معرب"
رقيبا,"الكلمة: رقيبا
الصنف الصرفي: صفة نوعية
الجذر: رقب
الحالة: معرب"
تتبدلوا,"الكلمة: تتبدلوا
الصنف الصرفي: فعل مضارع
الجذر: بدل
الحالة: معرب"
تقسطوا,"الكلمة: تقسطوا
الصنف الصرفي: فعل مضارع
الجذر: قسط
الحالة: معرب"
فانكحوا,"الكلمة: فانكحوا
الصنف الصرفي: فعل أمر
الجذر: نكح
الحالة: مبني"
وثلاث,"الكلمة: وثلاث
الصنف الصرفي: اسم عدد
الجذر: ثلث
الحالة: معرب"
ورباع,"الكلمة: ورباع
الصنف الصرفي: اسم عدد
الجذر: ربع
الحالة: معرب"
تعدلوا,"الكلمة: تعدلوا
الصنف الصرفي: فعل مضارع
الجذر: عدل
الحالة: معرب"
صدقاتهن,"الكلمة: صدقاتهن
الصنف الصرفي: اسم مجرد
الجذر: صدق
الحالة: معرب"
وابتلوا,"الكلمة: وابتلوا
الصنف الصرفي: فعل أمر
الجذر: بلل
الحالة: مبني"
بلغوا,"الكلمة: بلغوا
الصنف الصرفي: فعل ماض
الجذر: بلغ
الحالة: مبني"
إسرافا,"الكلمة: إسرافا
الصنف الصرفي: مصدر
الجذر: سرف
الحالة: معرب"
وبدارا,"الكلمة: وبدارا
الصنف الصرفي: مصدر
الجذر: بدر
الحالة: معرب"
يكبروا,"الكلمة: يكبروا
الصنف الصرفي: فعل مضارع
الجذر: كبر
الحالة: معرب"
فقيرا,"الكلمة: فقيرا
الصنف الصرفي: صفة نوعية
الجذر: فقر
الحالة: معرب"
دفعتم,"الكلمة: دفعتم
الصنف الصرفي: فعل ماض
الجذر: دفع
الحالة: مبني"
فأشهدوا,"الكلمة: فأشهدوا
الصنف الصرفي: فعل أمر
الجذر: شهد
الحالة: مبني"
حسيبا,"الكلمة: حسيبا
الصنف الصرفي: صفة نوعية
الجذر: حسب
الحالة: معرب"
والأقربون,"الكلمة: والأقربون
الصنف الصرفي: صفة مقارنة
الجذر: قرب
الحالة: معرب"
مفروضا,"الكلمة: مفروضا
الصنف الصرفي: اسم مفعول
الجذر: فرض
الحالة: معرب"
القسمة,"الكلمة: القسمة
الصنف الصرفي: مصدر
الجذر: قسم
الحالة: معرب"
وليخش,"الكلمة: وليخش
الصنف الصرفي: فعل مضارع
الجذر: خشش
الحالة: معرب"
تركوا,"الكلمة: تركوا
الصنف الصرفي: فعل ماض
الجذر: ترك
الحالة: مبني"
ضعافا,"الكلمة: ضعافا
الصنف الصرفي: صفة نوعية
الجذر: ضعف
الحالة: معرب"
سديدا,"الكلمة: سديدا
الصنف الصرفي: صفة نوعية
الجذر: سدد
الحالة: معرب"
سعيرا,"الكلمة: سعيرا
الصنف الصرفي: اسم محسوس
الجذر: سعر
الحالة: معرب"
اثنتين,"الكلمة: اثنتين
الصنف الصرفي: اسم عدد
الجذر: ٱثنتن
الحالة: معرب"
فلهن,"الكلمة: فلهن
الصنف الصرفي: ضمير
الجذر: ل"
ثلثا,"الكلمة: ثلثا
الصنف الصرفي: اسم مجرد
الجذر: ثلث
الحالة: معرب"
فلها,"الكلمة: فلها
الصنف الصرفي: حرف جر
الجذر: ل
الحالة: مبني"
النصف,"الكلمة: النصف
الصنف الصرفي: اسم مجرد
الجذر: نصف
الحالة: معرب"
السدس,"الكلمة: السدس
الصنف الصرفي: اسم مجرد
الجذر: سدس
الحالة: معرب"
فلأمه,"الكلمة: فلأمه
الصنف الصرفي: اسم محسوس
الجذر: NTWS
الحالة: معرب"
الثلث,"الكلمة: الثلث
الصنف الصرفي: اسم عدد
الجذر: ثلث
الحالة: معرب"
تدرون,"الكلمة: تدرون
الصنف الصرفي: فعل مضارع
الجذر: درر"
عليما,"الكلمة: عليما
الصنف الصرفي: صفة مبالغة
الجذر: علم
الحالة: معرب"
حكيما,"الكلمة: حكيما
الصنف الصرفي: صفة نوعية
الجذر: حكم
الحالة: معرب"
تركتم,"الكلمة: تركتم
الصنف الصرفي: فعل ماض
الجذر: ترك
الحالة: مبني"
كلالة,"الكلمة: كلالة
الصنف الصرفي: مصدر
الجذر: كلل
الحالة: معرب"
يدخله,"الكلمة: يدخله
الصنف الصرفي: فعل مضارع
الجذر: دخل
الحالة: معرب"
حدوده,"الكلمة: حدوده
الصنف الصرفي: اسم مجرد
الجذر: حدد
الحالة: معرب"
خالدا,"الكلمة: خالدا
الصنف الصرفي: اسم فاعل
الجذر: خلد
الحالة: معرب"
الفاحشة,"الكلمة: الفاحشة
الصنف الصرفي: اسم مجرد
الجذر: فحش
الحالة: معرب"
فاستشهدوا,"الكلمة: فاستشهدوا
الصنف الصرفي: فعل أمر
الجذر: شهد
الحالة: مبني"
شهدوا,"الكلمة: شهدوا
الصنف الصرفي: فعل ماض
الجذر: شهد
الحالة: مبني"
وأصلحا,"الكلمة: وأصلحا
الصنف الصرفي: فعل ماض
الجذر: صلح
الحالة: مبني"
فأعرضوا,"الكلمة: فأعرضوا
الصنف الصرفي: فعل ماض
الجذر: عرض
الحالة: مبني"
عنهما,"الكلمة: عنهما
الصنف الصرفي: حرف جر
الجذر: عن
الحالة: مبني"
رحيما,"الكلمة: رحيما
الصنف الصرفي: صفة نوعية
الجذر: رحم
الحالة: معرب"
بجهالة,"الكلمة: بجهالة
الصنف الصرفي: مصدر
الجذر: جهل
الحالة: معرب"
وليست,"الكلمة: وليست
الصنف الصرفي: فعل غير متصرف
الجذر: لست
الحالة: مبني"
اعتدنا,"الكلمة: اعتدنا
الصنف الصرفي: فعل ماض
الجذر: عدد
الحالة: مبني"
ترثوا,"الكلمة: ترثوا
الصنف الصرفي: فعل مضارع
الجذر: رثث
الحالة: معرب"
لتذهبوا,"الكلمة: لتذهبوا
الصنف الصرفي: فعل مضارع
الجذر: ذهب
الحالة: معرب"
بفاحشة,"الكلمة: بفاحشة
الصنف الصرفي: اسم مجرد
الجذر: فحش
الحالة: معرب"
وعاشروهن,"الكلمة: وعاشروهن
الصنف الصرفي: فعل أمر
الجذر: عشر
الحالة: مبني"
كرهتموهن,"الكلمة: كرهتموهن
الصنف الصرفي: فعل ماض
الجذر: كره
الحالة: مبني"
ويجعل,"الكلمة: ويجعل
الصنف الصرفي: فعل مضارع
الجذر: جعل
الحالة: معرب"
إحداهن,"الكلمة: إحداهن
الصنف الصرفي: اسم عدد
الجذر: حدد
الحالة: معرب"
بهتانا,"الكلمة: بهتانا
الصنف الصرفي: مصدر
الجذر: بهت
الحالة: معرب"
غليظا,"الكلمة: غليظا
الصنف الصرفي: صفة نوعية
الجذر: غلظ
الحالة: معرب"
ومقتا,"الكلمة: ومقتا
الصنف الصرفي: مصدر
الجذر: مقت
الحالة: معرب"
وبناتكم,"الكلمة: وبناتكم
الصنف الصرفي: اسم محسوس
الجذر: بنت
الحالة: معرب"
وبنات,"الكلمة: وبنات
الصنف الصرفي: اسم محسوس
الجذر: بنت
الحالة: معرب"
أرضعنكم,"الكلمة: أرضعنكم
الصنف الصرفي: فعل ماض
الجذر: رضع
الحالة: مبني"
دخلتم,"الكلمة: دخلتم
الصنف الصرفي: فعل ماض
الجذر: دخل
الحالة: مبني"
بهن,"الكلمة: بهن
الصنف الصرفي: ضمير
الجذر: ب"
وحلائل,"الكلمة: وحلائل
الصنف الصرفي: اسم محسوس
الجذر: حلل
الحالة: معرب"
أصلابكم,"الكلمة: أصلابكم
الصنف الصرفي: اسم محسوس
الجذر: صلب
الحالة: معرب"
تجمعوا,"الكلمة: تجمعوا
الصنف الصرفي: فعل مضارع
الجذر: جمع
الحالة: معرب"
غفورا,"الكلمة: غفورا
الصنف الصرفي: صفة مبالغة
الجذر: غفر
الحالة: معرب"
والمحصنات,"الكلمة: والمحصنات
الصنف الصرفي: اسم مفعول
الجذر: حصن
الحالة: معرب"
محصنين,"الكلمة: محصنين
الصنف الصرفي: اسم فاعل
الجذر: حصن
الحالة: معرب"
استمتعتم,"الكلمة: استمتعتم
الصنف الصرفي: فعل ماض
الجذر: متع
الحالة: مبني"
الفريضة,"الكلمة: الفريضة
الصنف الصرفي: اسم مجرد
الجذر: فرض
الحالة: معرب"
المحصنات,"الكلمة: المحصنات
الصنف الصرفي: اسم مفعول
الجذر: حصن
الحالة: معرب"
فمن,"الكلمة: فمن
الصنف الصرفي: أداة استفهام
الجذر: من
الحالة: مبني"
فانكحوهن,"الكلمة: فانكحوهن
الصنف الصرفي: فعل أمر
الجذر: نكح
الحالة: مبني"
أهلهن,"الكلمة: أهلهن
الصنف الصرفي: اسم محسوس
الجذر: هلل
الحالة: معرب"
محصنات,"الكلمة: محصنات
الصنف الصرفي: اسم مفعول
الجذر: حصن
الحالة: معرب"
أخدان,"الكلمة: أخدان
الصنف الصرفي: اسم محسوس
الجذر: خدن
الحالة: معرب"
فعليهن,"الكلمة: فعليهن
الصنف الصرفي: حرف جر
الجذر: فعل
الحالة: مبني"
العنت,"الكلمة: العنت
الصنف الصرفي: اسم مجرد
الجذر: عنت
الحالة: معرب"
عظيما,"الكلمة: عظيما
الصنف الصرفي: صفة نوعية
الجذر: عظم
الحالة: معرب"
تقتلوا,"الكلمة: تقتلوا
الصنف الصرفي: فعل مضارع
الجذر: قتل
الحالة: معرب"
وظلما,"الكلمة: وظلما
الصنف الصرفي: مصدر
الجذر: ظلم
الحالة: معرب"
تجتنبوا,"الكلمة: تجتنبوا
الصنف الصرفي: فعل مضارع
الجذر: جنب
الحالة: معرب"
كبائر,"الكلمة: كبائر
الصنف الصرفي: اسم مجرد
الجذر: كبر
الحالة: معرب"
عنه,"الكلمة: عنه
الصنف الصرفي: حرف جر
الجذر: عن
الحالة: مبني"
وندخلكم,"الكلمة: وندخلكم
الصنف الصرفي: فعل مضارع
الجذر: دخل
الحالة: معرب"
مدخلا,"الكلمة: مدخلا
الصنف الصرفي: مصدر ميمي
الجذر: دخل
الحالة: معرب"
كريما,"الكلمة: كريما
الصنف الصرفي: صفة نوعية
الجذر: NTWS
الحالة: معرب"
اكتسبوا,"الكلمة: اكتسبوا
الصنف الصرفي: فعل ماض
الجذر: كسب
الحالة: مبني"
اكتسبن,"الكلمة: اكتسبن
الصنف الصرفي: فعل ماض
الجذر: كسب
الحالة: مبني"
نصيبهم,"الكلمة: نصيبهم
الصنف الصرفي: اسم مجرد
الجذر: نصب
الحالة: معرب"
فالصالحات,"الكلمة: فالصالحات
الصنف الصرفي: اسم فاعل
الجذر: صلح
الحالة: معرب"
حافظات,"الكلمة: حافظات
الصنف الصرفي: اسم فاعل
الجذر: حفظ
الحالة: معرب"
نشوزهن,"الكلمة: نشوزهن
الصنف الصرفي: مصدر
الجذر: نشز
الحالة: معرب"
واهجروهن,"الكلمة: واهجروهن
الصنف الصرفي: فعل أمر
الجذر: هجر
الحالة: مبني"
المضاجع,"الكلمة: المضاجع
الصنف الصرفي: اسم زمان أو مكان
الجذر: ضجع
الحالة: معرب"
واضربوهن,"الكلمة: واضربوهن
الصنف الصرفي: فعل أمر
الجذر: ضرب
الحالة: مبني"
أطعنكم,"الكلمة: أطعنكم
الصنف الصرفي: فعل ماض
الجذر: طعن
الحالة: مبني"
وحكما,"الكلمة: وحكما
الصنف الصرفي: اسم محسوس
الجذر: حكم
الحالة: معرب"
أهلها,"الكلمة: أهلها
الصنف الصرفي: اسم محسوس
الجذر: هلل
الحالة: معرب"
خبيرا,"الكلمة: خبيرا
الصنف الصرفي: صفة نوعية
الجذر: خبر
الحالة: معرب"
تشركوا,"الكلمة: تشركوا
الصنف الصرفي: فعل مضارع
الجذر: شرك
الحالة: معرب"
الجنب,"الكلمة: الجنب
الصنف الصرفي: اسم مجرد
الجذر: جنب
الحالة: معرب"
والصاحب,"الكلمة: والصاحب
الصنف الصرفي: اسم فاعل
الجذر: صحب
الحالة: معرب"
بالجنب,"الكلمة: بالجنب
الصنف الصرفي: اسم مجرد
الجذر: جنب
الحالة: معرب"
فخورا,"الكلمة: فخورا
الصنف الصرفي: صفة مبالغة
الجذر: فخر
الحالة: معرب"
بالبخل,"الكلمة: بالبخل
الصنف الصرفي: مصدر
الجذر: بخل
الحالة: معرب"
ويكتمون,"الكلمة: ويكتمون
الصنف الصرفي: فعل مضارع
الجذر: كتم
الحالة: معرب"
وأعتدنا,"الكلمة: وأعتدنا
الصنف الصرفي: فعل مضارع
الجذر: عدد
الحالة: مبني"
قرينا,"الكلمة: قرينا
الصنف الصرفي: اسم محسوس
الجذر: قرن
الحالة: معرب"
مثقال,"الكلمة: مثقال
الصنف الصرفي: اسم مجرد
الجذر: ثقل
الحالة: معرب"
يضاعفها,"الكلمة: يضاعفها
الصنف الصرفي: فعل مضارع
الجذر: ضعف
الحالة: معرب"
بشهيد,"الكلمة: بشهيد
الصنف الصرفي: اسم محسوس
الجذر: شهد
الحالة: معرب"
وعصوا,"الكلمة: وعصوا
الصنف الصرفي: فعل ماض
الجذر: عصص
الحالة: مبني"
حديثا,"الكلمة: حديثا
الصنف الصرفي: اسم مجرد
الجذر: حدث
الحالة: معرب"
تقربوا,"الكلمة: تقربوا
الصنف الصرفي: فعل مضارع
الجذر: قرب
الحالة: معرب"
سكارى,"الكلمة: سكارى
الصنف الصرفي: صفة نوعية
الجذر: سكر
الحالة: معرب"
تعلموا,"الكلمة: تعلموا
الصنف الصرفي: فعل مضارع
الجذر: علم
الحالة: معرب"
عابري,"الكلمة: عابري
الصنف الصرفي: اسم فاعل
الجذر: عبر
الحالة: معرب"
تغتسلوا,"الكلمة: تغتسلوا
الصنف الصرفي: فعل مضارع
الجذر: غسل
الحالة: معرب"
لامستم,"الكلمة: لامستم
الصنف الصرفي: فعل ماض
الجذر: لمس
الحالة: مبني"
فلم,"الكلمة: فلم
الصنف الصرفي: حرف جزم
الجذر: م
الحالة: مبني"
صعيدا,"الكلمة: صعيدا
الصنف الصرفي: اسم محسوس
الجذر: صعد
الحالة: معرب"
عفوا,"الكلمة: عفوا
الصنف الصرفي: صفة مبالغة
الجذر: عف
الحالة: معرب"
تضلوا,"الكلمة: تضلوا
الصنف الصرفي: فعل مضارع
الجذر: ضلل
الحالة: معرب"
وليا,"الكلمة: وليا
الصنف الصرفي: اسم محسوس
الجذر: NTWS
الحالة: معرب"
نصيرا,"الكلمة: نصيرا
الصنف الصرفي: صفة مبالغة
الجذر: نصر
الحالة: معرب"
يحرفون,"الكلمة: يحرفون
الصنف الصرفي: فعل مضارع
الجذر: حرف"
الكلم,"الكلمة: الكلم
الصنف الصرفي: اسم مجرد
الجذر: كلم
الحالة: معرب"
واسمع,"الكلمة: واسمع
الصنف الصرفي: فعل أمر
الجذر: سمع
الحالة: مبني"
بألسنتهم,"الكلمة: بألسنتهم
الصنف الصرفي: اسم محسوس
الجذر: لسن
الحالة: معرب"
وطعنا,"الكلمة: وطعنا
الصنف الصرفي: مصدر
الجذر: طعن
الحالة: معرب"
وانظرنا,"الكلمة: وانظرنا
الصنف الصرفي: فعل أمر
الجذر: نظر
الحالة: مبني"
فنردها,"الكلمة: فنردها
الصنف الصرفي: فعل مضارع
الجذر: نرد
الحالة: معرب"
أدبارها,"الكلمة: أدبارها
الصنف الصرفي: اسم محسوس
الجذر: دبر
الحالة: معرب"
نلعنهم,"الكلمة: نلعنهم
الصنف الصرفي: فعل مضارع
الجذر: لعن
الحالة: معرب"
لعننا,"الكلمة: لعننا
الصنف الصرفي: فعل ماض
الجذر: لعن
الحالة: مبني"
مفعولا,"الكلمة: مفعولا
الصنف الصرفي: اسم مفعول
الجذر: فعل
الحالة: معرب"
فتيلا,"الكلمة: فتيلا
الصنف الصرفي: اسم محسوس
الجذر: فتل
الحالة: معرب"
نقيرا,"الكلمة: نقيرا
الصنف الصرفي: اسم محسوس
الجذر: نقر
الحالة: معرب"
يحسدون,"الكلمة: يحسدون
الصنف الصرفي: فعل مضارع
الجذر: حسد"
جلودهم,"الكلمة: جلودهم
الصنف الصرفي: اسم محسوس
الجذر: جلد
الحالة: معرب"
بدلناهم,"الكلمة: بدلناهم
الصنف الصرفي: فعل ماض
الجذر: بدل
الحالة: مبني"
جلودا,"الكلمة: جلودا
الصنف الصرفي: اسم محسوس
الجذر: جلد
الحالة: معرب"
عزيزا,"الكلمة: عزيزا
الصنف الصرفي: صفة نوعية
الجذر: عزز
الحالة: معرب"
سندخلهم,"الكلمة: سندخلهم
الصنف الصرفي: فعل مضارع
الجذر: دخل
الحالة: معرب"
وندخلهم,"الكلمة: وندخلهم
الصنف الصرفي: فعل مضارع
الجذر: دخل
الحالة: معرب"
ظليلا,"الكلمة: ظليلا
الصنف الصرفي: صفة مبالغة
الجذر: ظلل
الحالة: معرب"
حكمتم,"الكلمة: حكمتم
الصنف الصرفي: فعل ماض
الجذر: حكم
الحالة: مبني"
تحكموا,"الكلمة: تحكموا
الصنف الصرفي: فعل مضارع
الجذر: حكم
الحالة: معرب"
سميعا,"الكلمة: سميعا
الصنف الصرفي: صفة مبالغة
الجذر: سمع
الحالة: معرب"
بصيرا,"الكلمة: بصيرا
الصنف الصرفي: صفة نوعية
الجذر: بصر
الحالة: معرب"
وأولي,"الكلمة: وأولي
الصنف الصرفي: اسم محسوس
الجذر: ل
الحالة: معرب"
تنازعتم,"الكلمة: تنازعتم
الصنف الصرفي: فعل ماض
الجذر: نزع
الحالة: مبني"
فردوه,"الكلمة: فردوه
الصنف الصرفي: فعل أمر
الجذر: فرد
الحالة: مبني"
وأحسن,"الكلمة: وأحسن
الصنف الصرفي: صفة مقارنة
الجذر: حسن
الحالة: معرب"
يزعمون,"الكلمة: يزعمون
الصنف الصرفي: فعل مضارع
الجذر: زعم
الحالة: معرب"
يتحاكموا,"الكلمة: يتحاكموا
الصنف الصرفي: فعل مضارع
الجذر: حكم
الحالة: معرب"
أمروا,"الكلمة: أمروا
الصنف الصرفي: فعل ماض مجهول
الجذر: مرر
الحالة: مبني"
يضلهم,"الكلمة: يضلهم
الصنف الصرفي: فعل مضارع
الجذر: ضلل
الحالة: معرب"
ضلالا,"الكلمة: ضلالا
الصنف الصرفي: مصدر
الجذر: ضلل
الحالة: معرب"
رأيت,"الكلمة: رأيت
الصنف الصرفي: فعل ماض
الجذر: NTWS
الحالة: مبني"
المنافقين,"الكلمة: المنافقين
الصنف الصرفي: اسم فاعل
الجذر: نفق
الحالة: معرب"
يصدون,"الكلمة: يصدون
الصنف الصرفي: فعل مضارع
الجذر: صدد
الحالة: معرب"
صدودا,"الكلمة: صدودا
الصنف الصرفي: مصدر
الجذر: صدد
الحالة: معرب"
يحلفون,"الكلمة: يحلفون
الصنف الصرفي: فعل مضارع
الجذر: حلف"
أردنا,"الكلمة: أردنا
الصنف الصرفي: فعل ماض
الجذر: ردّ
الحالة: مبني"
فأعرض,"الكلمة: فأعرض
الصنف الصرفي: فعل أمر
الجذر: عرض
الحالة: مبني"
بليغا,"الكلمة: بليغا
الصنف الصرفي: صفة نوعية
الجذر: بلغ
الحالة: معرب"
واستغفر,"الكلمة: واستغفر
الصنف الصرفي: فعل ماض
الجذر: غفر
الحالة: مبني"
يحكموك,"الكلمة: يحكموك
الصنف الصرفي: فعل مضارع
الجذر: حكم
الحالة: معرب"
يجدوا,"الكلمة: يجدوا
الصنف الصرفي: فعل مضارع
الجذر: جدد
الحالة: معرب"
ويسلموا,"الكلمة: ويسلموا
الصنف الصرفي: فعل مضارع
الجذر: سلم
الحالة: معرب"
تسليما,"الكلمة: تسليما
الصنف الصرفي: مصدر
الجذر: سلم
الحالة: معرب"
كتبنا,"الكلمة: كتبنا
الصنف الصرفي: فعل ماض
الجذر: كتب
الحالة: مبني"
اخرجوا,"الكلمة: اخرجوا
الصنف الصرفي: فعل أمر
الجذر: خرج
الحالة: مبني"
فعلوه,"الكلمة: فعلوه
الصنف الصرفي: فعل ماض
الجذر: فعل
الحالة: مبني"
تثبيتا,"الكلمة: تثبيتا
الصنف الصرفي: مصدر
الجذر: ثبت
الحالة: معرب"
لدننا,"الكلمة: لدننا
الصنف الصرفي: ظرف
الجذر: لدن
الحالة: مبني"
صراطا,"الكلمة: صراطا
الصنف الصرفي: اسم مجرد
الجذر: صرط
الحالة: معرب"
والصديقين,"الكلمة: والصديقين
الصنف الصرفي: صفة مبالغة
الجذر: صدق
الحالة: معرب"
والشهداء,"الكلمة: والشهداء
الصنف الصرفي: اسم محسوس
الجذر: شهد
الحالة: معرب"
والصالحين,"الكلمة: والصالحين
الصنف الصرفي: اسم فاعل
الجذر: صلح
الحالة: معرب"
رفيقا,"الكلمة: رفيقا
الصنف الصرفي: صفة نوعية
الجذر: رفق
الحالة: معرب"
حذركم,"الكلمة: حذركم
الصنف الصرفي: مصدر
الجذر: حذر
الحالة: معرب"
مودة,"الكلمة: مودة
الصنف الصرفي: مصدر ميمي
الجذر: NTWS
الحالة: معرب"
فليقاتل,"الكلمة: فليقاتل
الصنف الصرفي: فعل مضارع
الجذر: قتل
الحالة: معرب"
يشرون,"الكلمة: يشرون
الصنف الصرفي: فعل مضارع
الجذر: شرر"
يقاتل,"الكلمة: يقاتل
الصنف الصرفي: فعل مضارع
الجذر: قتل
الحالة: معرب"
فيقتل,"الكلمة: فيقتل
الصنف الصرفي: IV_PASS
الجذر: قتل
الحالة: معرب"
تقاتلون,"الكلمة: تقاتلون
الصنف الصرفي: فعل مضارع
الجذر: قتل
الحالة: معرب"
والمستضعفين,"الكلمة: والمستضعفين
الصنف الصرفي: اسم مفعول
الجذر: ضعف
الحالة: معرب"
أخرجنا,"الكلمة: أخرجنا
الصنف الصرفي: فعل أمر
الجذر: خرج
الحالة: مبني"
الظالم,"الكلمة: الظالم
الصنف الصرفي: اسم فاعل
الجذر: ظلم
الحالة: معرب"
يقاتلون,"الكلمة: يقاتلون
الصنف الصرفي: فعل مضارع
الجذر: قتل"
فقاتلوا,"الكلمة: فقاتلوا
الصنف الصرفي: فعل أمر
الجذر: قتل
الحالة: مبني"
يخشون,"الكلمة: يخشون
الصنف الصرفي: فعل مضارع
الجذر: خشش"
يدرككم,"الكلمة: يدرككم
الصنف الصرفي: فعل مضارع
الجذر: درك
الحالة: معرب"
بروج,"الكلمة: بروج
الصنف الصرفي: اسم محسوس
الجذر: NTWS
الحالة: معرب"
تصبهم,"الكلمة: تصبهم
الصنف الصرفي: فعل مضارع
الجذر: صبب
الحالة: معرب"
يفقهون,"الكلمة: يفقهون
الصنف الصرفي: فعل مضارع
الجذر: فقه"
وأرسلناك,"الكلمة: وأرسلناك
الصنف الصرفي: فعل ماض
الجذر: رسل
الحالة: مبني"
حفيظا,"الكلمة: حفيظا
الصنف الصرفي: صفة مبالغة
الجذر: حفظ
الحالة: معرب"
وكيلا,"الكلمة: وكيلا
الصنف الصرفي: صفة نوعية
الجذر: كل
الحالة: معرب"
يتدبرون,"الكلمة: يتدبرون
الصنف الصرفي: فعل مضارع
الجذر: دبر"
اختلافا,"الكلمة: اختلافا
الصنف الصرفي: مصدر
الجذر: خلف
الحالة: معرب"
أولي,"الكلمة: أولي
الصنف الصرفي: اسم محسوس
الجذر: ل
الحالة: معرب"
لعلمه,"الكلمة: لعلمه
الصنف الصرفي: فعل ماض
الجذر: علم
الحالة: مبني"
يستنبطونه,"الكلمة: يستنبطونه
الصنف الصرفي: فعل مضارع
الجذر: نبط
الحالة: معرب"
لاتبعتم,"الكلمة: لاتبعتم
الصنف الصرفي: فعل ماض
الجذر: تبع
الحالة: مبني"
فقاتل,"الكلمة: فقاتل
الصنف الصرفي: فعل أمر
الجذر: قتل
الحالة: مبني"
تنكيلا,"الكلمة: تنكيلا
الصنف الصرفي: مصدر
الجذر: نكل
الحالة: معرب"
مقيتا,"الكلمة: مقيتا
الصنف الصرفي: اسم فاعل
الجذر: مقت
الحالة: معرب"
بأحسن,"الكلمة: بأحسن
الصنف الصرفي: صفة مقارنة
الجذر: حسن
الحالة: معرب"
ردوها,"الكلمة: ردوها
الصنف الصرفي: فعل أمر
الجذر: ردد
الحالة: مبني"
ليجمعنكم,"الكلمة: ليجمعنكم
الصنف الصرفي: فعل مضارع
الجذر: جمع
الحالة: مبني"
تهدوا,"الكلمة: تهدوا
الصنف الصرفي: فعل مضارع
الجذر: هدد
الحالة: معرب"
يهاجروا,"الكلمة: يهاجروا
الصنف الصرفي: فعل مضارع
الجذر: هجر
الحالة: معرب"
وبينهم,"الكلمة: وبينهم
الصنف الصرفي: ظرف
الجذر: NTWS
الحالة: معرب"
يقاتلوا,"الكلمة: يقاتلوا
الصنف الصرفي: فعل مضارع
الجذر: قتل
الحالة: معرب"
لسلطهم,"الكلمة: لسلطهم
الصنف الصرفي: فعل ماض
الجذر: سلط
الحالة: مبني"
ستجدون,"الكلمة: ستجدون
الصنف الصرفي: فعل مضارع
الجذر: جدد
الحالة: معرب"
ويكفوا,"الكلمة: ويكفوا
الصنف الصرفي: فعل مضارع
الجذر: كفف
الحالة: معرب"
فتحرير,"الكلمة: فتحرير
الصنف الصرفي: مصدر
الجذر: حرر
الحالة: معرب"
يصدقوا,"الكلمة: يصدقوا
الصنف الصرفي: فعل مضارع
الجذر: صدق
الحالة: معرب"
وتحرير,"الكلمة: وتحرير
الصنف الصرفي: مصدر
الجذر: حرر
الحالة: معرب"
شهرين,"الكلمة: شهرين
الصنف الصرفي: اسم مجرد
الجذر: شهر
الحالة: معرب"
متتابعين,"الكلمة: متتابعين
الصنف الصرفي: اسم فاعل
الجذر: تبع
الحالة: معرب"
متعمدا,"الكلمة: متعمدا
الصنف الصرفي: اسم فاعل
الجذر: عمد
الحالة: معرب"
ولعنه,"الكلمة: ولعنه
الصنف الصرفي: فعل ماض
الجذر: لعن
الحالة: مبني"
ضربتم,"الكلمة: ضربتم
الصنف الصرفي: فعل ماض
الجذر: ضرب
الحالة: مبني"
السلام,"الكلمة: السلام
الصنف الصرفي: مصدر
الجذر: سلم
الحالة: معرب"
مغانم,"الكلمة: مغانم
الصنف الصرفي: اسم مجرد
الجذر: غنم
الحالة: معرب"
القاعدون,"الكلمة: القاعدون
الصنف الصرفي: اسم فاعل
الجذر: قعد
الحالة: معرب"
الضرر,"الكلمة: الضرر
الصنف الصرفي: مصدر
الجذر: ضرر
الحالة: معرب"
والمجاهدون,"الكلمة: والمجاهدون
الصنف الصرفي: اسم فاعل
الجذر: جهد
الحالة: معرب"
وأنفسهم,"الكلمة: وأنفسهم
الصنف الصرفي: اسم مجرد
الجذر: نفس
الحالة: معرب"
المجاهدين,"الكلمة: المجاهدين
الصنف الصرفي: اسم فاعل
الجذر: جهد
الحالة: معرب"
القاعدين,"الكلمة: القاعدين
الصنف الصرفي: اسم فاعل
الجذر: قعد
الحالة: معرب"
الحسنى,"الكلمة: الحسنى
الصنف الصرفي: صفة مقارنة
الجذر: حسن
الحالة: معرب"
ظالمي,"الكلمة: ظالمي
الصنف الصرفي: اسم فاعل
الجذر: ظلم
الحالة: معرب"
مستضعفين,"الكلمة: مستضعفين
الصنف الصرفي: اسم مفعول
الجذر: ضعف
الحالة: معرب"
فتهاجروا,"الكلمة: فتهاجروا
الصنف الصرفي: فعل مضارع
الجذر: هجر
الحالة: معرب"
المستضعفين,"الكلمة: المستضعفين
الصنف الصرفي: اسم مفعول
الجذر: ضعف
الحالة: معرب"
يهاجر,"الكلمة: يهاجر
الصنف الصرفي: فعل مضارع
الجذر: هجر
الحالة: معرب"
مهاجرا,"الكلمة: مهاجرا
الصنف الصرفي: اسم فاعل
الجذر: هجر
الحالة: معرب"
يدركه,"الكلمة: يدركه
الصنف الصرفي: فعل مضارع
الجذر: درك
الحالة: معرب"
تقصروا,"الكلمة: تقصروا
الصنف الصرفي: فعل مضارع
الجذر: قصر
الحالة: معرب"
يفتنكم,"الكلمة: يفتنكم
الصنف الصرفي: فعل مضارع
الجذر: فتن
الحالة: معرب"
فلتقم,"الكلمة: فلتقم
الصنف الصرفي: فعل مضارع
الجذر: قمم
الحالة: معرب"
معك,"الكلمة: معك
الصنف الصرفي: ظرف
الجذر: مع
الحالة: معرب"
سجدوا,"الكلمة: سجدوا
الصنف الصرفي: فعل ماض
الجذر: سجد
الحالة: مبني"
ورائكم,"الكلمة: ورائكم
الصنف الصرفي: اسم مجرد
الجذر: ر
الحالة: معرب"
ولتأت,"الكلمة: ولتأت
الصنف الصرفي: فعل مضارع
الجذر: لتت
الحالة: معرب"
حذرهم,"الكلمة: حذرهم
الصنف الصرفي: مصدر
الجذر: حذر
الحالة: معرب"
تغفلون,"الكلمة: تغفلون
الصنف الصرفي: فعل مضارع
الجذر: غفل"
أسلحتكم,"الكلمة: أسلحتكم
الصنف الصرفي: اسم محسوس
الجذر: سلح
الحالة: معرب"
وأمتعتكم,"الكلمة: وأمتعتكم
الصنف الصرفي: اسم محسوس
الجذر: متع
الحالة: معرب"
جنوبكم,"الكلمة: جنوبكم
الصنف الصرفي: اسم محسوس
الجذر: جنب
الحالة: معرب"
وترجون,"الكلمة: وترجون
الصنف الصرفي: فعل مضارع
الجذر: رجج
الحالة: معرب"
لتحكم,"الكلمة: لتحكم
الصنف الصرفي: فعل مضارع
الجذر: حكم
الحالة: معرب"
خصيما,"الكلمة: خصيما
الصنف الصرفي: صفة نوعية
الجذر: خصم
الحالة: معرب"
تجادل,"الكلمة: تجادل
الصنف الصرفي: فعل مضارع
الجذر: جدل
الحالة: معرب"
يستخفون,"الكلمة: يستخفون
الصنف الصرفي: فعل ماض
الجذر: خفف
الحالة: معرب"
جادلتم,"الكلمة: جادلتم
الصنف الصرفي: فعل ماض
الجذر: جدل
الحالة: مبني"
يجادل,"الكلمة: يجادل
الصنف الصرفي: فعل مضارع
الجذر: جدل
الحالة: معرب"
يستغفر,"الكلمة: يستغفر
الصنف الصرفي: فعل مضارع
الجذر: غفر
الحالة: معرب"
يكسبه,"الكلمة: يكسبه
الصنف الصرفي: فعل مضارع
الجذر: كسب
الحالة: معرب"
احتمل,"الكلمة: احتمل
الصنف الصرفي: فعل ماض
الجذر: حمل
الحالة: مبني"
يضلوك,"الكلمة: يضلوك
الصنف الصرفي: فعل مضارع
الجذر: ضلل
الحالة: معرب"
يضرونك,"الكلمة: يضرونك
الصنف الصرفي: فعل مضارع
الجذر: ضرر
الحالة: معرب"
وعلمك,"الكلمة: وعلمك
الصنف الصرفي: فعل ماض
الجذر: علم
الحالة: مبني"
بصدقة,"الكلمة: بصدقة
الصنف الصرفي: اسم مجرد
الجذر: صدق
الحالة: معرب"
ويتبع,"الكلمة: ويتبع
الصنف الصرفي: فعل مضارع
الجذر: تبع
الحالة: معرب"
ونصله,"الكلمة: ونصله
الصنف الصرفي: فعل مضارع
الجذر: نصل
الحالة: معرب"
شيطانا,"الكلمة: شيطانا
الصنف الصرفي: اسم محسوس
الجذر: شطن
الحالة: معرب"
مريدا,"الكلمة: مريدا
الصنف الصرفي: صفة نوعية
الجذر: مرد
الحالة: معرب"
عبادك,"الكلمة: عبادك
الصنف الصرفي: اسم محسوس
الجذر: عبد
الحالة: معرب"
فليبتكن,"الكلمة: فليبتكن
الصنف الصرفي: فعل مضارع
الجذر: بتت
الحالة: معرب"
الأنعام,"الكلمة: الأنعام
الصنف الصرفي: اسم محسوس
الجذر: نعم
الحالة: معرب"
خسرانا,"الكلمة: خسرانا
الصنف الصرفي: مصدر
الجذر: خسر
الحالة: معرب"
يعدهم,"الكلمة: يعدهم
الصنف الصرفي: فعل مضارع
الجذر: عدد
الحالة: معرب"
غرورا,"الكلمة: غرورا
الصنف الصرفي: مصدر
الجذر: غرر
الحالة: معرب"
يجدون,"الكلمة: يجدون
الصنف الصرفي: فعل مضارع
الجذر: جدد"
محيصا,"الكلمة: محيصا
الصنف الصرفي: اسم زمان أو مكان
الجذر: محص
الحالة: معرب"
يدخلون,"الكلمة: يدخلون
الصنف الصرفي: فعل مضارع
الجذر: دخل"
واتبع,"الكلمة: واتبع
الصنف الصرفي: فعل ماض
الجذر: تبع
الحالة: مبني"
خليلا,"الكلمة: خليلا
الصنف الصرفي: صفة نوعية
الجذر: خلل
الحالة: معرب"
وترغبون,"الكلمة: وترغبون
الصنف الصرفي: فعل مضارع
الجذر: رغب
الحالة: معرب"
تنكحوهن,"الكلمة: تنكحوهن
الصنف الصرفي: فعل مضارع
الجذر: نكح
الحالة: معرب"
بعلها,"الكلمة: بعلها
الصنف الصرفي: اسم محسوس
الجذر: بعل
الحالة: معرب"
نشوزا,"الكلمة: نشوزا
الصنف الصرفي: مصدر
الجذر: نشز
الحالة: معرب"
إعراضا,"الكلمة: إعراضا
الصنف الصرفي: مصدر
الجذر: عرض
الحالة: معرب"
يصلحا,"الكلمة: يصلحا
الصنف الصرفي: فعل مضارع
الجذر: صلح
الحالة: معرب"
والصلح,"الكلمة: والصلح
الصنف الصرفي: مصدر
الجذر: صلح
الحالة: معرب"
وأحضرت,"الكلمة: وأحضرت
الصنف الصرفي: فعل ماض مجهول
الجذر: حضر
الحالة: مبني"
تحسنوا,"الكلمة: تحسنوا
الصنف الصرفي: فعل مضارع
الجذر: حسن
الحالة: معرب"
حرصتم,"الكلمة: حرصتم
الصنف الصرفي: فعل ماض
الجذر: حرص
الحالة: مبني"
فتذروها,"الكلمة: فتذروها
الصنف الصرفي: فعل مضارع
الجذر: ذرر
الحالة: معرب"
كالمعلقة,"الكلمة: كالمعلقة
الصنف الصرفي: اسم مفعول
الجذر: علق
الحالة: معرب"
تصلحوا,"الكلمة: تصلحوا
الصنف الصرفي: فعل مضارع
الجذر: صلح
الحالة: معرب"
يتفرقا,"الكلمة: يتفرقا
الصنف الصرفي: فعل مضارع
الجذر: فرق
الحالة: معرب"
وإياكم,"الكلمة: وإياكم
الصنف الصرفي: ضمير
الجذر: ّكم"
تكفروا,"الكلمة: تكفروا
الصنف الصرفي: فعل مضارع
الجذر: كفر
الحالة: معرب"
يذهبكم,"الكلمة: يذهبكم
الصنف الصرفي: فعل مضارع
الجذر: ذهب
الحالة: معرب"
قديرا,"الكلمة: قديرا
الصنف الصرفي: صفة نوعية
الجذر: قدر
الحالة: معرب"
تعرضوا,"الكلمة: تعرضوا
الصنف الصرفي: فعل مضارع
الجذر: عرض
الحالة: معرب"
ليغفر,"الكلمة: ليغفر
الصنف الصرفي: فعل مضارع
الجذر: غفر
الحالة: معرب"
عندهم,"الكلمة: عندهم
الصنف الصرفي: ظرف
الجذر: عند
الحالة: مبني"
سمعتم,"الكلمة: سمعتم
الصنف الصرفي: فعل ماض
الجذر: سمع
الحالة: مبني"
تقعدوا,"الكلمة: تقعدوا
الصنف الصرفي: فعل مضارع
الجذر: قعد
الحالة: معرب"
والكافرين,"الكلمة: والكافرين
الصنف الصرفي: اسم فاعل
الجذر: كفر
الحالة: معرب"
يتربصون,"الكلمة: يتربصون
الصنف الصرفي: فعل مضارع
الجذر: ربص
الحالة: معرب"
ونمنعكم,"الكلمة: ونمنعكم
الصنف الصرفي: فعل مضارع
الجذر: منع
الحالة: معرب"
خادعهم,"الكلمة: خادعهم
الصنف الصرفي: اسم فاعل
الجذر: خدع
الحالة: معرب"
كسالى,"الكلمة: كسالى
الصنف الصرفي: صفة نوعية
الجذر: كسل
الحالة: معرب"
مذبذبين,"الكلمة: مذبذبين
الصنف الصرفي: اسم مفعول
الجذر: ذبذب
الحالة: معرب"
الدرك,"الكلمة: الدرك
الصنف الصرفي: اسم محسوس
الجذر: NTWS
الحالة: معرب"
الأسفل,"الكلمة: الأسفل
الصنف الصرفي: صفة مقارنة
الجذر: سفل
الحالة: معرب"
وأخلصوا,"الكلمة: وأخلصوا
الصنف الصرفي: فعل ماض
الجذر: خلص
الحالة: مبني"
بعذابكم,"الكلمة: بعذابكم
الصنف الصرفي: مصدر
الجذر: عذب
الحالة: معرب"
شكرتم,"الكلمة: شكرتم
الصنف الصرفي: فعل ماض
الجذر: شكر
الحالة: مبني"
شاكرا,"الكلمة: شاكرا
الصنف الصرفي: اسم فاعل
الجذر: شكر
الحالة: معرب"
الجهر,"الكلمة: الجهر
الصنف الصرفي: مصدر
الجذر: جهر
الحالة: معرب"
يفرقوا,"الكلمة: يفرقوا
الصنف الصرفي: فعل مضارع
الجذر: فرق
الحالة: معرب"
ونكفر,"الكلمة: ونكفر
الصنف الصرفي: فعل مضارع
الجذر: كفر
الحالة: معرب"
الكافرون,"الكلمة: الكافرون
الصنف الصرفي: اسم فاعل
الجذر: كفر
الحالة: معرب"
أرنا,"الكلمة: أرنا
الصنف الصرفي: فعل أمر
الجذر: NTWS
الحالة: مبني"
بظلمهم,"الكلمة: بظلمهم
الصنف الصرفي: مصدر
الجذر: ظلم
الحالة: معرب"
فعفونا,"الكلمة: فعفونا
الصنف الصرفي: فعل ماض
الجذر: عفف
الحالة: مبني"
تعدوا,"الكلمة: تعدوا
الصنف الصرفي: فعل مضارع
الجذر: عدد
الحالة: معرب"
نقضهم,"الكلمة: نقضهم
الصنف الصرفي: مصدر
الجذر: نقض
الحالة: معرب"
وكفرهم,"الكلمة: وكفرهم
الصنف الصرفي: مصدر
الجذر: كفر
الحالة: معرب"
وبكفرهم,"الكلمة: وبكفرهم
الصنف الصرفي: مصدر
الجذر: كفر
الحالة: معرب"
قتلنا,"الكلمة: قتلنا
الصنف الصرفي: فعل ماض
الجذر: قتل
الحالة: مبني"
قتلوه,"الكلمة: قتلوه
الصنف الصرفي: فعل ماض
الجذر: قتل
الحالة: مبني"
صلبوه,"الكلمة: صلبوه
الصنف الصرفي: فعل ماض
الجذر: صلب
الحالة: مبني"
اتباع,"الكلمة: اتباع
الصنف الصرفي: مصدر
الجذر: تبع
الحالة: معرب"
فبظلم,"الكلمة: فبظلم
الصنف الصرفي: مصدر
الجذر: ظلم
الحالة: معرب"
حرمنا,"الكلمة: حرمنا
الصنف الصرفي: فعل ماض
الجذر: حرم
الحالة: مبني"
وبصدهم,"الكلمة: وبصدهم
الصنف الصرفي: مصدر
الجذر: صدد
الحالة: معرب"
وأكلهم,"الكلمة: وأكلهم
الصنف الصرفي: مصدر
الجذر: كلل
الحالة: معرب"
الراسخون,"الكلمة: الراسخون
الصنف الصرفي: اسم فاعل
الجذر: رسخ
الحالة: معرب"
وأيوب,"الكلمة: وأيوب
الصنف الصرفي: اسم علم
الجذر: NTWS
الحالة: معرب"
ويونس,"الكلمة: ويونس
الصنف الصرفي: اسم علم أعجمي
الجذر: NTWS
الحالة: معرب"
وهارون,"الكلمة: وهارون
الصنف الصرفي: اسم علم أعجمي
الجذر: NTWS
الحالة: معرب"
وسليمان,"الكلمة: وسليمان
الصنف الصرفي: اسم علم أعجمي
الجذر: سلم
الحالة: معرب"
زبورا,"الكلمة: زبورا
الصنف الصرفي: اسم علم
الجذر: زبر
الحالة: معرب"
ورسلا,"الكلمة: ورسلا
الصنف الصرفي: اسم محسوس
الجذر: رسل
الحالة: معرب"
قصصناهم,"الكلمة: قصصناهم
الصنف الصرفي: فعل ماض
الجذر: قصص
الحالة: مبني"
نقصصهم,"الكلمة: نقصصهم
الصنف الصرفي: فعل مضارع
الجذر: قصص
الحالة: معرب"
أنزله,"الكلمة: أنزله
الصنف الصرفي: فعل ماض
الجذر: نزل
الحالة: مبني"
يشهدون,"الكلمة: يشهدون
الصنف الصرفي: فعل مضارع
الجذر: شهد"
وصدوا,"الكلمة: وصدوا
الصنف الصرفي: فعل ماض
الجذر: صدد
الحالة: مبني"
وظلموا,"الكلمة: وظلموا
الصنف الصرفي: فعل ماض
الجذر: ظلم
الحالة: مبني"
طريقا,"الكلمة: طريقا
الصنف الصرفي: اسم محسوس
الجذر: طرق
الحالة: معرب"
تغلوا,"الكلمة: تغلوا
الصنف الصرفي: فعل مضارع
الجذر: غلل
الحالة: معرب"
وكلمته,"الكلمة: وكلمته
الصنف الصرفي: اسم مجرد
الجذر: كلم
الحالة: معرب"
يستنكف,"الكلمة: يستنكف
الصنف الصرفي: فعل مضارع
الجذر: نكف
الحالة: معرب"
المقربون,"الكلمة: المقربون
الصنف الصرفي: اسم مفعول
الجذر: قرب
الحالة: معرب"
عبادته,"الكلمة: عبادته
الصنف الصرفي: مصدر
الجذر: عبد
الحالة: معرب"
ويستكبر,"الكلمة: ويستكبر
الصنف الصرفي: فعل مضارع
الجذر: كبر
الحالة: معرب"
فسيحشرهم,"الكلمة: فسيحشرهم
الصنف الصرفي: فعل مضارع
الجذر: حشر
الحالة: معرب"
استنكفوا,"الكلمة: استنكفوا
الصنف الصرفي: فعل ماض
الجذر: نكف
الحالة: مبني"
واستكبروا,"الكلمة: واستكبروا
الصنف الصرفي: فعل ماض
الجذر: كبر
الحالة: مبني"
فيعذبهم,"الكلمة: فيعذبهم
الصنف الصرفي: فعل مضارع
الجذر: عذب
الحالة: معرب"
برهان,"الكلمة: برهان
الصنف الصرفي: مصدر
الجذر: رهن
الحالة: معرب"
نورا,"الكلمة: نورا
الصنف الصرفي: اسم مجرد
الجذر: NTWS
الحالة: معرب"
فسيدخلهم,"الكلمة: فسيدخلهم
الصنف الصرفي: فعل مضارع
الجذر: دخل
الحالة: معرب"
الكلالة,"الكلمة: الكلالة
الصنف الصرفي: اسم مجرد
الجذر: كلل
الحالة: معرب"
فلهما,"الكلمة: فلهما
الصنف الصرفي: حرف جر
الجذر: فلل
الحالة: مبني"
الثلثان,"الكلمة: الثلثان
الصنف الصرفي: اسم مجرد
الجذر: ثلث
الحالة: معرب"
بالعقود,"الكلمة: بالعقود
الصنف الصرفي: اسم مجرد
الجذر: عقد
الحالة: معرب"
بهيمة,"الكلمة: بهيمة
الصنف الصرفي: اسم محسوس
الجذر: بهم
الحالة: معرب"
تحلوا,"الكلمة: تحلوا
الصنف الصرفي: فعل مضارع
الجذر: حلل
الحالة: معرب"
القلائد,"الكلمة: القلائد
الصنف الصرفي: اسم محسوس
الجذر: قلد
الحالة: معرب"
حللتم,"الكلمة: حللتم
الصنف الصرفي: فعل ماض
الجذر: حلل
الحالة: مبني"
يجرمنكم,"الكلمة: يجرمنكم
الصنف الصرفي: فعل مضارع
الجذر: جرم
الحالة: مبني"
صدوكم,"الكلمة: صدوكم
الصنف الصرفي: فعل ماض
الجذر: صدد
الحالة: مبني"
والنطيحة,"الكلمة: والنطيحة
الصنف الصرفي: اسم محسوس
الجذر: نطح
الحالة: معرب"
السبع,"الكلمة: السبع
الصنف الصرفي: اسم محسوس
الجذر: سبع
الحالة: معرب"
تستقسموا,"الكلمة: تستقسموا
الصنف الصرفي: فعل مضارع
الجذر: قسم
الحالة: معرب"
بالأزلام,"الكلمة: بالأزلام
الصنف الصرفي: اسم محسوس
الجذر: زلم
الحالة: معرب"
أكملت,"الكلمة: أكملت
الصنف الصرفي: فعل ماض
الجذر: كمل
الحالة: مبني"
وأتممت,"الكلمة: وأتممت
الصنف الصرفي: فعل ماض
الجذر: تمم
الحالة: مبني"
الجوارح,"الكلمة: الجوارح
الصنف الصرفي: اسم محسوس
الجذر: جرح
الحالة: معرب"
تعلمونهن,"الكلمة: تعلمونهن
الصنف الصرفي: فعل مضارع
الجذر: علم
الحالة: معرب"
أمسكن,"الكلمة: أمسكن
الصنف الصرفي: فعل ماض
الجذر: مسس
الحالة: مبني"
وطعام,"الكلمة: وطعام
الصنف الصرفي: اسم محسوس
الجذر: طعم
الحالة: معرب"
وطعامكم,"الكلمة: وطعامكم
الصنف الصرفي: اسم محسوس
الجذر: طعم
الحالة: معرب"
وأرجلكم,"الكلمة: وأرجلكم
الصنف الصرفي: اسم محسوس
الجذر: رجل
الحالة: معرب"
الكعبين,"الكلمة: الكعبين
الصنف الصرفي: اسم محسوس
الجذر: كعب
الحالة: معرب"
ليطهركم,"الكلمة: ليطهركم
الصنف الصرفي: فعل مضارع
الجذر: طهر
الحالة: معرب"
وليتم,"الكلمة: وليتم
الصنف الصرفي: فعل مضارع
الجذر: تمم
الحالة: معرب"
نعمته,"الكلمة: نعمته
الصنف الصرفي: اسم مجرد
الجذر: نعم
الحالة: معرب"
هم,"الكلمة: هم
الصنف الصرفي: ضمير
الجذر: ه
الحالة: مبني"
يبسطوا,"الكلمة: يبسطوا
الصنف الصرفي: فعل مضارع
الجذر: بسط
الحالة: معرب"
وبعثنا,"الكلمة: وبعثنا
الصنف الصرفي: فعل ماض
الجذر: بعث
الحالة: مبني"
اثني,"الكلمة: اثني
الصنف الصرفي: اسم عدد
الجذر: ٱثن
الحالة: معرب"
نقيبا,"الكلمة: نقيبا
الصنف الصرفي: اسم محسوس
الجذر: نقب
الحالة: معرب"
برسلي,"الكلمة: برسلي
الصنف الصرفي: اسم محسوس
الجذر: رسل
الحالة: معرب"
وعزرتموهم,"الكلمة: وعزرتموهم
الصنف الصرفي: فعل ماض
الجذر: عزر
الحالة: مبني"
وأقرضتم,"الكلمة: وأقرضتم
الصنف الصرفي: فعل ماض
الجذر: قرض
الحالة: مبني"
وجعلنا,"الكلمة: وجعلنا
الصنف الصرفي: فعل ماض
الجذر: جعل
الحالة: مبني"
ذكروا,"الكلمة: ذكروا
الصنف الصرفي: فعل ماض مجهول
الجذر: ذكر
الحالة: مبني"
واصفح,"الكلمة: واصفح
الصنف الصرفي: فعل أمر
الجذر: صفح
الحالة: مبني"
فأغرينا,"الكلمة: فأغرينا
الصنف الصرفي: فعل ماض
الجذر: فغر
الحالة: مبني"
والبغضاء,"الكلمة: والبغضاء
الصنف الصرفي: اسم مجرد
الجذر: بغض
الحالة: معرب"
يصنعون,"الكلمة: يصنعون
الصنف الصرفي: فعل مضارع
الجذر: صنع"
رسولنا,"الكلمة: رسولنا
الصنف الصرفي: اسم محسوس
الجذر: رسل
الحالة: معرب"
تخفون,"الكلمة: تخفون
الصنف الصرفي: فعل مضارع
الجذر: خفف
الحالة: معرب"
وكتاب,"الكلمة: وكتاب
الصنف الصرفي: اسم محسوس
الجذر: كتب
الحالة: معرب"
ويخرجهم,"الكلمة: ويخرجهم
الصنف الصرفي: فعل مضارع
الجذر: خرج
الحالة: معرب"
وأحباؤه,"الكلمة: وأحباؤه
الصنف الصرفي: صفة نوعية
الجذر: حبب
الحالة: معرب"
يعذبكم,"الكلمة: يعذبكم
الصنف الصرفي: فعل مضارع
الجذر: عذب
الحالة: معرب"
بذنوبكم,"الكلمة: بذنوبكم
الصنف الصرفي: اسم مجرد
الجذر: ذنب
الحالة: معرب"
بشير,"الكلمة: بشير
الصنف الصرفي: صفة نوعية
الجذر: NTWS
الحالة: معرب"
ونذير,"الكلمة: ونذير
الصنف الصرفي: صفة نوعية
الجذر: نذر
الحالة: معرب"
وجعلكم,"الكلمة: وجعلكم
الصنف الصرفي: فعل ماض
الجذر: جعل
الحالة: مبني"
ملوكا,"الكلمة: ملوكا
الصنف الصرفي: اسم محسوس
الجذر: ملك
الحالة: معرب"
ترتدوا,"الكلمة: ترتدوا
الصنف الصرفي: فعل مضارع
الجذر: ردد
الحالة: معرب"
أدباركم,"الكلمة: أدباركم
الصنف الصرفي: اسم محسوس
الجذر: دبر
الحالة: معرب"
جبارين,"الكلمة: جبارين
الصنف الصرفي: صفة مبالغة
الجذر: جبر
الحالة: معرب"
ندخلها,"الكلمة: ندخلها
الصنف الصرفي: فعل مضارع
الجذر: دخل
الحالة: معرب"
يخرجوا,"الكلمة: يخرجوا
الصنف الصرفي: فعل مضارع
الجذر: خرج
الحالة: معرب"
رجلان,"الكلمة: رجلان
الصنف الصرفي: اسم محسوس
الجذر: رجل
الحالة: معرب"
دخلتموه,"الكلمة: دخلتموه
الصنف الصرفي: فعل ماض
الجذر: دخل
الحالة: مبني"
فاذهب,"الكلمة: فاذهب
الصنف الصرفي: فعل أمر
الجذر: ذهب
الحالة: مبني"
فقاتلا,"الكلمة: فقاتلا
الصنف الصرفي: فعل أمر
الجذر: قتل
الحالة: مبني"
قاعدون,"الكلمة: قاعدون
الصنف الصرفي: اسم فاعل
الجذر: قعد
الحالة: معرب"
فافرق,"الكلمة: فافرق
الصنف الصرفي: فعل أمر
الجذر: فرق
الحالة: مبني"
وبين,"الكلمة: وبين
الصنف الصرفي: ظرف
الجذر: NTWS
الحالة: معرب"
محرمة,"الكلمة: محرمة
الصنف الصرفي: اسم مفعول
الجذر: حرم
الحالة: معرب"
قربانا,"الكلمة: قربانا
الصنف الصرفي: اسم محسوس
الجذر: قرب
الحالة: معرب"
فتقبل,"الكلمة: فتقبل
الصنف الصرفي: فعل ماض مجهول
الجذر: قبل
الحالة: مبني"
يتقبل,"الكلمة: يتقبل
الصنف الصرفي: فعل مضارع
الجذر: قبل
الحالة: معرب"
لتقتلني,"الكلمة: لتقتلني
الصنف الصرفي: فعل مضارع
الجذر: قتل
الحالة: معرب"
بباسط,"الكلمة: بباسط
الصنف الصرفي: اسم فاعل
الجذر: بسط
الحالة: معرب"
لأقتلك,"الكلمة: لأقتلك
الصنف الصرفي: فعل مضارع
الجذر: قتل
الحالة: معرب"
فقتله,"الكلمة: فقتله
الصنف الصرفي: فعل ماض
الجذر: قتل
الحالة: مبني"
فأصبح,"الكلمة: فأصبح
الصنف الصرفي: فعل ماض
الجذر: صبح
الحالة: مبني"
غرابا,"الكلمة: غرابا
الصنف الصرفي: اسم محسوس
الجذر: غرب
الحالة: معرب"
ويلتا,"الكلمة: ويلتا
الصنف الصرفي: اسم مجرد
الجذر: لتت
الحالة: مبني"
أعجزت,"الكلمة: أعجزت
الصنف الصرفي: فعل ماض
الجذر: عجز
الحالة: مبني"
الغراب,"الكلمة: الغراب
الصنف الصرفي: اسم محسوس
الجذر: غرب
الحالة: معرب"
فأصبح,"الكلمة: فأصبح
الصنف الصرفي: فعل ماض
الجذر: صبح
الحالة: معرب"
النادمين,"الكلمة: النادمين
الصنف الصرفي: اسم فاعل
الجذر: ندم
الحالة: معرب"
رسلنا,"الكلمة: رسلنا
الصنف الصرفي: اسم محسوس
الجذر: رسل
الحالة: معرب"
لمسرفون,"الكلمة: لمسرفون
الصنف الصرفي: اسم فاعل
الجذر: سرف
الحالة: معرب"
يحاربون,"الكلمة: يحاربون
الصنف الصرفي: فعل مضارع
الجذر: حرب"
فسادا,"الكلمة: فسادا
الصنف الصرفي: مصدر
الجذر: فسد
الحالة: معرب"
يقتلوا,"الكلمة: يقتلوا
الصنف الصرفي: فعل مضارع
الجذر: قتل
الحالة: معرب"
يصلبوا,"الكلمة: يصلبوا
الصنف الصرفي: IV_PASS
الجذر: صلب
الحالة: معرب"
وأرجلهم,"الكلمة: وأرجلهم
الصنف الصرفي: اسم محسوس
الجذر: رجل
الحالة: معرب"
ينفوا,"الكلمة: ينفوا
الصنف الصرفي: IV_PASS
الجذر: نفف
الحالة: معرب"
تقدروا,"الكلمة: تقدروا
الصنف الصرفي: فعل مضارع
الجذر: قدر
الحالة: معرب"
وجاهدوا,"الكلمة: وجاهدوا
الصنف الصرفي: فعل أمر
الجذر: جهد
الحالة: مبني"
سبيله,"الكلمة: سبيله
الصنف الصرفي: اسم مجرد
الجذر: سبل
الحالة: معرب"
ومثله,"الكلمة: ومثله
الصنف الصرفي: اسم مجرد
الجذر: مثل
الحالة: معرب"
والسارق,"الكلمة: والسارق
الصنف الصرفي: اسم فاعل
الجذر: سرق
الحالة: معرب"
والسارقة,"الكلمة: والسارقة
الصنف الصرفي: اسم فاعل
الجذر: سرق
الحالة: معرب"
فاقطعوا,"الكلمة: فاقطعوا
الصنف الصرفي: فعل أمر
الجذر: قطع
الحالة: مبني"
وأصلح,"الكلمة: وأصلح
الصنف الصرفي: فعل ماض
الجذر: صلح
الحالة: مبني"
فتنته,"الكلمة: فتنته
الصنف الصرفي: مصدر
الجذر: فتن
الحالة: معرب"
فاحكم,"الكلمة: فاحكم
الصنف الصرفي: فعل أمر
الجذر: حكم
الحالة: مبني"
يضروك,"الكلمة: يضروك
الصنف الصرفي: فعل مضارع
الجذر: ضرر
الحالة: معرب"
المقسطين,"الكلمة: المقسطين
الصنف الصرفي: اسم فاعل
الجذر: قسط
الحالة: معرب"
يحكمونك,"الكلمة: يحكمونك
الصنف الصرفي: فعل مضارع
الجذر: حكم
الحالة: معرب"
وعندهم,"الكلمة: وعندهم
الصنف الصرفي: ظرف
الجذر: عند
الحالة: مبني"
استحفظوا,"الكلمة: استحفظوا
الصنف الصرفي: فعل ماض
الجذر: حفظ
الحالة: مبني"
تخشوا,"الكلمة: تخشوا
الصنف الصرفي: فعل مضارع
الجذر: خشش
الحالة: معرب"
وكتبنا,"الكلمة: وكتبنا
الصنف الصرفي: فعل ماض
الجذر: كتب
الحالة: مبني"
النفس,"الكلمة: النفس
الصنف الصرفي: اسم مجرد
الجذر: نفس
الحالة: معرب"
بالنفس,"الكلمة: بالنفس
الصنف الصرفي: اسم مجرد
الجذر: نفس
الحالة: معرب"
والسن,"الكلمة: والسن
الصنف الصرفي: اسم محسوس
الجذر: لسن
الحالة: معرب"
بالسن,"الكلمة: بالسن
الصنف الصرفي: اسم محسوس
الجذر: لسن
الحالة: معرب"
الجروح,"الكلمة: الجروح
الصنف الصرفي: اسم محسوس
الجذر: جرح
الحالة: معرب"
كفارة,"الكلمة: كفارة
الصنف الصرفي: اسم مجرد
الجذر: كفر
الحالة: معرب"
وليحكم,"الكلمة: وليحكم
الصنف الصرفي: فعل مضارع
الجذر: حكم
الحالة: معرب"
ومنهاجا,"الكلمة: ومنهاجا
الصنف الصرفي: اسم مجرد
الجذر: نهج
الحالة: معرب"
لجعلكم,"الكلمة: لجعلكم
الصنف الصرفي: فعل ماض
الجذر: جعل
الحالة: مبني"
ليبلوكم,"الكلمة: ليبلوكم
الصنف الصرفي: فعل مضارع
الجذر: بلل
الحالة: معرب"
واحذرهم,"الكلمة: واحذرهم
الصنف الصرفي: فعل أمر
الجذر: حذر
الحالة: مبني"
يفتنوك,"الكلمة: يفتنوك
الصنف الصرفي: فعل مضارع
الجذر: فتن
الحالة: معرب"
فاعلم,"الكلمة: فاعلم
الصنف الصرفي: فعل أمر
الجذر: علم
الحالة: مبني"
ذنوبهم,"الكلمة: ذنوبهم
الصنف الصرفي: اسم مجرد
الجذر: ذنب
الحالة: معرب"
لفاسقون,"الكلمة: لفاسقون
الصنف الصرفي: اسم فاعل
الجذر: فسق
الحالة: معرب"
أفحكم,"الكلمة: أفحكم
الصنف الصرفي: مصدر
الجذر: فحح
الحالة: معرب"
الجاهلية,"الكلمة: الجاهلية
الصنف الصرفي: مصدر مهني (اسم مهنة)
الجذر: جهل
الحالة: معرب"
بالفتح,"الكلمة: بالفتح
الصنف الصرفي: مصدر
الجذر: فتح
الحالة: معرب"
فيصبحوا,"الكلمة: فيصبحوا
الصنف الصرفي: فعل مضارع
الجذر: صبح
الحالة: معرب"
أسروا,"الكلمة: أسروا
الصنف الصرفي: فعل ماض
الجذر: سرر
الحالة: مبني"
نادمين,"الكلمة: نادمين
الصنف الصرفي: اسم فاعل
الجذر: ندم
الحالة: معرب"
أقسموا,"الكلمة: أقسموا
الصنف الصرفي: فعل ماض
الجذر: قسم
الحالة: مبني"
لمعكم,"الكلمة: لمعكم
الصنف الصرفي: ظرف
الجذر: لمع
الحالة: معرب"
فأصبحوا,"الكلمة: فأصبحوا
الصنف الصرفي: فعل ماض
الجذر: صبح
الحالة: مبني"
يحبهم,"الكلمة: يحبهم
الصنف الصرفي: فعل مضارع
الجذر: حبب
الحالة: معرب"
ويحبونه,"الكلمة: ويحبونه
الصنف الصرفي: فعل مضارع
الجذر: حبب
الحالة: معرب"
يجاهدون,"الكلمة: يجاهدون
الصنف الصرفي: فعل مضارع
الجذر: جهد"
وليكم,"الكلمة: وليكم
الصنف الصرفي: اسم محسوس
الجذر: كمم
الحالة: معرب"
ولعبا,"الكلمة: ولعبا
الصنف الصرفي: مصدر
الجذر: لعب
الحالة: معرب"
والكفار,"الكلمة: والكفار
الصنف الصرفي: اسم فاعل
الجذر: كفر
الحالة: معرب"
تنقمون,"الكلمة: تنقمون
الصنف الصرفي: فعل مضارع
الجذر: نقم"
أكثركم,"الكلمة: أكثركم
الصنف الصرفي: صفة مقارنة
الجذر: كثر
الحالة: معرب"
فاسقون,"الكلمة: فاسقون
الصنف الصرفي: اسم فاعل
الجذر: فسق
الحالة: معرب"
القردة,"الكلمة: القردة
الصنف الصرفي: اسم محسوس
الجذر: قرد
الحالة: معرب"
والخنازير,"الكلمة: والخنازير
الصنف الصرفي: اسم محسوس
الجذر: خنزر
الحالة: معرب"
دخلوا,"الكلمة: دخلوا
الصنف الصرفي: فعل ماض
الجذر: دخل
الحالة: مبني"
السحت,"الكلمة: السحت
الصنف الصرفي: اسم مجرد
الجذر: سحت
الحالة: معرب"
مغلولة,"الكلمة: مغلولة
الصنف الصرفي: اسم مفعول
الجذر: غلل
الحالة: معرب"
ولعنوا,"الكلمة: ولعنوا
الصنف الصرفي: فعل ماض مجهول
الجذر: لعن
الحالة: مبني"
مبسوطتان,"الكلمة: مبسوطتان
الصنف الصرفي: اسم مفعول
الجذر: بسط
الحالة: معرب"
وكفرا,"الكلمة: وكفرا
الصنف الصرفي: مصدر
الجذر: كفر
الحالة: معرب"
المفسدين,"الكلمة: المفسدين
الصنف الصرفي: اسم فاعل
الجذر: فسد
الحالة: معرب"
لكفرنا,"الكلمة: لكفرنا
الصنف الصرفي: فعل ماض
الجذر: كفر
الحالة: مبني"
النعيم,"الكلمة: النعيم
الصنف الصرفي: مصدر
الجذر: نعم
الحالة: معرب"
لأكلوا,"الكلمة: لأكلوا
الصنف الصرفي: فعل ماض
الجذر: كلل
الحالة: مبني"
أرجلهم,"الكلمة: أرجلهم
الصنف الصرفي: اسم محسوس
الجذر: رجل
الحالة: معرب"
وكثير,"الكلمة: وكثير
الصنف الصرفي: صفة نوعية
الجذر: كثر
الحالة: معرب"
رسالته,"الكلمة: رسالته
الصنف الصرفي: اسم مجرد
الجذر: رسل
الحالة: معرب"
يعصمك,"الكلمة: يعصمك
الصنف الصرفي: فعل مضارع
الجذر: عصم
الحالة: معرب"
وأرسلنا,"الكلمة: وأرسلنا
الصنف الصرفي: فعل ماض
الجذر: رسل
الحالة: مبني"
يقتلون,"الكلمة: يقتلون
الصنف الصرفي: IV_PASS
الجذر: قتل"
وحسبوا,"الكلمة: وحسبوا
الصنف الصرفي: فعل ماض
الجذر: حسب
الحالة: مبني"
فعموا,"الكلمة: فعموا
الصنف الصرفي: فعل ماض
الجذر: عمم
الحالة: مبني"
وصموا,"الكلمة: وصموا
الصنف الصرفي: فعل ماض
الجذر: صمم
الحالة: مبني"
ويستغفرونه,"الكلمة: ويستغفرونه
الصنف الصرفي: فعل مضارع
الجذر: غفر
الحالة: معرب"
وأضلوا,"الكلمة: وأضلوا
الصنف الصرفي: فعل ماض
الجذر: ضلل
الحالة: مبني"
وضلوا,"الكلمة: وضلوا
الصنف الصرفي: فعل ماض
الجذر: ضلل
الحالة: مبني"
تري,"الكلمة: تري
الصنف الصرفي: فعل مضارع
الجذر: تر
الحالة: معرب"
أقربهم,"الكلمة: أقربهم
الصنف الصرفي: صفة مقارنة
الجذر: قرب
الحالة: معرب"
قسيسين,"الكلمة: قسيسين
الصنف الصرفي: صفة مبالغة
الجذر: قسس
الحالة: معرب"
ورهبانا,"الكلمة: ورهبانا
الصنف الصرفي: اسم فاعل
الجذر: رهب
الحالة: معرب"
يستكبرون,"الكلمة: يستكبرون
الصنف الصرفي: فعل مضارع
الجذر: كبر"
سمعوا,"الكلمة: سمعوا
الصنف الصرفي: فعل ماض
الجذر: سمع
الحالة: مبني"
الدمع,"الكلمة: الدمع
الصنف الصرفي: اسم محسوس
الجذر: دمع
الحالة: معرب"
ونطمع,"الكلمة: ونطمع
الصنف الصرفي: فعل مضارع
الجذر: طمع
الحالة: معرب"
يدخلنا,"الكلمة: يدخلنا
الصنف الصرفي: فعل مضارع
الجذر: دخل
الحالة: معرب"
تحرموا,"الكلمة: تحرموا
الصنف الصرفي: فعل مضارع
الجذر: حرم
الحالة: معرب"
رزقكم,"الكلمة: رزقكم
الصنف الصرفي: فعل ماض
الجذر: رزق
الحالة: مبني"
عقدتم,"الكلمة: عقدتم
الصنف الصرفي: فعل ماض
الجذر: عقد
الحالة: مبني"
فكفارته,"الكلمة: فكفارته
الصنف الصرفي: اسم مجرد
الجذر: كفر
الحالة: معرب"
مساكين,"الكلمة: مساكين
الصنف الصرفي: صفة مبالغة
الجذر: سكن
الحالة: معرب"
تطعمون,"الكلمة: تطعمون
الصنف الصرفي: فعل مضارع
الجذر: طعم"
حلفتم,"الكلمة: حلفتم
الصنف الصرفي: فعل ماض
الجذر: حلف
الحالة: مبني"
واحفظوا,"الكلمة: واحفظوا
الصنف الصرفي: فعل أمر
الجذر: حفظ
الحالة: مبني"
والأنصاب,"الكلمة: والأنصاب
الصنف الصرفي: اسم محسوس
الجذر: نصب
الحالة: معرب"
والأزلام,"الكلمة: والأزلام
الصنف الصرفي: اسم محسوس
الجذر: زلم
الحالة: معرب"
فاجتنبوه,"الكلمة: فاجتنبوه
الصنف الصرفي: فعل أمر
الجذر: جنب
الحالة: مبني"
ويصدكم,"الكلمة: ويصدكم
الصنف الصرفي: فعل مضارع
الجذر: صدد
الحالة: معرب"
وعن,"الكلمة: وعن
الصنف الصرفي: حرف جر
الجذر: عن
الحالة: مبني"
فهل,"الكلمة: فهل
الصنف الصرفي: اسم استفهام
الجذر: هل
الحالة: مبني"
طعموا,"الكلمة: طعموا
الصنف الصرفي: فعل ماض
الجذر: طعم
الحالة: مبني"
ورماحكم,"الكلمة: ورماحكم
الصنف الصرفي: اسم محسوس
الجذر: رمح
الحالة: معرب"
ليعلم,"الكلمة: ليعلم
الصنف الصرفي: فعل مضارع
الجذر: علم
الحالة: معرب"
النعم,"الكلمة: النعم
الصنف الصرفي: اسم محسوس
الجذر: نعم
الحالة: معرب"
الكعبة,"الكلمة: الكعبة
الصنف الصرفي: اسم محسوس
الجذر: كعب
الحالة: معرب"
وبال,"الكلمة: وبال
الصنف الصرفي: مصدر
الجذر: NTWS
الحالة: معرب"
فينتقم,"الكلمة: فينتقم
الصنف الصرفي: فعل مضارع
الجذر: نقم
الحالة: معرب"
وطعامه,"الكلمة: وطعامه
الصنف الصرفي: اسم محسوس
الجذر: طعم
الحالة: معرب"
والشهر,"الكلمة: والشهر
الصنف الصرفي: اسم مجرد
الجذر: شهر
الحالة: معرب"
والقلائد,"الكلمة: والقلائد
الصنف الصرفي: اسم محسوس
الجذر: قلد
الحالة: معرب"
لتعلموا,"الكلمة: لتعلموا
الصنف الصرفي: فعل مضارع
الجذر: علم
الحالة: معرب"
اعلموا,"الكلمة: اعلموا
الصنف الصرفي: فعل أمر
الجذر: علم
الحالة: مبني"
أعجبك,"الكلمة: أعجبك
الصنف الصرفي: فعل ماض
الجذر: عجب
الحالة: مبني"
حين,"الكلمة: حين
الصنف الصرفي: ظرف
الجذر: حن
الحالة: معرب"
أصبحوا,"الكلمة: أصبحوا
الصنف الصرفي: فعل ماض
الجذر: صبح
الحالة: مبني"
بحيرة,"الكلمة: بحيرة
الصنف الصرفي: اسم تصغير
الجذر: بحر
الحالة: معرب"
وجدنا,"الكلمة: وجدنا
الصنف الصرفي: فعل ماض
الجذر: جدد
الحالة: مبني"
بينكم,"الكلمة: بينكم
الصنف الصرفي: اسم مجرد
الجذر: NTWS
الحالة: معرب"
اثنان,"الكلمة: اثنان
الصنف الصرفي: اسم عدد
الجذر: ٱثنن
الحالة: معرب"
تحبسونهما,"الكلمة: تحبسونهما
الصنف الصرفي: فعل مضارع
الجذر: حبس
الحالة: معرب"
فيقسمان,"الكلمة: فيقسمان
الصنف الصرفي: فعل مضارع
الجذر: قسم
الحالة: معرب"
ذا,"الكلمة: ذا
الصنف الصرفي: اسم من الأسماء الخمسة
الجذر: ذ
الحالة: معرب"
استحقا,"الكلمة: استحقا
الصنف الصرفي: فعل ماض
الجذر: حقق
الحالة: مبني"
فآخران,"الكلمة: فآخران
الصنف الصرفي: صفة مقارنة
الجذر: فخر
الحالة: معرب"
مقامهما,"الكلمة: مقامهما
الصنف الصرفي: اسم زمان أو مكان
الجذر: قمم
الحالة: معرب"
استحق,"الكلمة: استحق
الصنف الصرفي: فعل ماض
الجذر: حقق
الحالة: مبني"
لشهادتنا,"الكلمة: لشهادتنا
الصنف الصرفي: مصدر
الجذر: شهد
الحالة: معرب"
شهادتهما,"الكلمة: شهادتهما
الصنف الصرفي: مصدر
الجذر: شهد
الحالة: معرب"
بالشهادة,"الكلمة: بالشهادة
الصنف الصرفي: مصدر
الجذر: شهد
الحالة: معرب"
علام,"الكلمة: علام
الصنف الصرفي: صفة مبالغة
الجذر: علم
الحالة: معرب"
علمتك,"الكلمة: علمتك
الصنف الصرفي: فعل ماض
الجذر: علم
الحالة: مبني"
فتنفخ,"الكلمة: فتنفخ
الصنف الصرفي: فعل مضارع
الجذر: نفخ
الحالة: معرب"
وبرسولي,"الكلمة: وبرسولي
الصنف الصرفي: اسم محسوس
الجذر: رسل
الحالة: معرب"
واشهد,"الكلمة: واشهد
الصنف الصرفي: فعل أمر
الجذر: شهد
الحالة: مبني"
وتطمئن,"الكلمة: وتطمئن
الصنف الصرفي: فعل مضارع
الجذر: طمن
الحالة: معرب"
ونعلم,"الكلمة: ونعلم
الصنف الصرفي: فعل مضارع
الجذر: علم
الحالة: معرب"
صدقتنا,"الكلمة: صدقتنا
الصنف الصرفي: فعل ماض
الجذر: صدق
الحالة: مبني"
لأولنا,"الكلمة: لأولنا
الصنف الصرفي: صفة مقارنة
الجذر: ل
الحالة: معرب"
وآية,"الكلمة: وآية
الصنف الصرفي: اسم مجرد
الجذر: ّة
الحالة: معرب"
منك,"الكلمة: منك
الصنف الصرفي: حرف جر
الجذر: من
الحالة: مبني"
أعذبه,"الكلمة: أعذبه
الصنف الصرفي: فعل مضارع
الجذر: عذب
الحالة: معرب"
علمته,"الكلمة: علمته
الصنف الصرفي: فعل ماض
الجذر: علم
الحالة: مبني"
أمرتني,"الكلمة: أمرتني
الصنف الصرفي: فعل ماض
الجذر: مرر
الحالة: مبني"
وكنت,"الكلمة: وكنت
الصنف الصرفي: فعل ماض
الجذر: NTWS
الحالة: مبني"
الرقيب,"الكلمة: الرقيب
الصنف الصرفي: صفة نوعية
الجذر: رقب
الحالة: معرب"
تعذبهم,"الكلمة: تعذبهم
الصنف الصرفي: فعل مضارع
الجذر: عذب
الحالة: معرب"
الصادقين,"الكلمة: الصادقين
الصنف الصرفي: اسم فاعل
الجذر: صدق
الحالة: معرب"
صدقهم,"الكلمة: صدقهم
الصنف الصرفي: مصدر
الجذر: صدق
الحالة: معرب"
ورضوا,"الكلمة: ورضوا
الصنف الصرفي: فعل ماض
الجذر: رضض
الحالة: مبني"
بربهم,"الكلمة: بربهم
الصنف الصرفي: اسم محسوس
الجذر: ربب
الحالة: معرب"
يعدلون,"الكلمة: يعدلون
الصنف الصرفي: فعل مضارع
الجذر: عدل
الحالة: معرب"
وجهركم,"الكلمة: وجهركم
الصنف الصرفي: مصدر
الجذر: جهر
الحالة: معرب"
تكسبون,"الكلمة: تكسبون
الصنف الصرفي: فعل مضارع
الجذر: كسب"
معرضين,"الكلمة: معرضين
الصنف الصرفي: اسم فاعل
الجذر: عرض
الحالة: معرب"
أهلكنا,"الكلمة: أهلكنا
الصنف الصرفي: فعل ماض
الجذر: هلك
الحالة: مبني"
مدرارا,"الكلمة: مدرارا
الصنف الصرفي: صفة مبالغة
الجذر: درر
الحالة: معرب"
تحتهم,"الكلمة: تحتهم
الصنف الصرفي: اسم مجرد
الجذر: تحت
الحالة: معرب"
فأهلكناهم,"الكلمة: فأهلكناهم
الصنف الصرفي: فعل ماض
الجذر: هلك
الحالة: مبني"
وأنشأنا,"الكلمة: وأنشأنا
الصنف الصرفي: فعل ماض
الجذر: NTWS
الحالة: مبني"
فلمسوه,"الكلمة: فلمسوه
الصنف الصرفي: فعل ماض
الجذر: لمس
الحالة: مبني"
جعلناه,"الكلمة: جعلناه
الصنف الصرفي: فعل ماض
الجذر: جعل
الحالة: مبني"
لجعلناه,"الكلمة: لجعلناه
الصنف الصرفي: فعل ماض
الجذر: جعل
الحالة: مبني"
وللبسنا,"الكلمة: وللبسنا
الصنف الصرفي: فعل ماض
الجذر: لبس
الحالة: مبني"
يلبسون,"الكلمة: يلبسون
الصنف الصرفي: فعل مضارع
الجذر: لبس"
سخروا,"الكلمة: سخروا
الصنف الصرفي: فعل ماض
الجذر: سخر
الحالة: مبني"
انظروا,"الكلمة: انظروا
الصنف الصرفي: فعل أمر
الجذر: نظر
الحالة: مبني"
الرحمة,"الكلمة: الرحمة
الصنف الصرفي: مصدر
الجذر: رحم
الحالة: معرب"
خسروا,"الكلمة: خسروا
الصنف الصرفي: فعل ماض
الجذر: خسر
الحالة: مبني"
يمسسك,"الكلمة: يمسسك
الصنف الصرفي: فعل مضارع
الجذر: مسس
الحالة: معرب"
القاهر,"الكلمة: القاهر
الصنف الصرفي: اسم علم
الجذر: قهر
الحالة: معرب"
بيني,"الكلمة: بيني
الصنف الصرفي: اسم مجرد
الجذر: NTWS
الحالة: مبني"
لأنذركم,"الكلمة: لأنذركم
الصنف الصرفي: فعل مضارع
الجذر: نذر
الحالة: معرب"
تشركون,"الكلمة: تشركون
الصنف الصرفي: فعل مضارع
الجذر: شرك"
بآياته,"الكلمة: بآياته
الصنف الصرفي: اسم مجرد
الجذر: NTWS
الحالة: معرب"
نحشرهم,"الكلمة: نحشرهم
الصنف الصرفي: فعل مضارع
الجذر: حشر
الحالة: معرب"
شركاؤكم,"الكلمة: شركاؤكم
الصنف الصرفي: صفة نوعية
الجذر: شرك
الحالة: معرب"
تزعمون,"الكلمة: تزعمون
الصنف الصرفي: فعل مضارع
الجذر: زعم"
مشركين,"الكلمة: مشركين
الصنف الصرفي: اسم فاعل
الجذر: شرك
الحالة: معرب"
يستمع,"الكلمة: يستمع
الصنف الصرفي: فعل مضارع
الجذر: سمع
الحالة: معرب"
يفقهوه,"الكلمة: يفقهوه
الصنف الصرفي: فعل مضارع
الجذر: فقه
الحالة: معرب"
يجادلونك,"الكلمة: يجادلونك
الصنف الصرفي: فعل مضارع
الجذر: جدل
الحالة: معرب"
أساطير,"الكلمة: أساطير
الصنف الصرفي: كلمة أعجمية
الجذر: سطر
الحالة: معرب"
يهلكون,"الكلمة: يهلكون
الصنف الصرفي: فعل مضارع
الجذر: هلك"
وقفوا,"الكلمة: وقفوا
الصنف الصرفي: فعل ماض مجهول
الجذر: قفف
الحالة: مبني"
وإنهم,"الكلمة: وإنهم
الصنف الصرفي: حرف ناسخ
الجذر: نهم
الحالة: مبني"
لكاذبون,"الكلمة: لكاذبون
الصنف الصرفي: اسم فاعل
الجذر: كذب
الحالة: معرب"
بمبعوثين,"الكلمة: بمبعوثين
الصنف الصرفي: اسم مفعول
الجذر: بعث
الحالة: معرب"
وربنا,"الكلمة: وربنا
الصنف الصرفي: اسم محسوس
الجذر: ربب
الحالة: معرب"
حسرتنا,"الكلمة: حسرتنا
الصنف الصرفي: مصدر
الجذر: حسر
الحالة: مبني"
فرطنا,"الكلمة: فرطنا
الصنف الصرفي: فعل ماض
الجذر: فرط
الحالة: مبني"
يحملون,"الكلمة: يحملون
الصنف الصرفي: فعل مضارع
الجذر: حمل"
يزرون,"الكلمة: يزرون
الصنف الصرفي: فعل مضارع
الجذر: زرر"
ولهو,"الكلمة: ولهو
الصنف الصرفي: مصدر
الجذر: NTWS
الحالة: معرب"
ليحزنك,"الكلمة: ليحزنك
الصنف الصرفي: فعل مضارع
الجذر: حزن
الحالة: معرب"
يكذبونك,"الكلمة: يكذبونك
الصنف الصرفي: فعل مضارع
الجذر: كذب
الحالة: معرب"
يجحدون,"الكلمة: يجحدون
الصنف الصرفي: فعل مضارع
الجذر: جحد"
فصبروا,"الكلمة: فصبروا
الصنف الصرفي: فعل ماض
الجذر: صبر
الحالة: مبني"
كذبوا,"الكلمة: كذبوا
الصنف الصرفي: فعل ماض مجهول
الجذر: كذب
الحالة: مبني"
نصرنا,"الكلمة: نصرنا
الصنف الصرفي: مصدر
الجذر: نصر
الحالة: معرب"
لكلمات,"الكلمة: لكلمات
الصنف الصرفي: اسم مجرد
الجذر: كلم
الحالة: معرب"
إعراضهم,"الكلمة: إعراضهم
الصنف الصرفي: مصدر
الجذر: عرض
الحالة: معرب"
لجمعهم,"الكلمة: لجمعهم
الصنف الصرفي: فعل ماض
الجذر: جمع
الحالة: مبني"
يبعثهم,"الكلمة: يبعثهم
الصنف الصرفي: فعل مضارع
الجذر: بعث
الحالة: معرب"
بجناحيه,"الكلمة: بجناحيه
الصنف الصرفي: اسم محسوس
الجذر: جنح
الحالة: معرب"
أمثالكم,"الكلمة: أمثالكم
الصنف الصرفي: اسم مجرد
الجذر: مثل
الحالة: معرب"
يحشرون,"الكلمة: يحشرون
الصنف الصرفي: IV_PASS
الجذر: حشر"
وبكم,"الكلمة: وبكم
الصنف الصرفي: صفة نوعية
الجذر: ب
الحالة: معرب"
يضلله,"الكلمة: يضلله
الصنف الصرفي: فعل مضارع
الجذر: ضلل
الحالة: معرب"
يجعله,"الكلمة: يجعله
الصنف الصرفي: فعل مضارع
الجذر: جعل
الحالة: معرب"
تدعون,"الكلمة: تدعون
الصنف الصرفي: فعل مضارع
الجذر: دعع
الحالة: معرب"
فيكشف,"الكلمة: فيكشف
الصنف الصرفي: فعل مضارع
الجذر: كشف
الحالة: معرب"
يتضرعون,"الكلمة: يتضرعون
الصنف الصرفي: فعل مضارع
الجذر: ضرع"
بأسنا,"الكلمة: بأسنا
الصنف الصرفي: مصدر
الجذر: NTWS
الحالة: معرب"
تضرعوا,"الكلمة: تضرعوا
الصنف الصرفي: فعل ماض
الجذر: ضرع
الحالة: مبني"
فتحنا,"الكلمة: فتحنا
الصنف الصرفي: فعل ماض
الجذر: فتح
الحالة: مبني"
فرحوا,"الكلمة: فرحوا
الصنف الصرفي: فعل ماض
الجذر: فرح
الحالة: مبني"
والحمد,"الكلمة: والحمد
الصنف الصرفي: مصدر
الجذر: حمد
الحالة: معرب"
سمعكم,"الكلمة: سمعكم
الصنف الصرفي: مصدر
الجذر: سمع
الحالة: معرب"
وأبصاركم,"الكلمة: وأبصاركم
الصنف الصرفي: اسم مجرد
الجذر: بصر
الحالة: معرب"
يصدفون,"الكلمة: يصدفون
الصنف الصرفي: فعل مضارع
الجذر: صدف"
يمسهم,"الكلمة: يمسهم
الصنف الصرفي: فعل مضارع
الجذر: مسس
الحالة: معرب"
خزائن,"الكلمة: خزائن
الصنف الصرفي: اسم محسوس
الجذر: خزن
الحالة: معرب"
والبصير,"الكلمة: والبصير
الصنف الصرفي: صفة نوعية
الجذر: بصر
الحالة: معرب"
وأنذر,"الكلمة: وأنذر
الصنف الصرفي: فعل أمر
الجذر: نذر
الحالة: مبني"
يحشروا,"الكلمة: يحشروا
الصنف الصرفي: IV_PASS
الجذر: حشر
الحالة: معرب"
حسابهم,"الكلمة: حسابهم
الصنف الصرفي: مصدر
الجذر: حسب
الحالة: معرب"
حسابك,"الكلمة: حسابك
الصنف الصرفي: مصدر
الجذر: حسب
الحالة: معرب"
فتطردهم,"الكلمة: فتطردهم
الصنف الصرفي: فعل مضارع
الجذر: طرد
الحالة: معرب"
فتننا,"الكلمة: فتننا
الصنف الصرفي: فعل ماض
الجذر: فتن
الحالة: مبني"
بأعلم,"الكلمة: بأعلم
الصنف الصرفي: صفة مقارنة
الجذر: علم
الحالة: معرب"
بالشاكرين,"الكلمة: بالشاكرين
الصنف الصرفي: اسم فاعل
الجذر: شكر
الحالة: معرب"
المجرمين,"الكلمة: المجرمين
الصنف الصرفي: اسم فاعل
الجذر: جرم
الحالة: معرب"
وكذبتم,"الكلمة: وكذبتم
الصنف الصرفي: فعل ماض
الجذر: كذب
الحالة: مبني"
تستعجلون,"الكلمة: تستعجلون
الصنف الصرفي: فعل مضارع
الجذر: عجل"
الفاصلين,"الكلمة: الفاصلين
الصنف الصرفي: اسم فاعل
الجذر: فصل
الحالة: معرب"
وعنده,"الكلمة: وعنده
الصنف الصرفي: 
الجذر: عند
الحالة: مبني"
يعلمها,"الكلمة: يعلمها
الصنف الصرفي: فعل مضارع
الجذر: علم
الحالة: معرب"
والبحر,"الكلمة: والبحر
الصنف الصرفي: اسم محسوس
الجذر: بحر
الحالة: معرب"
جرحتم,"الكلمة: جرحتم
الصنف الصرفي: فعل ماض
الجذر: جرح
الحالة: مبني"
بالنهار,"الكلمة: بالنهار
الصنف الصرفي: اسم مجرد
الجذر: نهر
الحالة: معرب"
يبعثكم,"الكلمة: يبعثكم
الصنف الصرفي: فعل مضارع
الجذر: بعث
الحالة: معرب"
ويرسل,"الكلمة: ويرسل
الصنف الصرفي: فعل مضارع
الجذر: رسل
الحالة: معرب"
يفرطون,"الكلمة: يفرطون
الصنف الصرفي: فعل مضارع
الجذر: فرط"
الحاسبين,"الكلمة: الحاسبين
الصنف الصرفي: اسم فاعل
الجذر: حسب
الحالة: معرب"
تدعونه,"الكلمة: تدعونه
الصنف الصرفي: فعل مضارع
الجذر: دعع
الحالة: معرب"
تضرعا,"الكلمة: تضرعا
الصنف الصرفي: مصدر
الجذر: ضرع
الحالة: معرب"
وخفية,"الكلمة: وخفية
الصنف الصرفي: مصدر
الجذر: خفف
الحالة: معرب"
القادر,"الكلمة: القادر
الصنف الصرفي: اسم فاعل
الجذر: قدر
الحالة: معرب"
أرجلكم,"الكلمة: أرجلكم
الصنف الصرفي: اسم محسوس
الجذر: رجل
الحالة: معرب"
يلبسكم,"الكلمة: يلبسكم
الصنف الصرفي: فعل مضارع
الجذر: لبس
الحالة: معرب"
الذكرى,"الكلمة: الذكرى
الصنف الصرفي: اسم مجرد
الجذر: ذكر
الحالة: معرب"
وغرتهم,"الكلمة: وغرتهم
الصنف الصرفي: فعل ماض
الجذر: غرر
الحالة: مبني"
وعذاب,"الكلمة: وعذاب
الصنف الصرفي: اسم مجرد
الجذر: عذب
الحالة: معرب"
ينفعنا,"الكلمة: ينفعنا
الصنف الصرفي: فعل مضارع
الجذر: نفع
الحالة: معرب"
يضرنا,"الكلمة: يضرنا
الصنف الصرفي: فعل مضارع
الجذر: ضرر
الحالة: معرب"
أعقابنا,"الكلمة: أعقابنا
الصنف الصرفي: اسم مجرد
الجذر: عقب
الحالة: معرب"
هدانا,"الكلمة: هدانا
الصنف الصرفي: فعل ماض
الجذر: هدد
الحالة: مبني"
يدعونه,"الكلمة: يدعونه
الصنف الصرفي: فعل مضارع
الجذر: دعع
الحالة: معرب"
وأمرنا,"الكلمة: وأمرنا
الصنف الصرفي: فعل ماض مجهول
الجذر: مرر
الحالة: مبني"
لنسلم,"الكلمة: لنسلم
الصنف الصرفي: فعل مضارع
الجذر: سلم
الحالة: معرب"
والشهادة,"الكلمة: والشهادة
الصنف الصرفي: اسم مجرد
الجذر: شهد
الحالة: معرب"
لأبيه,"الكلمة: لأبيه
الصنف الصرفي: اسم من الأسماء الخمسة
الجذر: NTWS
الحالة: معرب"
أصناما,"الكلمة: أصناما
الصنف الصرفي: اسم محسوس
الجذر: صنم
الحالة: معرب"
ملكوت,"الكلمة: ملكوت
الصنف الصرفي: اسم مجرد
الجذر: ملك
الحالة: معرب"
يهدني,"الكلمة: يهدني
الصنف الصرفي: فعل مضارع
الجذر: هدد
الحالة: معرب"
وحاجه,"الكلمة: وحاجه
الصنف الصرفي: فعل ماض
الجذر: حجج
الحالة: مبني"
تتذكرون,"الكلمة: تتذكرون
الصنف الصرفي: فعل مضارع
الجذر: ذكر"
أشركتم,"الكلمة: أشركتم
الصنف الصرفي: فعل ماض
الجذر: شرك
الحالة: مبني"
الفريقين,"الكلمة: الفريقين
الصنف الصرفي: اسم محسوس
الجذر: فرق
الحالة: معرب"
يلبسوا,"الكلمة: يلبسوا
الصنف الصرفي: فعل مضارع
الجذر: لبس
الحالة: معرب"
حجتنا,"الكلمة: حجتنا
الصنف الصرفي: اسم مجرد
الجذر: حجج
الحالة: معرب"
إسحاق,"الكلمة: إسحاق
الصنف الصرفي: اسم علم أعجمي
الجذر: NTWS
الحالة: معرب"
ذريته,"الكلمة: ذريته
الصنف الصرفي: مصدر مهني (اسم مهنة)
الجذر: ذرر
الحالة: معرب"
ويوسف,"الكلمة: ويوسف
الصنف الصرفي: اسم علم أعجمي
الجذر: NTWS
الحالة: معرب"
وزكريا,"الكلمة: وزكريا
الصنف الصرفي: اسم علم أعجمي
الجذر: NTWS
الحالة: معرب"
ويحيى,"الكلمة: ويحيى
الصنف الصرفي: اسم علم أعجمي
الجذر: NTWS
الحالة: معرب"
وإلياس,"الكلمة: وإلياس
الصنف الصرفي: اسم علم أعجمي
الجذر: NTWS
الحالة: معرب"
وذرياتهم,"الكلمة: وذرياتهم
الصنف الصرفي: مصدر مهني (اسم مهنة)
الجذر: ذرر
الحالة: معرب"
وكلنا,"الكلمة: وكلنا
الصنف الصرفي: اسم مجرد
الجذر: كلل
الحالة: مبني"
بكافرين,"الكلمة: بكافرين
الصنف الصرفي: اسم فاعل
الجذر: كفر
الحالة: معرب"
اقتده,"الكلمة: اقتده
الصنف الصرفي: فعل أمر
الجذر: قدد
الحالة: مبني"
قدروا,"الكلمة: قدروا
الصنف الصرفي: فعل ماض
الجذر: قدر
الحالة: مبني"
تجعلونه,"الكلمة: تجعلونه
الصنف الصرفي: فعل مضارع
الجذر: جعل
الحالة: معرب"
تبدونها,"الكلمة: تبدونها
الصنف الصرفي: فعل مضارع
الجذر: بدد
الحالة: معرب"
وتخفون,"الكلمة: وتخفون
الصنف الصرفي: فعل مضارع
الجذر: خفف
الحالة: معرب"
وعلمتم,"الكلمة: وعلمتم
الصنف الصرفي: فعل ماض مجهول
الجذر: علم
الحالة: مبني"
يلعبون,"الكلمة: يلعبون
الصنف الصرفي: فعل مضارع
الجذر: لعب"
أنزلناه,"الكلمة: أنزلناه
الصنف الصرفي: فعل ماض
الجذر: نزل
الحالة: مبني"
مبارك,"الكلمة: مبارك
الصنف الصرفي: اسم مفعول
الجذر: برر
الحالة: معرب"
ولتنذر,"الكلمة: ولتنذر
الصنف الصرفي: فعل مضارع
الجذر: نذر
الحالة: معرب"
يحافظون,"الكلمة: يحافظون
الصنف الصرفي: فعل مضارع
الجذر: حفظ"
غمرات,"الكلمة: غمرات
الصنف الصرفي: مصدر لحظي
الجذر: غمر
الحالة: معرب"
تجزون,"الكلمة: تجزون
الصنف الصرفي: IV_PASS
الجذر: جزز"
تستكبرون,"الكلمة: تستكبرون
الصنف الصرفي: فعل مضارع
الجذر: كبر"
فرادى,"الكلمة: فرادى
الصنف الصرفي: اسم محسوس
الجذر: فرد
الحالة: معرب"
خلقناكم,"الكلمة: خلقناكم
الصنف الصرفي: فعل ماض
الجذر: خلق
الحالة: مبني"
وتركتم,"الكلمة: وتركتم
الصنف الصرفي: فعل ماض
الجذر: ترك
الحالة: مبني"
ظهوركم,"الكلمة: ظهوركم
الصنف الصرفي: اسم محسوس
الجذر: ظهر
الحالة: معرب"
شفعاءكم,"الكلمة: شفعاءكم
الصنف الصرفي: صفة نوعية
الجذر: شفع
الحالة: معرب"
زعمتم,"الكلمة: زعمتم
الصنف الصرفي: فعل ماض
الجذر: زعم
الحالة: مبني"
فأنى,"الكلمة: فأنى
الصنف الصرفي: اسم استفهام
الجذر: نّ"
الإصباح,"الكلمة: الإصباح
الصنف الصرفي: مصدر
الجذر: صبح
الحالة: معرب"
والشمس,"الكلمة: والشمس
الصنف الصرفي: اسم محسوس
الجذر: شمس
الحالة: معرب"
والقمر,"الكلمة: والقمر
الصنف الصرفي: اسم محسوس
الجذر: قمر
الحالة: معرب"
حسبانا,"الكلمة: حسبانا
الصنف الصرفي: مصدر
الجذر: حسب
الحالة: معرب"
فصلنا,"الكلمة: فصلنا
الصنف الصرفي: فعل ماض
الجذر: فصل
الحالة: مبني"
أنشأكم,"الكلمة: أنشأكم
الصنف الصرفي: فعل ماض
الجذر: NTWS
الحالة: مبني"
فمستقر,"الكلمة: فمستقر
الصنف الصرفي: اسم زمان أو مكان
الجذر: قرر
الحالة: معرب"
فأخرجنا,"الكلمة: فأخرجنا
الصنف الصرفي: فعل ماض
الجذر: خرج
الحالة: مبني"
النخل,"الكلمة: النخل
الصنف الصرفي: اسم محسوس
الجذر: نخل
الحالة: معرب"
طلعها,"الكلمة: طلعها
الصنف الصرفي: اسم محسوس
الجذر: طلع
الحالة: معرب"
دانية,"الكلمة: دانية
الصنف الصرفي: اسم فاعل
الجذر: دن
الحالة: معرب"
أعناب,"الكلمة: أعناب
الصنف الصرفي: اسم محسوس
الجذر: عنب
الحالة: معرب"
مشتبها,"الكلمة: مشتبها
الصنف الصرفي: اسم فاعل
الجذر: شبه
الحالة: معرب"
متشابه,"الكلمة: متشابه
الصنف الصرفي: اسم فاعل
الجذر: شبه
الحالة: معرب"
وجعلوا,"الكلمة: وجعلوا
الصنف الصرفي: فعل ماض
الجذر: جعل
الحالة: مبني"
وخلقهم,"الكلمة: وخلقهم
الصنف الصرفي: فعل ماض
الجذر: خلق
الحالة: مبني"
وخرقوا,"الكلمة: وخرقوا
الصنف الصرفي: فعل ماض
الجذر: خرق
الحالة: مبني"
بنين,"الكلمة: بنين
الصنف الصرفي: اسم محسوس
الجذر: NTWS
الحالة: معرب"
يصفون,"الكلمة: يصفون
الصنف الصرفي: فعل مضارع
الجذر: صفف"
تدركه,"الكلمة: تدركه
الصنف الصرفي: فعل مضارع
الجذر: درك
الحالة: معرب"
اللطيف,"الكلمة: اللطيف
الصنف الصرفي: اسم علم
الجذر: لطف
الحالة: معرب"
بصائر,"الكلمة: بصائر
الصنف الصرفي: اسم مجرد
الجذر: بصر
الحالة: معرب"
فلنفسه,"الكلمة: فلنفسه
الصنف الصرفي: اسم مجرد
الجذر: نفس
الحالة: معرب"
فعليها,"الكلمة: فعليها
الصنف الصرفي: حرف جر
الجذر: فعل
الحالة: مبني"
بحفيظ,"الكلمة: بحفيظ
الصنف الصرفي: صفة نوعية
الجذر: حفظ
الحالة: معرب"
وأعرض,"الكلمة: وأعرض
الصنف الصرفي: فعل أمر
الجذر: عرض
الحالة: مبني"
جعلناك,"الكلمة: جعلناك
الصنف الصرفي: فعل ماض
الجذر: جعل
الحالة: مبني"
تسبوا,"الكلمة: تسبوا
الصنف الصرفي: فعل مضارع
الجذر: سبب
الحالة: معرب"
فيسبوا,"الكلمة: فيسبوا
الصنف الصرفي: فعل مضارع
الجذر: سبب
الحالة: معرب"
عملهم,"الكلمة: عملهم
الصنف الصرفي: مصدر
الجذر: عمل
الحالة: معرب"
مرجعهم,"الكلمة: مرجعهم
الصنف الصرفي: مصدر ميمي
الجذر: رجع
الحالة: معرب"
وأقسموا,"الكلمة: وأقسموا
الصنف الصرفي: فعل ماض
الجذر: قسم
الحالة: مبني"
يشعركم,"الكلمة: يشعركم
الصنف الصرفي: فعل مضارع
الجذر: شعر
الحالة: معرب"
ونقلب,"الكلمة: ونقلب
الصنف الصرفي: فعل مضارع
الجذر: قلب
الحالة: معرب"
ونذرهم,"الكلمة: ونذرهم
الصنف الصرفي: فعل مضارع
الجذر: نذر
الحالة: معرب"
وكلمهم,"الكلمة: وكلمهم
الصنف الصرفي: فعل ماض
الجذر: كلم
الحالة: مبني"
وحشرنا,"الكلمة: وحشرنا
الصنف الصرفي: فعل ماض
الجذر: حشر
الحالة: مبني"
يجهلون,"الكلمة: يجهلون
الصنف الصرفي: فعل مضارع
الجذر: جهل"
شياطين,"الكلمة: شياطين
الصنف الصرفي: اسم محسوس
الجذر: شطن
الحالة: معرب"
والجن,"الكلمة: والجن
الصنف الصرفي: اسم منسوب
الجذر: لجن
الحالة: معرب"
فذرهم,"الكلمة: فذرهم
الصنف الصرفي: فعل أمر
الجذر: ذرر
الحالة: مبني"
وليقترفوا,"الكلمة: وليقترفوا
الصنف الصرفي: فعل مضارع
الجذر: قرف
الحالة: معرب"
مقترفون,"الكلمة: مقترفون
الصنف الصرفي: اسم فاعل
الجذر: قرف
الحالة: معرب"
مفصلا,"الكلمة: مفصلا
الصنف الصرفي: اسم مفعول
الجذر: فصل
الحالة: معرب"
وعدلا,"الكلمة: وعدلا
الصنف الصرفي: مصدر
الجذر: عدل
الحالة: معرب"
لكلماته,"الكلمة: لكلماته
الصنف الصرفي: اسم مجرد
الجذر: كلم
الحالة: معرب"
يخرصون,"الكلمة: يخرصون
الصنف الصرفي: فعل مضارع
الجذر: خرص"
اضطررتم,"الكلمة: اضطررتم
الصنف الصرفي: فعل ماض
الجذر: ضرر
الحالة: مبني"
بالمعتدين,"الكلمة: بالمعتدين
الصنف الصرفي: اسم فاعل
الجذر: عدد
الحالة: معرب"
وباطنه,"الكلمة: وباطنه
الصنف الصرفي: اسم فاعل
الجذر: بطن
الحالة: معرب"
سيجزون,"الكلمة: سيجزون
الصنف الصرفي: IV_PASS
الجذر: جزز
الحالة: معرب"
يقترفون,"الكلمة: يقترفون
الصنف الصرفي: فعل مضارع
الجذر: قرف"
ليجادلوكم,"الكلمة: ليجادلوكم
الصنف الصرفي: فعل مضارع
الجذر: جدل
الحالة: معرب"
لمشركون,"الكلمة: لمشركون
الصنف الصرفي: اسم فاعل
الجذر: شرك
الحالة: معرب"
بخارج,"الكلمة: بخارج
الصنف الصرفي: اسم فاعل
الجذر: خرج
الحالة: معرب"
مجرميها,"الكلمة: مجرميها
الصنف الصرفي: اسم فاعل
الجذر: جرم
الحالة: معرب"
ليمكروا,"الكلمة: ليمكروا
الصنف الصرفي: فعل مضارع
الجذر: مكر
الحالة: معرب"
يمكرون,"الكلمة: يمكرون
الصنف الصرفي: فعل مضارع
الجذر: مكر"
أجرموا,"الكلمة: أجرموا
الصنف الصرفي: فعل ماض
الجذر: جرم
الحالة: مبني"
السلام,"الكلمة: السلام
الصنف الصرفي: اسم علم
الجذر: سلم
الحالة: معرب"
وليهم,"الكلمة: وليهم
الصنف الصرفي: اسم محسوس
الجذر: همم
الحالة: معرب"
يحشرهم,"الكلمة: يحشرهم
الصنف الصرفي: فعل مضارع
الجذر: حشر
الحالة: معرب"
استكثرتم,"الكلمة: استكثرتم
الصنف الصرفي: فعل ماض
الجذر: كثر
الحالة: مبني"
استمتع,"الكلمة: استمتع
الصنف الصرفي: فعل ماض
الجذر: متع
الحالة: مبني"
وبلغنا,"الكلمة: وبلغنا
الصنف الصرفي: فعل ماض
الجذر: بلغ
الحالة: مبني"
أجلنا,"الكلمة: أجلنا
الصنف الصرفي: اسم مجرد
الجذر: جلل
الحالة: معرب"
يقصون,"الكلمة: يقصون
الصنف الصرفي: فعل مضارع
الجذر: قصص"
وينذرونكم,"الكلمة: وينذرونكم
الصنف الصرفي: فعل مضارع
الجذر: نذر
الحالة: معرب"
شهدنا,"الكلمة: شهدنا
الصنف الصرفي: فعل ماض
الجذر: شهد
الحالة: مبني"
غافلون,"الكلمة: غافلون
الصنف الصرفي: اسم فاعل
الجذر: غفل
الحالة: معرب"
عملوا,"الكلمة: عملوا
الصنف الصرفي: فعل ماض
الجذر: عمل
الحالة: مبني"
ويستخلف,"الكلمة: ويستخلف
الصنف الصرفي: فعل مضارع
الجذر: خلف
الحالة: معرب"
بعدكم,"الكلمة: بعدكم
الصنف الصرفي: ظرف
الجذر: بعد
الحالة: معرب"
اعملوا,"الكلمة: اعملوا
الصنف الصرفي: فعل أمر
الجذر: عمل
الحالة: مبني"
بزعمهم,"الكلمة: بزعمهم
الصنف الصرفي: مصدر
الجذر: زعم
الحالة: معرب"
لشركائنا,"الكلمة: لشركائنا
الصنف الصرفي: اسم محسوس
الجذر: شرك
الحالة: معرب"
لشركائهم,"الكلمة: لشركائهم
الصنف الصرفي: اسم محسوس
الجذر: شرك
الحالة: معرب"
شركائهم,"الكلمة: شركائهم
الصنف الصرفي: صفة نوعية
الجذر: شرك
الحالة: معرب"
يحكمون,"الكلمة: يحكمون
الصنف الصرفي: فعل مضارع
الجذر: حكم"
لكثير,"الكلمة: لكثير
الصنف الصرفي: صفة نوعية
الجذر: كثر
الحالة: معرب"
شركاؤهم,"الكلمة: شركاؤهم
الصنف الصرفي: اسم محسوس
الجذر: شرك
الحالة: معرب"
ليردوهم,"الكلمة: ليردوهم
الصنف الصرفي: فعل مضارع
الجذر: ردد
الحالة: معرب"
وليلبسوا,"الكلمة: وليلبسوا
الصنف الصرفي: فعل مضارع
الجذر: لبس
الحالة: معرب"
أنعام,"الكلمة: أنعام
الصنف الصرفي: اسم محسوس
الجذر: نعم
الحالة: معرب"
يطعمها,"الكلمة: يطعمها
الصنف الصرفي: فعل مضارع
الجذر: طعم
الحالة: معرب"
وأنعام,"الكلمة: وأنعام
الصنف الصرفي: اسم محسوس
الجذر: نعم
الحالة: معرب"
لذكورنا,"الكلمة: لذكورنا
الصنف الصرفي: اسم محسوس
الجذر: ذكر
الحالة: معرب"
ومحرم,"الكلمة: ومحرم
الصنف الصرفي: اسم مفعول
الجذر: حرم
الحالة: معرب"
وصفهم,"الكلمة: وصفهم
الصنف الصرفي: مصدر
الجذر: صفف
الحالة: معرب"
قتلوا,"الكلمة: قتلوا
الصنف الصرفي: فعل ماض
الجذر: قتل
الحالة: مبني"
وحرموا,"الكلمة: وحرموا
الصنف الصرفي: فعل ماض
الجذر: حرم
الحالة: مبني"
أنشأ,"الكلمة: أنشأ
الصنف الصرفي: فعل ماض
الجذر: NTWS
الحالة: مبني"
والنخل,"الكلمة: والنخل
الصنف الصرفي: اسم محسوس
الجذر: نخل
الحالة: معرب"
والزرع,"الكلمة: والزرع
الصنف الصرفي: اسم محسوس
الجذر: زرع
الحالة: معرب"
مختلفا,"الكلمة: مختلفا
الصنف الصرفي: اسم فاعل
الجذر: خلف
الحالة: معرب"
حصاده,"الكلمة: حصاده
الصنف الصرفي: مصدر
الجذر: حصد
الحالة: معرب"
تسرفوا,"الكلمة: تسرفوا
الصنف الصرفي: فعل مضارع
الجذر: سرف
الحالة: معرب"
المسرفين,"الكلمة: المسرفين
الصنف الصرفي: اسم فاعل
الجذر: سرف
الحالة: معرب"
حمولة,"الكلمة: حمولة
الصنف الصرفي: اسم محسوس
الجذر: حمل
الحالة: معرب"
وفرشا,"الكلمة: وفرشا
الصنف الصرفي: اسم محسوس
الجذر: فرش
الحالة: معرب"
ثمانية,"الكلمة: ثمانية
الصنف الصرفي: اسم عدد
الجذر: ثمن
الحالة: معرب"
اثنين,"الكلمة: اثنين
الصنف الصرفي: اسم عدد
الجذر: ٱثنن
الحالة: معرب"
المعز,"الكلمة: المعز
الصنف الصرفي: اسم محسوس
الجذر: معز
الحالة: معرب"
اشتملت,"الكلمة: اشتملت
الصنف الصرفي: فعل ماض
الجذر: شمل
الحالة: مبني"
أرحام,"الكلمة: أرحام
الصنف الصرفي: اسم محسوس
الجذر: رحم
الحالة: معرب"
ومن,"الكلمة: ومن
الصنف الصرفي: اسم موصول
الجذر: من
الحالة: مبني"
محرما,"الكلمة: محرما
الصنف الصرفي: اسم مفعول
الجذر: حرم
الحالة: معرب"
والغنم,"الكلمة: والغنم
الصنف الصرفي: اسم محسوس
الجذر: غنم
الحالة: معرب"
شحومهما,"الكلمة: شحومهما
الصنف الصرفي: اسم محسوس
الجذر: شحم
الحالة: معرب"
ظهورهما,"الكلمة: ظهورهما
الصنف الصرفي: اسم محسوس
الجذر: ظهر
الحالة: معرب"
اختلط,"الكلمة: اختلط
الصنف الصرفي: فعل ماض
الجذر: خلط
الحالة: مبني"
بأسه,"الكلمة: بأسه
الصنف الصرفي: مصدر
الجذر: NTWS
الحالة: معرب"
أشركنا,"الكلمة: أشركنا
الصنف الصرفي: فعل ماض
الجذر: شرك
الحالة: مبني"
عندكم,"الكلمة: عندكم
الصنف الصرفي: ظرف
الجذر: عند
الحالة: مبني"
فتخرجوه,"الكلمة: فتخرجوه
الصنف الصرفي: فعل مضارع
الجذر: خرج
الحالة: معرب"
تتبعون,"الكلمة: تتبعون
الصنف الصرفي: فعل مضارع
الجذر: تبع"
تخرصون,"الكلمة: تخرصون
الصنف الصرفي: فعل مضارع
الجذر: خرص"
الحجة,"الكلمة: الحجة
الصنف الصرفي: اسم مجرد
الجذر: حجج
الحالة: معرب"
لهداكم,"الكلمة: لهداكم
الصنف الصرفي: فعل ماض
الجذر: لهد
الحالة: مبني"
إملاق,"الكلمة: إملاق
الصنف الصرفي: اسم مجرد
الجذر: ملق
الحالة: معرب"
نرزقكم,"الكلمة: نرزقكم
الصنف الصرفي: فعل مضارع
الجذر: رزق
الحالة: معرب"
الفواحش,"الكلمة: الفواحش
الصنف الصرفي: اسم مجرد
الجذر: فحش
الحالة: معرب"
وبعهد,"الكلمة: وبعهد
الصنف الصرفي: مصدر
الجذر: عهد
الحالة: معرب"
تذكرون,"الكلمة: تذكرون
الصنف الصرفي: فعل مضارع
الجذر: ذكر
الحالة: معرب"
صراطي,"الكلمة: صراطي
الصنف الصرفي: اسم مجرد
الجذر: صرط
الحالة: معرب"
فاتبعوه,"الكلمة: فاتبعوه
الصنف الصرفي: فعل أمر
الجذر: تبع
الحالة: مبني"
السبل,"الكلمة: السبل
الصنف الصرفي: اسم مجرد
الجذر: سبل
الحالة: معرب"
فتفرق,"الكلمة: فتفرق
الصنف الصرفي: فعل ماض
الجذر: فرق
الحالة: معرب"
تماما,"الكلمة: تماما
الصنف الصرفي: مصدر
الجذر: تمم
الحالة: معرب"
وتفصيلا,"الكلمة: وتفصيلا
الصنف الصرفي: مصدر
الجذر: فصل
الحالة: معرب"
دراستهم,"الكلمة: دراستهم
الصنف الصرفي: مصدر
الجذر: درس
الحالة: معرب"
لغافلين,"الكلمة: لغافلين
الصنف الصرفي: اسم فاعل
الجذر: غفل
الحالة: معرب"
لكننا,"الكلمة: لكننا
الصنف الصرفي: فعل ماض
الجذر: لكن
الحالة: مبني"
انتظروا,"الكلمة: انتظروا
الصنف الصرفي: فعل أمر
الجذر: نظر
الحالة: مبني"
منتظرون,"الكلمة: منتظرون
الصنف الصرفي: اسم فاعل
الجذر: نظر
الحالة: معرب"
فرقوا,"الكلمة: فرقوا
الصنف الصرفي: فعل ماض
الجذر: فرق
الحالة: مبني"
أمرهم,"الكلمة: أمرهم
الصنف الصرفي: اسم مجرد
الجذر: مرر
الحالة: معرب"
بالحسنة,"الكلمة: بالحسنة
الصنف الصرفي: اسم مجرد
الجذر: حسن
الحالة: معرب"
أمثالها,"الكلمة: أمثالها
الصنف الصرفي: اسم مجرد
الجذر: مثل
الحالة: معرب"
هداني,"الكلمة: هداني
الصنف الصرفي: فعل ماض
الجذر: هدد
الحالة: مبني"
ونسكي,"الكلمة: ونسكي
الصنف الصرفي: مصدر
الجذر: نسك
الحالة: معرب"
وبذلك,"الكلمة: وبذلك
الصنف الصرفي: اسم إشارة
الجذر: بذل"
المسلمين,"الكلمة: المسلمين
الصنف الصرفي: اسم فاعل
الجذر: سلم
الحالة: معرب"
وازرة,"الكلمة: وازرة
الصنف الصرفي: اسم فاعل
الجذر: زرر
الحالة: معرب"
جعلكم,"الكلمة: جعلكم
الصنف الصرفي: فعل ماض
الجذر: جعل
الحالة: مبني"
خلائف,"الكلمة: خلائف
الصنف الصرفي: صفة نوعية
الجذر: خلف
الحالة: معرب"
لغفور,"الكلمة: لغفور
الصنف الصرفي: صفة مبالغة
الجذر: غفر
الحالة: معرب"
لتنذر,"الكلمة: لتنذر
الصنف الصرفي: فعل مضارع
الجذر: نذر
الحالة: معرب"
وذكرى,"الكلمة: وذكرى
الصنف الصرفي: مصدر
الجذر: ذكر
الحالة: معرب"
وكم,"الكلمة: وكم
الصنف الصرفي: اسم استفهام
الجذر: كم
الحالة: مبني"
أهلكناها,"الكلمة: أهلكناها
الصنف الصرفي: فعل ماض
الجذر: هلك
الحالة: مبني"
ظالمين,"الكلمة: ظالمين
الصنف الصرفي: اسم فاعل
الجذر: ظلم
الحالة: معرب"
الساجدين,"الكلمة: الساجدين
الصنف الصرفي: اسم فاعل
الجذر: سجد
الحالة: معرب"
أمرتك,"الكلمة: أمرتك
الصنف الصرفي: فعل ماض
الجذر: مرر
الحالة: مبني"
خلقتني,"الكلمة: خلقتني
الصنف الصرفي: فعل ماض
الجذر: خلق
الحالة: مبني"
وخلقته,"الكلمة: وخلقته
الصنف الصرفي: فعل ماض
الجذر: خلق
الحالة: مبني"
فاهبط,"الكلمة: فاهبط
الصنف الصرفي: فعل أمر
الجذر: هبط
الحالة: مبني"
تتكبر,"الكلمة: تتكبر
الصنف الصرفي: فعل مضارع
الجذر: كبر
الحالة: معرب"
فاخرج,"الكلمة: فاخرج
الصنف الصرفي: فعل أمر
الجذر: خرج
الحالة: مبني"
الصاغرين,"الكلمة: الصاغرين
الصنف الصرفي: اسم فاعل
الجذر: صغر
الحالة: معرب"
أنظرني,"الكلمة: أنظرني
الصنف الصرفي: فعل أمر
الجذر: نظر
الحالة: مبني"
يبعثون,"الكلمة: يبعثون
الصنف الصرفي: IV_PASS
الجذر: بعث"
المنظرين,"الكلمة: المنظرين
الصنف الصرفي: اسم مفعول
الجذر: نظر
الحالة: معرب"
فبما,"الكلمة: فبما
الصنف الصرفي: اسم موصول
الجذر: بم
الحالة: مبني"
لأقعدن,"الكلمة: لأقعدن
الصنف الصرفي: فعل مضارع
الجذر: قعد
الحالة: مبني"
صراطك,"الكلمة: صراطك
الصنف الصرفي: اسم مجرد
الجذر: صرط
الحالة: معرب"
شمائلهم,"الكلمة: شمائلهم
الصنف الصرفي: اسم مجرد
الجذر: شمل
الحالة: معرب"
شاكرين,"الكلمة: شاكرين
الصنف الصرفي: اسم فاعل
الجذر: شكر
الحالة: معرب"
مدحورا,"الكلمة: مدحورا
الصنف الصرفي: اسم مفعول
الجذر: دحر
الحالة: معرب"
لهما,"الكلمة: لهما
الصنف الصرفي: ضمير
الجذر: ل"
ربكما,"الكلمة: ربكما
الصنف الصرفي: اسم محسوس
الجذر: ربب
الحالة: معرب"
تكونا,"الكلمة: تكونا
الصنف الصرفي: فعل مضارع
الجذر: تكك
الحالة: معرب"
ملكين,"الكلمة: ملكين
الصنف الصرفي: اسم مجرد
الجذر: ملك
الحالة: معرب"
الخالدين,"الكلمة: الخالدين
الصنف الصرفي: اسم فاعل
الجذر: خلد
الحالة: معرب"
وقاسمهما,"الكلمة: وقاسمهما
الصنف الصرفي: فعل ماض
الجذر: قسم
الحالة: مبني"
لكما,"الكلمة: لكما
الصنف الصرفي: حرف جر
الجذر: ل
الحالة: مبني"
الناصحين,"الكلمة: الناصحين
الصنف الصرفي: اسم فاعل
الجذر: نصح
الحالة: معرب"
فدلاهما,"الكلمة: فدلاهما
الصنف الصرفي: فعل ماض
الجذر: دلل
الحالة: مبني"
بغرور,"الكلمة: بغرور
الصنف الصرفي: مصدر
الجذر: غرر
الحالة: معرب"
وطفقا,"الكلمة: وطفقا
الصنف الصرفي: فعل ماض
الجذر: طفق
الحالة: مبني"
يخصفان,"الكلمة: يخصفان
الصنف الصرفي: فعل مضارع
الجذر: خصف"
ربهما,"الكلمة: ربهما
الصنف الصرفي: اسم محسوس
الجذر: ربب
الحالة: معرب"
تلكما,"الكلمة: تلكما
الصنف الصرفي: اسم إشارة
الجذر: تلل"
ظلمنا,"الكلمة: ظلمنا
الصنف الصرفي: فعل ماض
الجذر: ظلم
الحالة: مبني"
وترحمنا,"الكلمة: وترحمنا
الصنف الصرفي: فعل مضارع
الجذر: رحم
الحالة: معرب"
ومنها,"الكلمة: ومنها
الصنف الصرفي: حرف جر
الجذر: من
الحالة: مبني"
تخرجون,"الكلمة: تخرجون
الصنف الصرفي: IV_PASS
الجذر: خرج"
ولباس,"الكلمة: ولباس
الصنف الصرفي: اسم محسوس
الجذر: لبس
الحالة: معرب"
لباسهما,"الكلمة: لباسهما
الصنف الصرفي: اسم محسوس
الجذر: لبس
الحالة: معرب"
يراكم,"الكلمة: يراكم
الصنف الصرفي: فعل مضارع
الجذر: ركم
الحالة: معرب"
وقبيله,"الكلمة: وقبيله
الصنف الصرفي: اسم محسوس
الجذر: قبل
الحالة: معرب"
أمرنا,"الكلمة: أمرنا
الصنف الصرفي: فعل ماض
الجذر: مرر
الحالة: مبني"
مخلصين,"الكلمة: مخلصين
الصنف الصرفي: اسم فاعل
الجذر: خلص
الحالة: معرب"
بدأكم,"الكلمة: بدأكم
الصنف الصرفي: فعل ماض
الجذر: بدد
الحالة: مبني"
ويحسبون,"الكلمة: ويحسبون
الصنف الصرفي: فعل مضارع
الجذر: حسب
الحالة: معرب"
لعباده,"الكلمة: لعباده
الصنف الصرفي: اسم محسوس
الجذر: عبد
الحالة: معرب"
الرزق,"الكلمة: الرزق
الصنف الصرفي: مصدر
الجذر: رزق
الحالة: معرب"
أجلهم,"الكلمة: أجلهم
الصنف الصرفي: اسم مجرد
الجذر: جلل
الحالة: معرب"
يستقدمون,"الكلمة: يستقدمون
الصنف الصرفي: فعل مضارع
الجذر: قدم"
أضلونا,"الكلمة: أضلونا
الصنف الصرفي: فعل ماض
الجذر: ضلل
الحالة: مبني"
فآتهم,"الكلمة: فآتهم
الصنف الصرفي: فعل أمر
الجذر: تهم
الحالة: مبني"
الجمل,"الكلمة: الجمل
الصنف الصرفي: اسم محسوس
الجذر: جمل
الحالة: معرب"
ونزعنا,"الكلمة: ونزعنا
الصنف الصرفي: فعل ماض
الجذر: نزع
الحالة: مبني"
لهذا,"الكلمة: لهذا
الصنف الصرفي: اسم إشارة
الجذر: ه"
وعدنا,"الكلمة: وعدنا
الصنف الصرفي: فعل ماض
الجذر: عدد
الحالة: مبني"
كافرون,"الكلمة: كافرون
الصنف الصرفي: اسم فاعل
الجذر: كفر
الحالة: معرب"
وبينهما,"الكلمة: وبينهما
الصنف الصرفي: ظرف
الجذر: NTWS
الحالة: معرب"
الأعراف,"الكلمة: الأعراف
الصنف الصرفي: اسم محسوس
الجذر: عرف
الحالة: معرب"
يطمعون,"الكلمة: يطمعون
الصنف الصرفي: فعل مضارع
الجذر: طمع"
تجعلنا,"الكلمة: تجعلنا
الصنف الصرفي: فعل مضارع
الجذر: جعل
الحالة: معرب"
يعرفونهم,"الكلمة: يعرفونهم
الصنف الصرفي: فعل مضارع
الجذر: عرف
الحالة: معرب"
جمعكم,"الكلمة: جمعكم
الصنف الصرفي: اسم محسوس
الجذر: جمع
الحالة: معرب"
أقسمتم,"الكلمة: أقسمتم
الصنف الصرفي: فعل ماض
الجذر: قسم
الحالة: مبني"
برحمة,"الكلمة: برحمة
الصنف الصرفي: مصدر
الجذر: رحم
الحالة: معرب"
تحزنون,"الكلمة: تحزنون
الصنف الصرفي: فعل مضارع
الجذر: حزن"
حرمهما,"الكلمة: حرمهما
الصنف الصرفي: فعل ماض
الجذر: حرم
الحالة: مبني"
فاليوم,"الكلمة: فاليوم
الصنف الصرفي: ظرف
الجذر: لم
الحالة: معرب"
فصلناه,"الكلمة: فصلناه
الصنف الصرفي: فعل ماض
الجذر: فصل
الحالة: مبني"
شفعاء,"الكلمة: شفعاء
الصنف الصرفي: صفة نوعية
الجذر: شفع
الحالة: معرب"
فيشفعوا,"الكلمة: فيشفعوا
الصنف الصرفي: فعل مضارع
الجذر: شفع
الحالة: معرب"
فنعمل,"الكلمة: فنعمل
الصنف الصرفي: فعل مضارع
الجذر: عمل
الحالة: معرب"
العرش,"الكلمة: العرش
الصنف الصرفي: اسم محسوس
الجذر: عرش
الحالة: معرب"
يطلبه,"الكلمة: يطلبه
الصنف الصرفي: فعل مضارع
الجذر: طلب
الحالة: معرب"
حثيثا,"الكلمة: حثيثا
الصنف الصرفي: صفة نوعية
الجذر: حثث
الحالة: معرب"
والنجوم,"الكلمة: والنجوم
الصنف الصرفي: اسم محسوس
الجذر: نجم
الحالة: معرب"
مسخرات,"الكلمة: مسخرات
الصنف الصرفي: اسم مفعول
الجذر: سخر
الحالة: معرب"
تبارك,"الكلمة: تبارك
الصنف الصرفي: فعل ماض
الجذر: تبر
الحالة: مبني"
إصلاحها,"الكلمة: إصلاحها
الصنف الصرفي: مصدر
الجذر: صلح
الحالة: معرب"
وطمعا,"الكلمة: وطمعا
الصنف الصرفي: مصدر
الجذر: طمع
الحالة: معرب"
رحمته,"الكلمة: رحمته
الصنف الصرفي: مصدر
الجذر: رحم
الحالة: معرب"
سحابا,"الكلمة: سحابا
الصنف الصرفي: اسم محسوس
الجذر: سحب
الحالة: معرب"
ثقالا,"الكلمة: ثقالا
الصنف الصرفي: صفة نوعية
الجذر: ثقل
الحالة: معرب"
والبلد,"الكلمة: والبلد
الصنف الصرفي: اسم محسوس
الجذر: بلد
الحالة: معرب"
نباته,"الكلمة: نباته
الصنف الصرفي: اسم محسوس
الجذر: نبت
الحالة: معرب"
ضلالة,"الكلمة: ضلالة
الصنف الصرفي: مصدر
الجذر: ضلل
الحالة: معرب"
ولكني,"الكلمة: ولكني
الصنف الصرفي: حرف ناسخ
الجذر: لكن
الحالة: مبني"
أبلغكم,"الكلمة: أبلغكم
الصنف الصرفي: فعل مضارع
الجذر: بلغ
الحالة: معرب"
رسالات,"الكلمة: رسالات
الصنف الصرفي: اسم مجرد
الجذر: رسل
الحالة: معرب"
وأنصح,"الكلمة: وأنصح
الصنف الصرفي: فعل مضارع
الجذر: نصح
الحالة: معرب"
لينذركم,"الكلمة: لينذركم
الصنف الصرفي: فعل مضارع
الجذر: نذر
الحالة: معرب"
فكذبوه,"الكلمة: فكذبوه
الصنف الصرفي: فعل ماض
الجذر: كذب
الحالة: مبني"
الفلك,"الكلمة: الفلك
الصنف الصرفي: اسم محسوس
الجذر: فلك
الحالة: معرب"
سفاهة,"الكلمة: سفاهة
الصنف الصرفي: مصدر
الجذر: سفه
الحالة: معرب"
لنظنك,"الكلمة: لنظنك
الصنف الصرفي: فعل مضارع
الجذر: ظنن
الحالة: معرب"
خلفاء,"الكلمة: خلفاء
الصنف الصرفي: اسم محسوس
الجذر: خلف
الحالة: معرب"
لنعبد,"الكلمة: لنعبد
الصنف الصرفي: فعل مضارع
الجذر: عبد
الحالة: معرب"
وحده,"الكلمة: وحده
الصنف الصرفي: اسم مجرد
الجذر: حدة
الحالة: معرب"
يعبد,"الكلمة: يعبد
الصنف الصرفي: فعل مضارع
الجذر: NTWS
الحالة: معرب"
فأتنا,"الكلمة: فأتنا
الصنف الصرفي: فعل أمر
الجذر: فتن
الحالة: مبني"
تعدنا,"الكلمة: تعدنا
الصنف الصرفي: فعل مضارع
الجذر: عدد
الحالة: معرب"
فانتظروا,"الكلمة: فانتظروا
الصنف الصرفي: فعل أمر
الجذر: نظر
الحالة: مبني"
المنتظرين,"الكلمة: المنتظرين
الصنف الصرفي: اسم فاعل
الجذر: نظر
الحالة: معرب"
وقطعنا,"الكلمة: وقطعنا
الصنف الصرفي: فعل ماض
الجذر: قطع
الحالة: مبني"
فذروها,"الكلمة: فذروها
الصنف الصرفي: فعل أمر
الجذر: ذرر
الحالة: مبني"
تمسوها,"الكلمة: تمسوها
الصنف الصرفي: فعل مضارع
الجذر: مسس
الحالة: معرب"
سهولها,"الكلمة: سهولها
الصنف الصرفي: اسم محسوس
الجذر: سهل
الحالة: معرب"
قصورا,"الكلمة: قصورا
الصنف الصرفي: اسم محسوس
الجذر: قصر
الحالة: معرب"
وتنحتون,"الكلمة: وتنحتون
الصنف الصرفي: فعل مضارع
الجذر: نحت
الحالة: معرب"
الجبال,"الكلمة: الجبال
الصنف الصرفي: اسم محسوس
الجذر: جبل
الحالة: معرب"
بيوتا,"الكلمة: بيوتا
الصنف الصرفي: اسم محسوس
الجذر: NTWS
الحالة: معرب"
استكبروا,"الكلمة: استكبروا
الصنف الصرفي: فعل ماض
الجذر: كبر
الحالة: مبني"
استضعفوا,"الكلمة: استضعفوا
الصنف الصرفي: فعل ماض مجهول
الجذر: ضعف
الحالة: مبني"
فعقروا,"الكلمة: فعقروا
الصنف الصرفي: فعل ماض
الجذر: عقر
الحالة: مبني"
الناقة,"الكلمة: الناقة
الصنف الصرفي: اسم محسوس
الجذر: نقه
الحالة: معرب"
الرجفة,"الكلمة: الرجفة
الصنف الصرفي: مصدر لحظي
الجذر: رجف
الحالة: معرب"
دارهم,"الكلمة: دارهم
الصنف الصرفي: اسم محسوس
الجذر: درر
الحالة: معرب"
جاثمين,"الكلمة: جاثمين
الصنف الصرفي: اسم فاعل
الجذر: جثم
الحالة: معرب"
أبلغتكم,"الكلمة: أبلغتكم
الصنف الصرفي: فعل ماض
الجذر: بلغ
الحالة: مبني"
رسالة,"الكلمة: رسالة
الصنف الصرفي: اسم مجرد
الجذر: رسل
الحالة: معرب"
ونصحت,"الكلمة: ونصحت
الصنف الصرفي: فعل ماض
الجذر: نصح
الحالة: مبني"
سبقكم,"الكلمة: سبقكم
الصنف الصرفي: فعل ماض
الجذر: سبق
الحالة: مبني"
لتأتون,"الكلمة: لتأتون
الصنف الصرفي: فعل مضارع
الجذر: لتت
الحالة: معرب"
مسرفون,"الكلمة: مسرفون
الصنف الصرفي: اسم فاعل
الجذر: سرف
الحالة: معرب"
أخرجوهم,"الكلمة: أخرجوهم
الصنف الصرفي: فعل أمر
الجذر: خرج
الحالة: مبني"
يتطهرون,"الكلمة: يتطهرون
الصنف الصرفي: فعل مضارع
الجذر: طهر"
وأهله,"الكلمة: وأهله
الصنف الصرفي: اسم محسوس
الجذر: هلل
الحالة: معرب"
الغابرين,"الكلمة: الغابرين
الصنف الصرفي: اسم فاعل
الجذر: غبر
الحالة: معرب"
وأمطرنا,"الكلمة: وأمطرنا
الصنف الصرفي: فعل ماض
الجذر: مطر
الحالة: مبني"
شعيبا,"الكلمة: شعيبا
الصنف الصرفي: اسم علم
الجذر: شعب
الحالة: معرب"
تبخسوا,"الكلمة: تبخسوا
الصنف الصرفي: فعل مضارع
الجذر: بخس
الحالة: معرب"
وتصدون,"الكلمة: وتصدون
الصنف الصرفي: فعل مضارع
الجذر: صدد
الحالة: معرب"
فكثركم,"الكلمة: فكثركم
الصنف الصرفي: فعل ماض
الجذر: كثر
الحالة: مبني"
وانظروا,"الكلمة: وانظروا
الصنف الصرفي: فعل أمر
الجذر: نظر
الحالة: مبني"
أرسلت,"الكلمة: أرسلت
الصنف الصرفي: فعل ماض مجهول
الجذر: رسل
الحالة: مبني"
الحاكمين,"الكلمة: الحاكمين
الصنف الصرفي: اسم فاعل
الجذر: حكم
الحالة: معرب"
ملتنا,"الكلمة: ملتنا
الصنف الصرفي: اسم محسوس
الجذر: ملل
الحالة: معرب"
كارهين,"الكلمة: كارهين
الصنف الصرفي: اسم فاعل
الجذر: كره
الحالة: معرب"
ملتكم,"الكلمة: ملتكم
الصنف الصرفي: اسم محسوس
الجذر: ملل
الحالة: معرب"
اتبعتم,"الكلمة: اتبعتم
الصنف الصرفي: فعل ماض
الجذر: تبع
الحالة: مبني"
لخاسرون,"الكلمة: لخاسرون
الصنف الصرفي: اسم فاعل
الجذر: خسر
الحالة: معرب"
يغنوا,"الكلمة: يغنوا
الصنف الصرفي: فعل مضارع
الجذر: غنن
الحالة: معرب"
يضرعون,"الكلمة: يضرعون
الصنف الصرفي: فعل مضارع
الجذر: ضرع"
بدلنا,"الكلمة: بدلنا
الصنف الصرفي: فعل ماض
الجذر: بدل
الحالة: مبني"
عفوا,"الكلمة: عفوا
الصنف الصرفي: فعل ماض
الجذر: عف
الحالة: مبني"
الضراء,"الكلمة: الضراء
الصنف الصرفي: اسم مجرد
الجذر: ضرر
الحالة: معرب"
والسراء,"الكلمة: والسراء
الصنف الصرفي: اسم مجرد
الجذر: سرر
الحالة: معرب"
لفتحنا,"الكلمة: لفتحنا
الصنف الصرفي: فعل ماض
الجذر: فتح
الحالة: مبني"
بركات,"الكلمة: بركات
الصنف الصرفي: اسم مجرد
الجذر: برك
الحالة: معرب"
يرثون,"الكلمة: يرثون
الصنف الصرفي: فعل مضارع
الجذر: رثث
الحالة: معرب"
ونطبع,"الكلمة: ونطبع
الصنف الصرفي: فعل مضارع
الجذر: طبع
الحالة: معرب"
رسلهم,"الكلمة: رسلهم
الصنف الصرفي: اسم محسوس
الجذر: رسل
الحالة: معرب"
لأكثرهم,"الكلمة: لأكثرهم
الصنف الصرفي: صفة مقارنة
الجذر: كثر
الحالة: معرب"
لفاسقين,"الكلمة: لفاسقين
الصنف الصرفي: اسم فاعل
الجذر: فسق
الحالة: معرب"
بعثنا,"الكلمة: بعثنا
الصنف الصرفي: فعل ماض
الجذر: بعث
الحالة: مبني"
فظلموا,"الكلمة: فظلموا
الصنف الصرفي: فعل ماض
الجذر: ظلم
الحالة: مبني"
فأرسل,"الكلمة: فأرسل
الصنف الصرفي: فعل أمر
الجذر: رسل
الحالة: مبني"
فألقى,"الكلمة: فألقى
الصنف الصرفي: فعل ماض
الجذر: فلق
الحالة: مبني"
ثعبان,"الكلمة: ثعبان
الصنف الصرفي: اسم محسوس
الجذر: ثعب
الحالة: معرب"
لساحر,"الكلمة: لساحر
الصنف الصرفي: اسم فاعل
الجذر: سحر
الحالة: معرب"
يخرجكم,"الكلمة: يخرجكم
الصنف الصرفي: فعل مضارع
الجذر: خرج
الحالة: معرب"
أرضكم,"الكلمة: أرضكم
الصنف الصرفي: اسم محسوس
الجذر: رضض
الحالة: معرب"
المدائن,"الكلمة: المدائن
الصنف الصرفي: اسم محسوس
الجذر: مدن
الحالة: معرب"
لأجرا,"الكلمة: لأجرا
الصنف الصرفي: مصدر
الجذر: جرر
الحالة: معرب"
الغالبين,"الكلمة: الغالبين
الصنف الصرفي: اسم فاعل
الجذر: غلب
الحالة: معرب"
الملقين,"الكلمة: الملقين
الصنف الصرفي: اسم فاعل
الجذر: ملق
الحالة: معرب"
سحروا,"الكلمة: سحروا
الصنف الصرفي: فعل ماض
الجذر: سحر
الحالة: مبني"
فغلبوا,"الكلمة: فغلبوا
الصنف الصرفي: فعل ماض مجهول
الجذر: غلب
الحالة: مبني"
وانقلبوا,"الكلمة: وانقلبوا
الصنف الصرفي: فعل ماض
الجذر: قلب
الحالة: مبني"
صاغرين,"الكلمة: صاغرين
الصنف الصرفي: اسم فاعل
الجذر: صغر
الحالة: معرب"
ساجدين,"الكلمة: ساجدين
الصنف الصرفي: اسم فاعل
الجذر: سجد
الحالة: معرب"
مكرتموه,"الكلمة: مكرتموه
الصنف الصرفي: فعل ماض
الجذر: مكر
الحالة: مبني"
لتخرجوا,"الكلمة: لتخرجوا
الصنف الصرفي: فعل مضارع
الجذر: خرج
الحالة: معرب"
لأقطعن,"الكلمة: لأقطعن
الصنف الصرفي: فعل ماض
الجذر: قطع
الحالة: مبني"
ليفسدوا,"الكلمة: ليفسدوا
الصنف الصرفي: فعل مضارع
الجذر: فسد
الحالة: معرب"
ويذرك,"الكلمة: ويذرك
الصنف الصرفي: فعل مضارع
الجذر: ذرر
الحالة: معرب"
وآلهتك,"الكلمة: وآلهتك
الصنف الصرفي: اسم محسوس
الجذر: هتك
الحالة: معرب"
سنقتل,"الكلمة: سنقتل
الصنف الصرفي: فعل مضارع
الجذر: قتل
الحالة: معرب"
والعاقبة,"الكلمة: والعاقبة
الصنف الصرفي: اسم مجرد
الجذر: عقب
الحالة: معرب"
عدوكم,"الكلمة: عدوكم
الصنف الصرفي: صفة مبالغة
الجذر: عدد
الحالة: معرب"
ويستخلفكم,"الكلمة: ويستخلفكم
الصنف الصرفي: فعل مضارع
الجذر: خلف
الحالة: معرب"
فينظر,"الكلمة: فينظر
الصنف الصرفي: فعل مضارع
الجذر: نظر
الحالة: معرب"
بالسنين,"الكلمة: بالسنين
الصنف الصرفي: اسم مجرد
الجذر: لسن
الحالة: معرب"
مهما,"الكلمة: مهما
الصنف الصرفي: أداة شرط
الجذر: مه"
لتسحرنا,"الكلمة: لتسحرنا
الصنف الصرفي: فعل مضارع
الجذر: سحر
الحالة: معرب"
فأرسلنا,"الكلمة: فأرسلنا
الصنف الصرفي: فعل ماض
الجذر: رسل
الحالة: مبني"
والجراد,"الكلمة: والجراد
الصنف الصرفي: اسم محسوس
الجذر: جرد
الحالة: معرب"
والقمل,"الكلمة: والقمل
الصنف الصرفي: اسم محسوس
الجذر: قمل
الحالة: معرب"
والضفادع,"الكلمة: والضفادع
الصنف الصرفي: اسم محسوس
الجذر: ضفدع
الحالة: معرب"
مفصلات,"الكلمة: مفصلات
الصنف الصرفي: اسم مفعول
الجذر: فصل
الحالة: معرب"
فاستكبروا,"الكلمة: فاستكبروا
الصنف الصرفي: فعل ماض
الجذر: كبر
الحالة: مبني"
مجرمين,"الكلمة: مجرمين
الصنف الصرفي: اسم فاعل
الجذر: جرم
الحالة: معرب"
الرجز,"الكلمة: الرجز
الصنف الصرفي: اسم مجرد
الجذر: رجز
الحالة: معرب"
كشفنا,"الكلمة: كشفنا
الصنف الصرفي: فعل ماض
الجذر: كشف
الحالة: مبني"
بالغوه,"الكلمة: بالغوه
الصنف الصرفي: اسم فاعل
الجذر: بلغ
الحالة: معرب"
ينكثون,"الكلمة: ينكثون
الصنف الصرفي: فعل مضارع
الجذر: نكث"
فانتقمنا,"الكلمة: فانتقمنا
الصنف الصرفي: فعل ماض
الجذر: نقم
الحالة: مبني"
فأغرقناهم,"الكلمة: فأغرقناهم
الصنف الصرفي: فعل ماض
الجذر: غرق
الحالة: مبني"
غافلين,"الكلمة: غافلين
الصنف الصرفي: اسم فاعل
الجذر: غفل
الحالة: معرب"
يستضعفون,"الكلمة: يستضعفون
الصنف الصرفي: IV_PASS
الجذر: ضعف"
مشارق,"الكلمة: مشارق
الصنف الصرفي: اسم زمان أو مكان
الجذر: شرق
الحالة: معرب"
ومغاربها,"الكلمة: ومغاربها
الصنف الصرفي: اسم زمان أو مكان
الجذر: غرب
الحالة: معرب"
باركنا,"الكلمة: باركنا
الصنف الصرفي: فعل ماض
الجذر: برك
الحالة: مبني"
صبروا,"الكلمة: صبروا
الصنف الصرفي: فعل ماض
الجذر: صبر
الحالة: مبني"
ودمرنا,"الكلمة: ودمرنا
الصنف الصرفي: فعل ماض
الجذر: دمر
الحالة: مبني"
يعرشون,"الكلمة: يعرشون
الصنف الصرفي: فعل مضارع
الجذر: عرش"
يعكفون,"الكلمة: يعكفون
الصنف الصرفي: فعل مضارع
الجذر: عكف"
أصنام,"الكلمة: أصنام
الصنف الصرفي: اسم محسوس
الجذر: صنم
الحالة: معرب"
تجهلون,"الكلمة: تجهلون
الصنف الصرفي: فعل مضارع
الجذر: جهل"
وباطل,"الكلمة: وباطل
الصنف الصرفي: اسم مجرد
الجذر: بطل
الحالة: معرب"
فضلكم,"الكلمة: فضلكم
الصنف الصرفي: فعل ماض
الجذر: فضل
الحالة: مبني"
ثلاثين,"الكلمة: ثلاثين
الصنف الصرفي: اسم عدد
الجذر: ثلث
الحالة: معرب"
وأتممناها,"الكلمة: وأتممناها
الصنف الصرفي: فعل ماض
الجذر: تمم
الحالة: مبني"
اخلفني,"الكلمة: اخلفني
الصنف الصرفي: فعل أمر
الجذر: خلف
الحالة: مبني"
وأصلح,"الكلمة: وأصلح
الصنف الصرفي: فعل أمر
الجذر: صلح
الحالة: مبني"
وكلمه,"الكلمة: وكلمه
الصنف الصرفي: فعل ماض
الجذر: كلم
الحالة: مبني"
الجبل,"الكلمة: الجبل
الصنف الصرفي: اسم محسوس
الجذر: جبل
الحالة: معرب"
برسالاتي,"الكلمة: برسالاتي
الصنف الصرفي: اسم مجرد
الجذر: رسل
الحالة: معرب"
وبكلامي,"الكلمة: وبكلامي
الصنف الصرفي: اسم مجرد
الجذر: كلم
الحالة: معرب"
فخذها,"الكلمة: فخذها
الصنف الصرفي: فعل أمر
الجذر: فخذ
الحالة: مبني"
بأحسنها,"الكلمة: بأحسنها
الصنف الصرفي: صفة مقارنة
الجذر: حسن
الحالة: معرب"
سأريكم,"الكلمة: سأريكم
الصنف الصرفي: فعل مضارع
الجذر: سرر
الحالة: معرب"
سأصرف,"الكلمة: سأصرف
الصنف الصرفي: فعل مضارع
الجذر: صرف
الحالة: معرب"
يتكبرون,"الكلمة: يتكبرون
الصنف الصرفي: فعل مضارع
الجذر: كبر"
يجزون,"الكلمة: يجزون
الصنف الصرفي: IV_PASS
الجذر: جزز"
حليهم,"الكلمة: حليهم
الصنف الصرفي: اسم محسوس
الجذر: حلل
الحالة: معرب"
يرحمنا,"الكلمة: يرحمنا
الصنف الصرفي: فعل مضارع
الجذر: رحم
الحالة: معرب"
غضبان,"الكلمة: غضبان
الصنف الصرفي: صفة نوعية
الجذر: غضب
الحالة: معرب"
خلفتموني,"الكلمة: خلفتموني
الصنف الصرفي: فعل ماض
الجذر: خلف
الحالة: مبني"
أعجلتم,"الكلمة: أعجلتم
الصنف الصرفي: فعل ماض
الجذر: عجل
الحالة: مبني"
استضعفوني,"الكلمة: استضعفوني
الصنف الصرفي: فعل ماض
الجذر: ضعف
الحالة: مبني"
يقتلونني,"الكلمة: يقتلونني
الصنف الصرفي: فعل ماض
الجذر: قتل
الحالة: معرب"
تجعلني,"الكلمة: تجعلني
الصنف الصرفي: فعل مضارع
الجذر: جعل
الحالة: معرب"
وأدخلنا,"الكلمة: وأدخلنا
الصنف الصرفي: فعل أمر
الجذر: دخل
الحالة: مبني"
رحمتك,"الكلمة: رحمتك
الصنف الصرفي: مصدر
الجذر: رحم
الحالة: معرب"
المفترين,"الكلمة: المفترين
الصنف الصرفي: اسم فاعل
الجذر: فرر
الحالة: معرب"
بعدها,"الكلمة: بعدها
الصنف الصرفي: اسم مجرد
الجذر: بعد
الحالة: معرب"
لربهم,"الكلمة: لربهم
الصنف الصرفي: اسم محسوس
الجذر: ربب
الحالة: معرب"
يرهبون,"الكلمة: يرهبون
الصنف الصرفي: فعل مضارع
الجذر: رهب"
سبعين,"الكلمة: سبعين
الصنف الصرفي: اسم عدد
الجذر: سبع
الحالة: معرب"
أهلكتهم,"الكلمة: أهلكتهم
الصنف الصرفي: فعل ماض
الجذر: هلك
الحالة: مبني"
فتنتك,"الكلمة: فتنتك
الصنف الصرفي: مصدر
الجذر: فتن
الحالة: معرب"
وتهدي,"الكلمة: وتهدي
الصنف الصرفي: فعل مضارع
الجذر: هدد
الحالة: معرب"
ولينا,"الكلمة: ولينا
الصنف الصرفي: اسم محسوس
الجذر: NTWS
الحالة: معرب"
واكتب,"الكلمة: واكتب
الصنف الصرفي: فعل أمر
الجذر: كتب
الحالة: مبني"
عذابي,"الكلمة: عذابي
الصنف الصرفي: اسم مجرد
الجذر: عذب
الحالة: معرب"
ورحمتي,"الكلمة: ورحمتي
الصنف الصرفي: مصدر
الجذر: رحم
الحالة: معرب"
فسأكتبها,"الكلمة: فسأكتبها
الصنف الصرفي: فعل مضارع
الجذر: كتب
الحالة: معرب"
يجدونه,"الكلمة: يجدونه
الصنف الصرفي: فعل مضارع
الجذر: جدد
الحالة: معرب"
مكتوبا,"الكلمة: مكتوبا
الصنف الصرفي: اسم مفعول
الجذر: كتب
الحالة: معرب"
ويحرم,"الكلمة: ويحرم
الصنف الصرفي: فعل مضارع
الجذر: حرم
الحالة: معرب"
إصرهم,"الكلمة: إصرهم
الصنف الصرفي: اسم مجرد
الجذر: صرر
الحالة: معرب"
والأغلال,"الكلمة: والأغلال
الصنف الصرفي: اسم محسوس
الجذر: غلل
الحالة: معرب"
وعزروه,"الكلمة: وعزروه
الصنف الصرفي: فعل ماض
الجذر: عزر
الحالة: مبني"
ونصروه,"الكلمة: ونصروه
الصنف الصرفي: فعل ماض
الجذر: نصر
الحالة: مبني"
وكلماته,"الكلمة: وكلماته
الصنف الصرفي: اسم مجرد
الجذر: كلم
الحالة: معرب"
واتبعوه,"الكلمة: واتبعوه
الصنف الصرفي: فعل أمر
الجذر: تبع
الحالة: مبني"
يهدون,"الكلمة: يهدون
الصنف الصرفي: فعل مضارع
الجذر: هدد"
وبه,"الكلمة: وبه
الصنف الصرفي: حرف جر
الجذر: ب
الحالة: مبني"
وقطعناهم,"الكلمة: وقطعناهم
الصنف الصرفي: فعل ماض
الجذر: قطع
الحالة: مبني"
اثنتي,"الكلمة: اثنتي
الصنف الصرفي: اسم عدد
الجذر: ٱثنت
الحالة: معرب"
أسباطا,"الكلمة: أسباطا
الصنف الصرفي: اسم محسوس
الجذر: سبط
الحالة: معرب"
فانبجست,"الكلمة: فانبجست
الصنف الصرفي: فعل ماض
الجذر: بجس
الحالة: مبني"
مشربهم,"الكلمة: مشربهم
الصنف الصرفي: اسم زمان أو مكان
الجذر: شرب
الحالة: معرب"
اسكنوا,"الكلمة: اسكنوا
الصنف الصرفي: فعل أمر
الجذر: سكن
الحالة: مبني"
حاضرة,"الكلمة: حاضرة
الصنف الصرفي: اسم محسوس
الجذر: حضر
الحالة: معرب"
يعدون,"الكلمة: يعدون
الصنف الصرفي: فعل مضارع
الجذر: عدد"
سبتهم,"الكلمة: سبتهم
الصنف الصرفي: اسم علم
الجذر: سبب
الحالة: معرب"
يسبتون,"الكلمة: يسبتون
الصنف الصرفي: فعل مضارع
الجذر: سبت"
نبلوهم,"الكلمة: نبلوهم
الصنف الصرفي: فعل مضارع
الجذر: نبل
الحالة: معرب"
مهلكهم,"الكلمة: مهلكهم
الصنف الصرفي: اسم فاعل
الجذر: هلك
الحالة: معرب"
معذبهم,"الكلمة: معذبهم
الصنف الصرفي: اسم فاعل
الجذر: عذب
الحالة: معرب"
معذرة,"الكلمة: معذرة
الصنف الصرفي: مصدر ميمي
الجذر: عذر
الحالة: معرب"
ولعلهم,"الكلمة: ولعلهم
الصنف الصرفي: حرف ناسخ
الجذر: علل
الحالة: مبني"
ليبعثن,"الكلمة: ليبعثن
الصنف الصرفي: فعل مضارع
الجذر: بعث
الحالة: مبني"
لسريع,"الكلمة: لسريع
الصنف الصرفي: صفة نوعية
الجذر: سرع
الحالة: معرب"
الصالحون,"الكلمة: الصالحون
الصنف الصرفي: اسم فاعل
الجذر: صلح
الحالة: معرب"
وبلوناهم,"الكلمة: وبلوناهم
الصنف الصرفي: فعل ماض
الجذر: NTWS
الحالة: مبني"
بالحسنات,"الكلمة: بالحسنات
الصنف الصرفي: اسم مجرد
الجذر: حسن
الحالة: معرب"
فخلف,"الكلمة: فخلف
الصنف الصرفي: فعل ماض
الجذر: خلف
الحالة: مبني"
ورثوا,"الكلمة: ورثوا
الصنف الصرفي: فعل ماض
الجذر: رثث
الحالة: مبني"
سيغفر,"الكلمة: سيغفر
الصنف الصرفي: IV_PASS
الجذر: غفر
الحالة: معرب"
ودرسوا,"الكلمة: ودرسوا
الصنف الصرفي: فعل ماض
الجذر: درس
الحالة: مبني"
والدار,"الكلمة: والدار
الصنف الصرفي: اسم محسوس
الجذر: درر
الحالة: معرب"
يمسكون,"الكلمة: يمسكون
الصنف الصرفي: فعل مضارع
الجذر: مسك
الحالة: معرب"
المصلحين,"الكلمة: المصلحين
الصنف الصرفي: اسم فاعل
الجذر: صلح
الحالة: معرب"
وظنوا,"الكلمة: وظنوا
الصنف الصرفي: فعل ماض
الجذر: ظنن
الحالة: مبني"
ذريتهم,"الكلمة: ذريتهم
الصنف الصرفي: مصدر مهني (اسم مهنة)
الجذر: ذرر
الحالة: معرب"
وأشهدهم,"الكلمة: وأشهدهم
الصنف الصرفي: فعل ماض
الجذر: شهد
الحالة: مبني"
ألست,"الكلمة: ألست
الصنف الصرفي: حرف ناسخ
الجذر: لست
الحالة: مبني"
وكننا,"الكلمة: وكننا
الصنف الصرفي: فعل ماض
الجذر: كنن
الحالة: مبني"
المبطلون,"الكلمة: المبطلون
الصنف الصرفي: اسم فاعل
الجذر: بطل
الحالة: معرب"
فانسلخ,"الكلمة: فانسلخ
الصنف الصرفي: فعل ماض
الجذر: سلخ
الحالة: مبني"
فأتبعه,"الكلمة: فأتبعه
الصنف الصرفي: فعل ماض
الجذر: تبع
الحالة: مبني"
لرفعناه,"الكلمة: لرفعناه
الصنف الصرفي: فعل ماض
الجذر: رفع
الحالة: مبني"
ولكنه,"الكلمة: ولكنه
الصنف الصرفي: حرف ناسخ
الجذر: لكن
الحالة: مبني"
تتركه,"الكلمة: تتركه
الصنف الصرفي: فعل مضارع
الجذر: ترك
الحالة: معرب"
فاقصص,"الكلمة: فاقصص
الصنف الصرفي: فعل أمر
الجذر: قصص
الحالة: مبني"
يتفكرون,"الكلمة: يتفكرون
الصنف الصرفي: فعل مضارع
الجذر: فكر"
ذرأنا,"الكلمة: ذرأنا
الصنف الصرفي: فعل ماض
الجذر: ذرر
الحالة: مبني"
كالأنعام,"الكلمة: كالأنعام
الصنف الصرفي: اسم محسوس
الجذر: نعم
الحالة: معرب"
الغافلون,"الكلمة: الغافلون
الصنف الصرفي: اسم فاعل
الجذر: غفل
الحالة: معرب"
يلحدون,"الكلمة: يلحدون
الصنف الصرفي: فعل مضارع
الجذر: لحد"
خلقنا,"الكلمة: خلقنا
الصنف الصرفي: فعل ماض
الجذر: خلق
الحالة: مبني"
سنستدرجهم,"الكلمة: سنستدرجهم
الصنف الصرفي: فعل مضارع
الجذر: درج
الحالة: معرب"
يتفكروا,"الكلمة: يتفكروا
الصنف الصرفي: فعل مضارع
الجذر: فكر
الحالة: معرب"
بصاحبهم,"الكلمة: بصاحبهم
الصنف الصرفي: اسم فاعل
الجذر: صحب
الحالة: معرب"
ينظروا,"الكلمة: ينظروا
الصنف الصرفي: فعل مضارع
الجذر: نظر
الحالة: معرب"
اقترب,"الكلمة: اقترب
الصنف الصرفي: فعل ماض
الجذر: قرب
الحالة: مبني"
فبأي,"الكلمة: فبأي
الصنف الصرفي: أداة استفهام
الجذر: NTWS"
ويذرهم,"الكلمة: ويذرهم
الصنف الصرفي: فعل مضارع
الجذر: ذرر
الحالة: معرب"
أيان,"الكلمة: أيان
الصنف الصرفي: اسم استفهام
الجذر: NTWS"
مرساها,"الكلمة: مرساها
الصنف الصرفي: مصدر ميمي
الجذر: مرس
الحالة: معرب"
لنفسي,"الكلمة: لنفسي
الصنف الصرفي: اسم مجرد
الجذر: نفس
الحالة: معرب"
لاستكثرت,"الكلمة: لاستكثرت
الصنف الصرفي: فعل ماض
الجذر: كثر
الحالة: مبني"
وبشير,"الكلمة: وبشير
الصنف الصرفي: صفة نوعية
الجذر: بشر
الحالة: معرب"
ليسكن,"الكلمة: ليسكن
الصنف الصرفي: فعل مضارع
الجذر: سكن
الحالة: معرب"
تغشاها,"الكلمة: تغشاها
الصنف الصرفي: فعل مضارع
الجذر: غشش
الحالة: مبني"
خفيفا,"الكلمة: خفيفا
الصنف الصرفي: صفة نوعية
الجذر: خفف
الحالة: معرب"
أثقلت,"الكلمة: أثقلت
الصنف الصرفي: فعل ماض
الجذر: ثقل
الحالة: مبني"
يشركون,"الكلمة: يشركون
الصنف الصرفي: فعل مضارع
الجذر: شرك"
يخلقون,"الكلمة: يخلقون
الصنف الصرفي: IV_PASS
الجذر: خلق"
ينصرون,"الكلمة: ينصرون
الصنف الصرفي: فعل مضارع
الجذر: نصر"
تدعوهم,"الكلمة: تدعوهم
الصنف الصرفي: فعل مضارع
الجذر: دعع
الحالة: معرب"
يتبعوكم,"الكلمة: يتبعوكم
الصنف الصرفي: فعل مضارع
الجذر: تبع
الحالة: معرب"
يمشون,"الكلمة: يمشون
الصنف الصرفي: فعل مضارع
الجذر: مشش"
يبطشون,"الكلمة: يبطشون
الصنف الصرفي: فعل مضارع
الجذر: بطش"
شركاءكم,"الكلمة: شركاءكم
الصنف الصرفي: اسم محسوس
الجذر: شرك
الحالة: معرب"
تنظرون,"الكلمة: تنظرون
الصنف الصرفي: فعل مضارع
الجذر: نظر
الحالة: معرب"
وليي,"الكلمة: وليي
الصنف الصرفي: اسم محسوس
الجذر: NTWS
الحالة: معرب"
نصركم,"الكلمة: نصركم
الصنف الصرفي: مصدر
الجذر: نصر
الحالة: معرب"
يسمعوا,"الكلمة: يسمعوا
الصنف الصرفي: فعل مضارع
الجذر: سمع
الحالة: معرب"
تذكروا,"الكلمة: تذكروا
الصنف الصرفي: فعل ماض
الجذر: ذكر
الحالة: مبني"
يمدونهم,"الكلمة: يمدونهم
الصنف الصرفي: فعل مضارع
الجذر: مدد
الحالة: معرب"
يقصرون,"الكلمة: يقصرون
الصنف الصرفي: فعل مضارع
الجذر: قصر"
فاستمعوا,"الكلمة: فاستمعوا
الصنف الصرفي: فعل أمر
الجذر: سمع
الحالة: مبني"
وأنصتوا,"الكلمة: وأنصتوا
الصنف الصرفي: فعل أمر
الجذر: نصت
الحالة: مبني"
الغافلين,"الكلمة: الغافلين
الصنف الصرفي: اسم فاعل
الجذر: غفل
الحالة: معرب"
ويسبحونه,"الكلمة: ويسبحونه
الصنف الصرفي: فعل مضارع
الجذر: سبح
الحالة: معرب"
الأنفال,"الكلمة: الأنفال
الصنف الصرفي: اسم محسوس
الجذر: نفل
الحالة: معرب"
وأصلحوا,"الكلمة: وأصلحوا
الصنف الصرفي: فعل أمر
الجذر: صلح
الحالة: مبني"
كريم,"الكلمة: كريم
الصنف الصرفي: صفة نوعية
الجذر: NTWS
الحالة: معرب"
أخرجك,"الكلمة: أخرجك
الصنف الصرفي: فعل ماض
الجذر: خرج
الحالة: مبني"
لكارهون,"الكلمة: لكارهون
الصنف الصرفي: اسم فاعل
الجذر: كره
الحالة: معرب"
بكلماته,"الكلمة: بكلماته
الصنف الصرفي: اسم مجرد
الجذر: كلم
الحالة: معرب"
ويقطع,"الكلمة: ويقطع
الصنف الصرفي: فعل مضارع
الجذر: قطع
الحالة: معرب"
ويبطل,"الكلمة: ويبطل
الصنف الصرفي: فعل مضارع
الجذر: بطل
الحالة: معرب"
المجرمون,"الكلمة: المجرمون
الصنف الصرفي: اسم فاعل
الجذر: جرم
الحالة: معرب"
وينزل,"الكلمة: وينزل
الصنف الصرفي: فعل مضارع
الجذر: نزل
الحالة: معرب"
ويذهب,"الكلمة: ويذهب
الصنف الصرفي: فعل مضارع
الجذر: ذهب
الحالة: معرب"
وليربط,"الكلمة: وليربط
الصنف الصرفي: فعل مضارع
الجذر: ربط
الحالة: معرب"
ويثبت,"الكلمة: ويثبت
الصنف الصرفي: فعل مضارع
الجذر: ثبت
الحالة: معرب"
فثبتوا,"الكلمة: فثبتوا
الصنف الصرفي: فعل أمر
الجذر: ثبت
الحالة: مبني"
فاضربوا,"الكلمة: فاضربوا
الصنف الصرفي: فعل أمر
الجذر: ضرب
الحالة: مبني"
الأعناق,"الكلمة: الأعناق
الصنف الصرفي: اسم محسوس
الجذر: عنق
الحالة: معرب"
واضربوا,"الكلمة: واضربوا
الصنف الصرفي: فعل أمر
الجذر: ضرب
الحالة: مبني"
لقتال,"الكلمة: لقتال
الصنف الصرفي: مصدر
الجذر: قتل
الحالة: معرب"
تقتلوهم,"الكلمة: تقتلوهم
الصنف الصرفي: فعل مضارع
الجذر: قتل
الحالة: معرب"
قتلهم,"الكلمة: قتلهم
الصنف الصرفي: فعل ماض
الجذر: قتل
الحالة: مبني"
الفتح,"الكلمة: الفتح
الصنف الصرفي: مصدر
الجذر: فتح
الحالة: معرب"
تسمعون,"الكلمة: تسمعون
الصنف الصرفي: فعل مضارع
الجذر: سمع"
الدواب,"الكلمة: الدواب
الصنف الصرفي: اسم محسوس
الجذر: دبب
الحالة: معرب"
البكم,"الكلمة: البكم
الصنف الصرفي: صفة نوعية
الجذر: لبب
الحالة: معرب"
لأسمعهم,"الكلمة: لأسمعهم
الصنف الصرفي: فعل ماض
الجذر: سمع
الحالة: مبني"
أسمعهم,"الكلمة: أسمعهم
الصنف الصرفي: فعل ماض
الجذر: سمع
الحالة: مبني"
دعاكم,"الكلمة: دعاكم
الصنف الصرفي: فعل ماض
الجذر: دعع
الحالة: مبني"
وقلبه,"الكلمة: وقلبه
الصنف الصرفي: اسم محسوس
الجذر: قلب
الحالة: معرب"
مستضعفون,"الكلمة: مستضعفون
الصنف الصرفي: اسم مفعول
الجذر: ضعف
الحالة: معرب"
يتخطفكم,"الكلمة: يتخطفكم
الصنف الصرفي: فعل مضارع
الجذر: خطف
الحالة: معرب"
ورزقكم,"الكلمة: ورزقكم
الصنف الصرفي: فعل ماض
الجذر: رزق
الحالة: مبني"
فرقانا,"الكلمة: فرقانا
الصنف الصرفي: مصدر
الجذر: فرق
الحالة: معرب"
ليثبتوك,"الكلمة: ليثبتوك
الصنف الصرفي: فعل مضارع
الجذر: ثبت
الحالة: معرب"
يقتلوك,"الكلمة: يقتلوك
الصنف الصرفي: فعل مضارع
الجذر: قتل
الحالة: معرب"
يخرجوك,"الكلمة: يخرجوك
الصنف الصرفي: فعل مضارع
الجذر: خرج
الحالة: معرب"
ويمكرون,"الكلمة: ويمكرون
الصنف الصرفي: فعل مضارع
الجذر: مكر
الحالة: معرب"
ويمكر,"الكلمة: ويمكر
الصنف الصرفي: فعل مضارع
الجذر: مكر
الحالة: معرب"
لقلنا,"الكلمة: لقلنا
الصنف الصرفي: فعل ماض
الجذر: قلل
الحالة: مبني"
فأمطر,"الكلمة: فأمطر
الصنف الصرفي: فعل أمر
الجذر: مطر
الحالة: مبني"
حجارة,"الكلمة: حجارة
الصنف الصرفي: اسم محسوس
الجذر: حجر
الحالة: معرب"
ليعذبهم,"الكلمة: ليعذبهم
الصنف الصرفي: فعل مضارع
الجذر: عذب
الحالة: معرب"
يستغفرون,"الكلمة: يستغفرون
الصنف الصرفي: فعل مضارع
الجذر: غفر"
وتصدية,"الكلمة: وتصدية
الصنف الصرفي: مصدر
الجذر: صدد
الحالة: معرب"
ليصدوا,"الكلمة: ليصدوا
الصنف الصرفي: فعل مضارع
الجذر: صدد
الحالة: معرب"
فسينفقونها,"الكلمة: فسينفقونها
الصنف الصرفي: فعل مضارع
الجذر: نفق
الحالة: معرب"
يغلبون,"الكلمة: يغلبون
الصنف الصرفي: IV_PASS
الجذر: غلب"
بعضه,"الكلمة: بعضه
الصنف الصرفي: اسم مجرد
الجذر: بعض
الحالة: معرب"
فيركمه,"الكلمة: فيركمه
الصنف الصرفي: فعل مضارع
الجذر: ركم
الحالة: معرب"
فيجعله,"الكلمة: فيجعله
الصنف الصرفي: فعل مضارع
الجذر: جعل
الحالة: معرب"
النصير,"الكلمة: النصير
الصنف الصرفي: صفة نوعية
الجذر: نصر
الحالة: معرب"
غنمتم,"الكلمة: غنمتم
الصنف الصرفي: فعل ماض
الجذر: غنم
الحالة: مبني"
خمسه,"الكلمة: خمسه
الصنف الصرفي: اسم مجرد
الجذر: خمس
الحالة: معرب"
والركب,"الكلمة: والركب
الصنف الصرفي: اسم فاعل
الجذر: ركب
الحالة: معرب"
لاختلفتم,"الكلمة: لاختلفتم
الصنف الصرفي: فعل ماض
الجذر: خلف
الحالة: مبني"
ليهلك,"الكلمة: ليهلك
الصنف الصرفي: فعل مضارع
الجذر: هلل
الحالة: معرب"
ويحيى,"الكلمة: ويحيى
الصنف الصرفي: فعل مضارع
الجذر: NTWS
الحالة: معرب"
لسميع,"الكلمة: لسميع
الصنف الصرفي: صفة مبالغة
الجذر: سمع
الحالة: معرب"
لفشلتم,"الكلمة: لفشلتم
الصنف الصرفي: فعل ماض
الجذر: فشل
الحالة: مبني"
ويقللكم,"الكلمة: ويقللكم
الصنف الصرفي: فعل مضارع
الجذر: قلل
الحالة: معرب"
فاثبتوا,"الكلمة: فاثبتوا
الصنف الصرفي: فعل أمر
الجذر: ثبت
الحالة: مبني"
تنازعوا,"الكلمة: تنازعوا
الصنف الصرفي: فعل ماض
الجذر: نزع
الحالة: معرب"
فتفشلوا,"الكلمة: فتفشلوا
الصنف الصرفي: فعل مضارع
الجذر: فشل
الحالة: معرب"
وتذهب,"الكلمة: وتذهب
الصنف الصرفي: فعل مضارع
الجذر: ذهب
الحالة: معرب"
ويصدون,"الكلمة: ويصدون
الصنف الصرفي: فعل مضارع
الجذر: صدد
الحالة: معرب"
المنافقون,"الكلمة: المنافقون
الصنف الصرفي: اسم فاعل
الجذر: نفق
الحالة: معرب"
يضربون,"الكلمة: يضربون
الصنف الصرفي: فعل مضارع
الجذر: ضرب"
وأدبارهم,"الكلمة: وأدبارهم
الصنف الصرفي: اسم محسوس
الجذر: دبر
الحالة: معرب"
أنعمها,"الكلمة: أنعمها
الصنف الصرفي: فعل ماض
الجذر: نعم
الحالة: مبني"
عاهدت,"الكلمة: عاهدت
الصنف الصرفي: فعل ماض
الجذر: عهد
الحالة: مبني"
عهدهم,"الكلمة: عهدهم
الصنف الصرفي: اسم مجرد
الجذر: عهد
الحالة: معرب"
تثقفنهم,"الكلمة: تثقفنهم
الصنف الصرفي: فعل مضارع
الجذر: ثقف
الحالة: مبني"
الحرب,"الكلمة: الحرب
الصنف الصرفي: اسم مجرد
الجذر: حرب
الحالة: معرب"
فانبذ,"الكلمة: فانبذ
الصنف الصرفي: فعل أمر
الجذر: نبذ
الحالة: مبني"
سبقوا,"الكلمة: سبقوا
الصنف الصرفي: فعل ماض
الجذر: سبق
الحالة: مبني"
يعجزون,"الكلمة: يعجزون
الصنف الصرفي: فعل مضارع
الجذر: عجز"
وأعدوا,"الكلمة: وأعدوا
الصنف الصرفي: فعل أمر
الجذر: عدد
الحالة: مبني"
ترهبون,"الكلمة: ترهبون
الصنف الصرفي: فعل مضارع
الجذر: رهب"
وعدوكم,"الكلمة: وعدوكم
الصنف الصرفي: اسم محسوس
الجذر: عدد
الحالة: معرب"
دونهم,"الكلمة: دونهم
الصنف الصرفي: اسم مجرد
الجذر: دن
الحالة: معرب"
تعلمونهم,"الكلمة: تعلمونهم
الصنف الصرفي: فعل مضارع
الجذر: علم
الحالة: معرب"
يعلمهم,"الكلمة: يعلمهم
الصنف الصرفي: فعل مضارع
الجذر: علم
الحالة: معرب"
جنحوا,"الكلمة: جنحوا
الصنف الصرفي: فعل ماض
الجذر: جنح
الحالة: مبني"
فاجنح,"الكلمة: فاجنح
الصنف الصرفي: فعل أمر
الجذر: جنح
الحالة: مبني"
يخدعوك,"الكلمة: يخدعوك
الصنف الصرفي: فعل مضارع
الجذر: خدع
الحالة: معرب"
أنفقت,"الكلمة: أنفقت
الصنف الصرفي: فعل ماض
الجذر: نفق
الحالة: مبني"
اتبعك,"الكلمة: اتبعك
الصنف الصرفي: فعل ماض
الجذر: تبع
الحالة: مبني"
عشرون,"الكلمة: عشرون
الصنف الصرفي: اسم عدد
الجذر: عشر
الحالة: معرب"
صابرون,"الكلمة: صابرون
الصنف الصرفي: اسم فاعل
الجذر: صبر
الحالة: معرب"
يغلبوا,"الكلمة: يغلبوا
الصنف الصرفي: فعل مضارع
الجذر: غلب
الحالة: معرب"
ألفا,"الكلمة: ألفا
الصنف الصرفي: اسم عدد
الجذر: NTWS
الحالة: معرب"
صابرة,"الكلمة: صابرة
الصنف الصرفي: اسم فاعل
الجذر: صبر
الحالة: معرب"
ألفين,"الكلمة: ألفين
الصنف الصرفي: اسم عدد
الجذر: NTWS
الحالة: معرب"
لمسكم,"الكلمة: لمسكم
الصنف الصرفي: فعل ماض
الجذر: لمس
الحالة: مبني"
فأمكن,"الكلمة: فأمكن
الصنف الصرفي: فعل ماض
الجذر: مكن
الحالة: مبني"
وهاجروا,"الكلمة: وهاجروا
الصنف الصرفي: فعل ماض
الجذر: هجر
الحالة: مبني"
ونصروا,"الكلمة: ونصروا
الصنف الصرفي: فعل ماض
الجذر: نصر
الحالة: مبني"
استنصروكم,"الكلمة: استنصروكم
الصنف الصرفي: فعل ماض
الجذر: نصر
الحالة: مبني"
فعلىكم,"الكلمة: فعلىكم
الصنف الصرفي: حرف جر
الجذر: فعل
الحالة: مبني"
تفعلوه,"الكلمة: تفعلوه
الصنف الصرفي: فعل مضارع
الجذر: فعل
الحالة: معرب"
وفساد,"الكلمة: وفساد
الصنف الصرفي: مصدر
الجذر: فسد
الحالة: معرب"
عاهدتم,"الكلمة: عاهدتم
الصنف الصرفي: فعل ماض
الجذر: عهد
الحالة: مبني"
معجزي,"الكلمة: معجزي
الصنف الصرفي: اسم فاعل
الجذر: عجز
الحالة: معرب"
ينقصوكم,"الكلمة: ينقصوكم
الصنف الصرفي: فعل مضارع
الجذر: نقص
الحالة: معرب"
يظاهروا,"الكلمة: يظاهروا
الصنف الصرفي: فعل مضارع
الجذر: ظهر
الحالة: معرب"
فأتموا,"الكلمة: فأتموا
الصنف الصرفي: فعل أمر
الجذر: تمم
الحالة: مبني"
مدتهم,"الكلمة: مدتهم
الصنف الصرفي: اسم مجرد
الجذر: مدد
الحالة: معرب"
انسلخ,"الكلمة: انسلخ
الصنف الصرفي: فعل ماض
الجذر: سلخ
الحالة: مبني"
الحرم,"الكلمة: الحرم
الصنف الصرفي: اسم علم
الجذر: حرم
الحالة: معرب"
واقعدوا,"الكلمة: واقعدوا
الصنف الصرفي: فعل أمر
الجذر: قعد
الحالة: مبني"
فخلوا,"الكلمة: فخلوا
الصنف الصرفي: فعل أمر
الجذر: خلل
الحالة: مبني"
سبيلهم,"الكلمة: سبيلهم
الصنف الصرفي: اسم مجرد
الجذر: سبل
الحالة: معرب"
فأجره,"الكلمة: فأجره
الصنف الصرفي: فعل أمر
الجذر: فجر
الحالة: مبني"
أبلغه,"الكلمة: أبلغه
الصنف الصرفي: فعل أمر
الجذر: بلغ
الحالة: مبني"
يظهروا,"الكلمة: يظهروا
الصنف الصرفي: فعل مضارع
الجذر: ظهر
الحالة: معرب"
يرقبوا,"الكلمة: يرقبوا
الصنف الصرفي: فعل مضارع
الجذر: رقب
الحالة: معرب"
يرضونكم,"الكلمة: يرضونكم
الصنف الصرفي: فعل مضارع
الجذر: رضض
الحالة: معرب"
فصدوا,"الكلمة: فصدوا
الصنف الصرفي: فعل ماض
الجذر: فصد
الحالة: مبني"
يرقبون,"الكلمة: يرقبون
الصنف الصرفي: فعل مضارع
الجذر: رقب"
المعتدون,"الكلمة: المعتدون
الصنف الصرفي: اسم فاعل
الجذر: عدد
الحالة: معرب"
ونفصل,"الكلمة: ونفصل
الصنف الصرفي: فعل مضارع
الجذر: فصل
الحالة: معرب"
نكثوا,"الكلمة: نكثوا
الصنف الصرفي: فعل ماض
الجذر: نكث
الحالة: مبني"
وطعنوا,"الكلمة: وطعنوا
الصنف الصرفي: فعل ماض
الجذر: طعن
الحالة: مبني"
وهموا,"الكلمة: وهموا
الصنف الصرفي: فعل ماض
الجذر: همم
الحالة: مبني"
بإخراج,"الكلمة: بإخراج
الصنف الصرفي: مصدر
الجذر: خرج
الحالة: معرب"
قاتلوهم,"الكلمة: قاتلوهم
الصنف الصرفي: فعل أمر
الجذر: قتل
الحالة: مبني"
ويخزهم,"الكلمة: ويخزهم
الصنف الصرفي: فعل مضارع
الجذر: خزز
الحالة: معرب"
وينصركم,"الكلمة: وينصركم
الصنف الصرفي: فعل مضارع
الجذر: نصر
الحالة: معرب"
تتركوا,"الكلمة: تتركوا
الصنف الصرفي: IV_PASS
الجذر: ترك
الحالة: معرب"
يعمروا,"الكلمة: يعمروا
الصنف الصرفي: فعل مضارع
الجذر: عمر
الحالة: معرب"
شاهدين,"الكلمة: شاهدين
الصنف الصرفي: اسم فاعل
الجذر: شهد
الحالة: معرب"
الحاج,"الكلمة: الحاج
الصنف الصرفي: اسم فاعل
الجذر: حجج
الحالة: معرب"
وعمارة,"الكلمة: وعمارة
الصنف الصرفي: مصدر
الجذر: عمر
الحالة: معرب"
وجاهد,"الكلمة: وجاهد
الصنف الصرفي: فعل ماض
الجذر: جهد
الحالة: مبني"
يبشرهم,"الكلمة: يبشرهم
الصنف الصرفي: فعل مضارع
الجذر: بشر
الحالة: معرب"
استحبوا,"الكلمة: استحبوا
الصنف الصرفي: فعل ماض
الجذر: حبب
الحالة: مبني"
وعشيرتكم,"الكلمة: وعشيرتكم
الصنف الصرفي: اسم محسوس
الجذر: عشر
الحالة: معرب"
اقترفتموها,"الكلمة: اقترفتموها
الصنف الصرفي: فعل ماض
الجذر: قرف
الحالة: مبني"
كسادها,"الكلمة: كسادها
الصنف الصرفي: مصدر
الجذر: كسد
الحالة: معرب"
ومساكن,"الكلمة: ومساكن
الصنف الصرفي: اسم زمان أو مكان
الجذر: مسس
الحالة: معرب"
وجهاد,"الكلمة: وجهاد
الصنف الصرفي: مصدر
الجذر: جهد
الحالة: معرب"
فتربصوا,"الكلمة: فتربصوا
الصنف الصرفي: فعل ماض
الجذر: ربص
الحالة: مبني"
كثرتكم,"الكلمة: كثرتكم
الصنف الصرفي: مصدر
الجذر: كثر
الحالة: معرب"
وليتم,"الكلمة: وليتم
الصنف الصرفي: فعل ماض
الجذر: تمم
الحالة: مبني"
مدبرين,"الكلمة: مدبرين
الصنف الصرفي: اسم فاعل
الجذر: دبر
الحالة: معرب"
سكينته,"الكلمة: سكينته
الصنف الصرفي: مصدر
الجذر: سكن
الحالة: معرب"
جنودا,"الكلمة: جنودا
الصنف الصرفي: اسم منسوب
الجذر: جند
الحالة: معرب"
المشركون,"الكلمة: المشركون
الصنف الصرفي: اسم فاعل
الجذر: شرك
الحالة: معرب"
يقربوا,"الكلمة: يقربوا
الصنف الصرفي: فعل مضارع
الجذر: قرب
الحالة: معرب"
عامهم,"الكلمة: عامهم
الصنف الصرفي: اسم مجرد
الجذر: عمم
الحالة: معرب"
يحرمون,"الكلمة: يحرمون
الصنف الصرفي: فعل مضارع
الجذر: حرم
الحالة: معرب"
قاتلهم,"الكلمة: قاتلهم
الصنف الصرفي: فعل ماض
الجذر: قتل
الحالة: مبني"
ورهبانهم,"الكلمة: ورهبانهم
الصنف الصرفي: اسم فاعل
الجذر: رهب
الحالة: معرب"
والمسيح,"الكلمة: والمسيح
الصنف الصرفي: اسم محسوس
الجذر: مسح
الحالة: معرب"
ليعبدوا,"الكلمة: ليعبدوا
الصنف الصرفي: فعل مضارع
الجذر: عبد
الحالة: معرب"
ليظهره,"الكلمة: ليظهره
الصنف الصرفي: فعل مضارع
الجذر: ظهر
الحالة: معرب"
والرهبان,"الكلمة: والرهبان
الصنف الصرفي: اسم فاعل
الجذر: رهب
الحالة: معرب"
يكنزون,"الكلمة: يكنزون
الصنف الصرفي: فعل مضارع
الجذر: كنز"
ينفقونها,"الكلمة: ينفقونها
الصنف الصرفي: فعل مضارع
الجذر: نفق
الحالة: معرب"
جباههم,"الكلمة: جباههم
الصنف الصرفي: اسم محسوس
الجذر: جبه
الحالة: معرب"
وجنوبهم,"الكلمة: وجنوبهم
الصنف الصرفي: اسم محسوس
الجذر: جنب
الحالة: معرب"
وظهورهم,"الكلمة: وظهورهم
الصنف الصرفي: اسم محسوس
الجذر: ظهر
الحالة: معرب"
كنزتم,"الكلمة: كنزتم
الصنف الصرفي: فعل ماض
الجذر: كنز
الحالة: مبني"
تكنزون,"الكلمة: تكنزون
الصنف الصرفي: فعل مضارع
الجذر: كنز"
اثنا,"الكلمة: اثنا
الصنف الصرفي: اسم عدد
الجذر: ٱثن
الحالة: معرب"
تظلموا,"الكلمة: تظلموا
الصنف الصرفي: فعل مضارع
الجذر: ظلم
الحالة: معرب"
يحلونه,"الكلمة: يحلونه
الصنف الصرفي: فعل مضارع
الجذر: حلل
الحالة: معرب"
ويحرمونه,"الكلمة: ويحرمونه
الصنف الصرفي: فعل مضارع
الجذر: حرم
الحالة: معرب"
فيحلوا,"الكلمة: فيحلوا
الصنف الصرفي: فعل مضارع
الجذر: حلل
الحالة: معرب"
بالحياة,"الكلمة: بالحياة
الصنف الصرفي: مصدر
الجذر: حة
الحالة: معرب"
تنفروا,"الكلمة: تنفروا
الصنف الصرفي: فعل مضارع
الجذر: نفر
الحالة: معرب"
ويستبدل,"الكلمة: ويستبدل
الصنف الصرفي: فعل مضارع
الجذر: بدل
الحالة: معرب"
تنصروه,"الكلمة: تنصروه
الصنف الصرفي: فعل مضارع
الجذر: نصر
الحالة: معرب"
أخرجه,"الكلمة: أخرجه
الصنف الصرفي: فعل ماض
الجذر: خرج
الحالة: مبني"
هما,"الكلمة: هما
الصنف الصرفي: ضمير
الجذر: ه"
لصاحبه,"الكلمة: لصاحبه
الصنف الصرفي: اسم فاعل
الجذر: صحب
الحالة: معرب"
معنا,"الكلمة: معنا
الصنف الصرفي: ظرف
الجذر: مع
الحالة: معرب"
فأنزل,"الكلمة: فأنزل
الصنف الصرفي: فعل ماض
الجذر: نزل
الحالة: مبني"
بجنود,"الكلمة: بجنود
الصنف الصرفي: اسم منسوب
الجذر: جند
الحالة: معرب"
وكلمة,"الكلمة: وكلمة
الصنف الصرفي: اسم مجرد
الجذر: كلم
الحالة: معرب"
خفافا,"الكلمة: خفافا
الصنف الصرفي: صفة نوعية
الجذر: خفف
الحالة: معرب"
وثقالا,"الكلمة: وثقالا
الصنف الصرفي: صفة نوعية
الجذر: ثقل
الحالة: معرب"
قريبا,"الكلمة: قريبا
الصنف الصرفي: ظرف
الجذر: قرب
الحالة: معرب"
وسفرا,"الكلمة: وسفرا
الصنف الصرفي: مصدر
الجذر: سفر
الحالة: معرب"
قاصدا,"الكلمة: قاصدا
الصنف الصرفي: اسم فاعل
الجذر: قصد
الحالة: معرب"
لاتبعوك,"الكلمة: لاتبعوك
الصنف الصرفي: فعل ماض
الجذر: تبع
الحالة: مبني"
الشقة,"الكلمة: الشقة
الصنف الصرفي: اسم مجرد
الجذر: شقق
الحالة: معرب"
لخرجنا,"الكلمة: لخرجنا
الصنف الصرفي: فعل ماض
الجذر: خرج
الحالة: مبني"
وتعلم,"الكلمة: وتعلم
الصنف الصرفي: فعل مضارع
الجذر: علم
الحالة: معرب"
يجاهدوا,"الكلمة: يجاهدوا
الصنف الصرفي: فعل مضارع
الجذر: جهد
الحالة: معرب"
يترددون,"الكلمة: يترددون
الصنف الصرفي: فعل مضارع
الجذر: ردد"
لأعدوا,"الكلمة: لأعدوا
الصنف الصرفي: فعل ماض
الجذر: عدد
الحالة: مبني"
انبعاثهم,"الكلمة: انبعاثهم
الصنف الصرفي: مصدر
الجذر: بعث
الحالة: معرب"
فثبطهم,"الكلمة: فثبطهم
الصنف الصرفي: فعل ماض
الجذر: ثبط
الحالة: مبني"
اقعدوا,"الكلمة: اقعدوا
الصنف الصرفي: فعل أمر
الجذر: قعد
الحالة: مبني"
خلالكم,"الكلمة: خلالكم
الصنف الصرفي: ظرف
الجذر: خلل
الحالة: معرب"
وقلبوا,"الكلمة: وقلبوا
الصنف الصرفي: فعل ماض
الجذر: قلب
الحالة: مبني"
كارهون,"الكلمة: كارهون
الصنف الصرفي: اسم فاعل
الجذر: كره
الحالة: معرب"
تفتني,"الكلمة: تفتني
الصنف الصرفي: فعل مضارع
الجذر: تفف
الحالة: مبني"
سقطوا,"الكلمة: سقطوا
الصنف الصرفي: فعل ماض
الجذر: سقط
الحالة: مبني"
تربصون,"الكلمة: تربصون
الصنف الصرفي: فعل مضارع
الجذر: ربص
الحالة: معرب"
بنا,"الكلمة: بنا
الصنف الصرفي: حرف جر
الجذر: ب
الحالة: مبني"
الحسنيين,"الكلمة: الحسنيين
الصنف الصرفي: صفة مقارنة
الجذر: حسن
الحالة: معرب"
نتربص,"الكلمة: نتربص
الصنف الصرفي: فعل مضارع
الجذر: ربص
الحالة: معرب"
متربصون,"الكلمة: متربصون
الصنف الصرفي: اسم فاعل
الجذر: ربص
الحالة: معرب"
يتقبل,"الكلمة: يتقبل
الصنف الصرفي: IV_PASS
الجذر: قبل
الحالة: معرب"
فاسقين,"الكلمة: فاسقين
الصنف الصرفي: اسم فاعل
الجذر: فسق
الحالة: معرب"
منعهم,"الكلمة: منعهم
الصنف الصرفي: فعل ماض
الجذر: منع
الحالة: مبني"
نفقاتهم,"الكلمة: نفقاتهم
الصنف الصرفي: اسم محسوس
الجذر: نفق
الحالة: معرب"
وبرسوله,"الكلمة: وبرسوله
الصنف الصرفي: اسم محسوس
الجذر: رسل
الحالة: معرب"
تعجبك,"الكلمة: تعجبك
الصنف الصرفي: فعل مضارع
الجذر: عجب
الحالة: معرب"
وتزهق,"الكلمة: وتزهق
الصنف الصرفي: فعل مضارع
الجذر: زهق
الحالة: معرب"
ويحلفون,"الكلمة: ويحلفون
الصنف الصرفي: فعل مضارع
الجذر: حلف
الحالة: معرب"
ولكنهم,"الكلمة: ولكنهم
الصنف الصرفي: حرف ناسخ
الجذر: لكن
الحالة: مبني"
مدخلا,"الكلمة: مدخلا
الصنف الصرفي: اسم زمان أو مكان
الجذر: دخل
الحالة: معرب"
يجمحون,"الكلمة: يجمحون
الصنف الصرفي: فعل مضارع
الجذر: جمح"
يلمزك,"الكلمة: يلمزك
الصنف الصرفي: فعل مضارع
الجذر: لمز
الحالة: معرب"
يسخطون,"الكلمة: يسخطون
الصنف الصرفي: فعل مضارع
الجذر: سخط
الحالة: معرب"
راغبون,"الكلمة: راغبون
الصنف الصرفي: اسم فاعل
الجذر: رغب
الحالة: معرب"
والعاملين,"الكلمة: والعاملين
الصنف الصرفي: اسم فاعل
الجذر: عمل
الحالة: معرب"
ليرضوكم,"الكلمة: ليرضوكم
الصنف الصرفي: فعل مضارع
الجذر: رضض
الحالة: معرب"
يرضوه,"الكلمة: يرضوه
الصنف الصرفي: فعل مضارع
الجذر: رضض
الحالة: معرب"
يعلموا,"الكلمة: يعلموا
الصنف الصرفي: فعل مضارع
الجذر: علم
الحالة: معرب"
يحادد,"الكلمة: يحادد
الصنف الصرفي: فعل مضارع
الجذر: حدد
الحالة: معرب"
تحذرون,"الكلمة: تحذرون
الصنف الصرفي: فعل مضارع
الجذر: حذر"
سألتهم,"الكلمة: سألتهم
الصنف الصرفي: فعل ماض
الجذر: لتت
الحالة: مبني"
ونلعب,"الكلمة: ونلعب
الصنف الصرفي: فعل ماض
الجذر: لعب
الحالة: معرب"
تعتذروا,"الكلمة: تعتذروا
الصنف الصرفي: فعل مضارع
الجذر: عذر
الحالة: معرب"
كفرتم,"الكلمة: كفرتم
الصنف الصرفي: فعل ماض
الجذر: كفر
الحالة: مبني"
والمنافقات,"الكلمة: والمنافقات
الصنف الصرفي: اسم فاعل
الجذر: نفق
الحالة: معرب"
بالمنكر,"الكلمة: بالمنكر
الصنف الصرفي: اسم مفعول
الجذر: نكر
الحالة: معرب"
ويقبضون,"الكلمة: ويقبضون
الصنف الصرفي: فعل مضارع
الجذر: قبض
الحالة: معرب"
حسبهم,"الكلمة: حسبهم
الصنف الصرفي: مصدر
الجذر: حسب
الحالة: معرب"
ولعنهم,"الكلمة: ولعنهم
الصنف الصرفي: فعل ماض
الجذر: لعن
الحالة: مبني"
وأكثر,"الكلمة: وأكثر
الصنف الصرفي: صفة مقارنة
الجذر: كثر
الحالة: معرب"
فاستمتعوا,"الكلمة: فاستمتعوا
الصنف الصرفي: فعل أمر
الجذر: متع
الحالة: مبني"
بخلاقهم,"الكلمة: بخلاقهم
الصنف الصرفي: مصدر
الجذر: خلق
الحالة: معرب"
فاستمتعتم,"الكلمة: فاستمتعتم
الصنف الصرفي: فعل ماض
الجذر: متع
الحالة: مبني"
بخلاقكم,"الكلمة: بخلاقكم
الصنف الصرفي: اسم مجرد
الجذر: خلق
الحالة: معرب"
سيرحمهم,"الكلمة: سيرحمهم
الصنف الصرفي: فعل مضارع
الجذر: رحم
الحالة: معرب"
الكفار,"الكلمة: الكفار
الصنف الصرفي: اسم فاعل
الجذر: كفر
الحالة: معرب"
والمنافقين,"الكلمة: والمنافقين
الصنف الصرفي: اسم فاعل
الجذر: نفق
الحالة: معرب"
واغلظ,"الكلمة: واغلظ
الصنف الصرفي: فعل أمر
الجذر: غلظ
الحالة: مبني"
وكفروا,"الكلمة: وكفروا
الصنف الصرفي: فعل ماض
الجذر: كفر
الحالة: مبني"
إسلامهم,"الكلمة: إسلامهم
الصنف الصرفي: مصدر
الجذر: سلم
الحالة: معرب"
نقموا,"الكلمة: نقموا
الصنف الصرفي: فعل ماض
الجذر: نقم
الحالة: مبني"
أغناهم,"الكلمة: أغناهم
الصنف الصرفي: فعل ماض
الجذر: غنن
الحالة: مبني"
فأعقبهم,"الكلمة: فأعقبهم
الصنف الصرفي: فعل ماض
الجذر: عقب
الحالة: مبني"
نفاقا,"الكلمة: نفاقا
الصنف الصرفي: مصدر
الجذر: نفق
الحالة: معرب"
أخلفوا,"الكلمة: أخلفوا
الصنف الصرفي: فعل ماض
الجذر: خلف
الحالة: مبني"
وعدوه,"الكلمة: وعدوه
الصنف الصرفي: فعل ماض
الجذر: عدد
الحالة: مبني"
يلمزون,"الكلمة: يلمزون
الصنف الصرفي: فعل مضارع
الجذر: لمز"
جهدهم,"الكلمة: جهدهم
الصنف الصرفي: مصدر
الجذر: جهد
الحالة: معرب"
فيسخرون,"الكلمة: فيسخرون
الصنف الصرفي: فعل مضارع
الجذر: سخر
الحالة: معرب"
استغفر,"الكلمة: استغفر
الصنف الصرفي: فعل أمر
الجذر: غفر
الحالة: مبني"
تستغفر,"الكلمة: تستغفر
الصنف الصرفي: فعل مضارع
الجذر: غفر
الحالة: معرب"
بمقعدهم,"الكلمة: بمقعدهم
الصنف الصرفي: مصدر ميمي
الجذر: قعد
الحالة: معرب"
وكرهوا,"الكلمة: وكرهوا
الصنف الصرفي: فعل ماض
الجذر: كره
الحالة: مبني"
فليضحكوا,"الكلمة: فليضحكوا
الصنف الصرفي: فعل مضارع
الجذر: ضحك
الحالة: معرب"
تخرجوا,"الكلمة: تخرجوا
الصنف الصرفي: فعل مضارع
الجذر: خرج
الحالة: معرب"
بالقعود,"الكلمة: بالقعود
الصنف الصرفي: مصدر
الجذر: قعد
الحالة: معرب"
فاقعدوا,"الكلمة: فاقعدوا
الصنف الصرفي: فعل أمر
الجذر: قعد
الحالة: مبني"
الأعراب,"الكلمة: الأعراب
الصنف الصرفي: اسم منسوب
الجذر: عرب
الحالة: معرب"
الضعفاء,"الكلمة: الضعفاء
الصنف الصرفي: صفة نوعية
الجذر: ضعف
الحالة: معرب"
المرضى,"الكلمة: المرضى
الصنف الصرفي: صفة نوعية
الجذر: مرض
الحالة: معرب"
نصحوا,"الكلمة: نصحوا
الصنف الصرفي: فعل ماض
الجذر: نصح
الحالة: مبني"
لتحملهم,"الكلمة: لتحملهم
الصنف الصرفي: فعل مضارع
الجذر: حمل
الحالة: معرب"
أحملكم,"الكلمة: أحملكم
الصنف الصرفي: فعل مضارع
الجذر: حمل
الحالة: معرب"
يعتذرون,"الكلمة: يعتذرون
الصنف الصرفي: فعل مضارع
الجذر: عذر
الحالة: معرب"
أخباركم,"الكلمة: أخباركم
الصنف الصرفي: اسم مجرد
الجذر: خبر
الحالة: معرب"
وسيرى,"الكلمة: وسيرى
الصنف الصرفي: فعل مضارع
الجذر: NTWS
الحالة: معرب"
عملكم,"الكلمة: عملكم
الصنف الصرفي: مصدر
الجذر: عمل
الحالة: معرب"
تردون,"الكلمة: تردون
الصنف الصرفي: IV_PASS
الجذر: ردد"
سيحلفون,"الكلمة: سيحلفون
الصنف الصرفي: فعل مضارع
الجذر: حلف
الحالة: معرب"
لتعرضوا,"الكلمة: لتعرضوا
الصنف الصرفي: فعل مضارع
الجذر: عرض
الحالة: معرب"
لترضوا,"الكلمة: لترضوا
الصنف الصرفي: فعل مضارع
الجذر: رضض
الحالة: معرب"
ونفاقا,"الكلمة: ونفاقا
الصنف الصرفي: مصدر
الجذر: نفق
الحالة: معرب"
وأجدر,"الكلمة: وأجدر
الصنف الصرفي: صفة مقارنة
الجذر: جدر
الحالة: معرب"
مغرما,"الكلمة: مغرما
الصنف الصرفي: مصدر ميمي
الجذر: غرم
الحالة: معرب"
ويتربص,"الكلمة: ويتربص
الصنف الصرفي: فعل مضارع
الجذر: ربص
الحالة: معرب"
قربات,"الكلمة: قربات
الصنف الصرفي: اسم مجرد
الجذر: قرب
الحالة: معرب"
قربة,"الكلمة: قربة
الصنف الصرفي: مصدر
الجذر: قرب
الحالة: معرب"
سيدخلهم,"الكلمة: سيدخلهم
الصنف الصرفي: فعل مضارع
الجذر: دخل
الحالة: معرب"
والسابقون,"الكلمة: والسابقون
الصنف الصرفي: اسم فاعل
الجذر: سبق
الحالة: معرب"
المهاجرين,"الكلمة: المهاجرين
الصنف الصرفي: اسم فاعل
الجذر: هجر
الحالة: معرب"
والأنصار,"الكلمة: والأنصار
الصنف الصرفي: صفة مبالغة
الجذر: نصر
الحالة: معرب"
اتبعوهم,"الكلمة: اتبعوهم
الصنف الصرفي: فعل ماض
الجذر: تبع
الحالة: مبني"
حولكم,"الكلمة: حولكم
الصنف الصرفي: ظرف
الجذر: حل
الحالة: معرب"
منافقون,"الكلمة: منافقون
الصنف الصرفي: اسم فاعل
الجذر: نفق
الحالة: معرب"
مردوا,"الكلمة: مردوا
الصنف الصرفي: فعل ماض
الجذر: مرد
الحالة: مبني"
تعلمهم,"الكلمة: تعلمهم
الصنف الصرفي: فعل مضارع
الجذر: علم
الحالة: معرب"
نعلمهم,"الكلمة: نعلمهم
الصنف الصرفي: فعل مضارع
الجذر: علم
الحالة: معرب"
سنعذبهم,"الكلمة: سنعذبهم
الصنف الصرفي: فعل مضارع
الجذر: عذب
الحالة: معرب"
مرتين,"الكلمة: مرتين
الصنف الصرفي: مصدر لحظي
الجذر: مرر
الحالة: معرب"
اعترفوا,"الكلمة: اعترفوا
الصنف الصرفي: فعل ماض
الجذر: عرف
الحالة: مبني"
خلطوا,"الكلمة: خلطوا
الصنف الصرفي: فعل ماض
الجذر: خلط
الحالة: مبني"
تطهرهم,"الكلمة: تطهرهم
الصنف الصرفي: فعل مضارع
الجذر: طهر
الحالة: معرب"
فسيرى,"الكلمة: فسيرى
الصنف الصرفي: فعل مضارع
الجذر: NTWS
الحالة: معرب"
وستردون,"الكلمة: وستردون
الصنف الصرفي: IV_PASS
الجذر: ردد
الحالة: معرب"
وتفريقا,"الكلمة: وتفريقا
الصنف الصرفي: مصدر
الجذر: فرق
الحالة: معرب"
وإرصادا,"الكلمة: وإرصادا
الصنف الصرفي: مصدر
الجذر: رصد
الحالة: معرب"
وليحلفن,"الكلمة: وليحلفن
الصنف الصرفي: فعل مضارع
الجذر: حلف
الحالة: معرب"
لمسجد,"الكلمة: لمسجد
الصنف الصرفي: اسم زمان أو مكان
الجذر: سجد
الحالة: معرب"
يحبون,"الكلمة: يحبون
الصنف الصرفي: فعل مضارع
الجذر: حبب"
يتطهروا,"الكلمة: يتطهروا
الصنف الصرفي: فعل مضارع
الجذر: طهر
الحالة: معرب"
المطهرين,"الكلمة: المطهرين
الصنف الصرفي: اسم فاعل
الجذر: طهر
الحالة: معرب"
فانهار,"الكلمة: فانهار
الصنف الصرفي: فعل ماض
الجذر: نهر
الحالة: مبني"
فيقتلون,"الكلمة: فيقتلون
الصنف الصرفي: فعل مضارع
الجذر: قتل
الحالة: معرب"
ويقتلون,"الكلمة: ويقتلون
الصنف الصرفي: IV_PASS
الجذر: قتل
الحالة: معرب"
والقرآن,"الكلمة: والقرآن
الصنف الصرفي: اسم محسوس
الجذر: قرن
الحالة: معرب"
فاستبشروا,"الكلمة: فاستبشروا
الصنف الصرفي: فعل أمر
الجذر: بشر
الحالة: مبني"
العابدون,"الكلمة: العابدون
الصنف الصرفي: اسم فاعل
الجذر: عبد
الحالة: معرب"
لحدود,"الكلمة: لحدود
الصنف الصرفي: اسم مجرد
الجذر: حدد
الحالة: معرب"
يستغفروا,"الكلمة: يستغفروا
الصنف الصرفي: فعل مضارع
الجذر: غفر
الحالة: معرب"
استغفار,"الكلمة: استغفار
الصنف الصرفي: مصدر
الجذر: غفر
الحالة: معرب"
وعدها,"الكلمة: وعدها
الصنف الصرفي: فعل ماض
الجذر: عدد
الحالة: مبني"
هداهم,"الكلمة: هداهم
الصنف الصرفي: فعل ماض
الجذر: هدد
الحالة: مبني"
والمهاجرين,"الكلمة: والمهاجرين
الصنف الصرفي: اسم فاعل
الجذر: هجر
الحالة: معرب"
العسرة,"الكلمة: العسرة
الصنف الصرفي: اسم مجرد
الجذر: عسر
الحالة: معرب"
الثلاثة,"الكلمة: الثلاثة
الصنف الصرفي: اسم عدد
الجذر: ثلث
الحالة: معرب"
خلفوا,"الكلمة: خلفوا
الصنف الصرفي: فعل ماض مجهول
الجذر: خلف
الحالة: مبني"
يتخلفوا,"الكلمة: يتخلفوا
الصنف الصرفي: فعل مضارع
الجذر: خلف
الحالة: معرب"
يرغبوا,"الكلمة: يرغبوا
الصنف الصرفي: فعل مضارع
الجذر: رغب
الحالة: معرب"
يقطعون,"الكلمة: يقطعون
الصنف الصرفي: فعل مضارع
الجذر: قطع
الحالة: معرب"
لينفروا,"الكلمة: لينفروا
الصنف الصرفي: فعل مضارع
الجذر: نفر
الحالة: معرب"
ليتفقهوا,"الكلمة: ليتفقهوا
الصنف الصرفي: فعل مضارع
الجذر: فقه
الحالة: معرب"
ولينذروا,"الكلمة: ولينذروا
الصنف الصرفي: فعل مضارع
الجذر: نذر
الحالة: معرب"
رجعوا,"الكلمة: رجعوا
الصنف الصرفي: فعل ماض
الجذر: رجع
الحالة: مبني"
يحذرون,"الكلمة: يحذرون
الصنف الصرفي: فعل مضارع
الجذر: حذر"
وليجدوا,"الكلمة: وليجدوا
الصنف الصرفي: فعل مضارع
الجذر: جدد
الحالة: معرب"
أيكم,"الكلمة: أيكم
الصنف الصرفي: أداة استفهام
الجذر: ّكم"
رجسهم,"الكلمة: رجسهم
الصنف الصرفي: اسم مجرد
الجذر: رجس
الحالة: معرب"
يفتنون,"الكلمة: يفتنون
الصنف الصرفي: فعل مضارع
الجذر: فتن"
انصرفوا,"الكلمة: انصرفوا
الصنف الصرفي: فعل ماض
الجذر: صرف
الحالة: مبني"
وقدره,"الكلمة: وقدره
الصنف الصرفي: فعل ماض
الجذر: قدر
الحالة: مبني"
منازل,"الكلمة: منازل
الصنف الصرفي: اسم زمان أو مكان
الجذر: نزل
الحالة: معرب"
السنين,"الكلمة: السنين
الصنف الصرفي: ظرف
الجذر: لسن
الحالة: معرب"
والحساب,"الكلمة: والحساب
الصنف الصرفي: مصدر
الجذر: حسب
الحالة: معرب"
اختلاف,"الكلمة: اختلاف
الصنف الصرفي: مصدر
الجذر: خلف
الحالة: معرب"
استعجالهم,"الكلمة: استعجالهم
الصنف الصرفي: مصدر
الجذر: عجل
الحالة: معرب"
دعانا,"الكلمة: دعانا
الصنف الصرفي: فعل ماض
الجذر: دعع
الحالة: مبني"
لجنبه,"الكلمة: لجنبه
الصنف الصرفي: اسم مجرد
الجذر: جنب
الحالة: معرب"
قاعدا,"الكلمة: قاعدا
الصنف الصرفي: اسم فاعل
الجذر: قعد
الحالة: معرب"
يدعنا,"الكلمة: يدعنا
الصنف الصرفي: فعل مضارع
الجذر: دعع
الحالة: معرب"
القرون,"الكلمة: القرون
الصنف الصرفي: اسم مجرد
الجذر: قرن
الحالة: معرب"
لننظر,"الكلمة: لننظر
الصنف الصرفي: فعل مضارع
الجذر: نظر
الحالة: معرب"
أبدله,"الكلمة: أبدله
الصنف الصرفي: فعل مضارع
الجذر: بدل
الحالة: معرب"
أدراكم,"الكلمة: أدراكم
الصنف الصرفي: فعل ماض
الجذر: درر
الحالة: مبني"
ويعبدون,"الكلمة: ويعبدون
الصنف الصرفي: فعل مضارع
الجذر: عبد
الحالة: معرب"
شفعاؤنا,"الكلمة: شفعاؤنا
الصنف الصرفي: اسم محسوس
الجذر: شفع
الحالة: معرب"
فاختلفوا,"الكلمة: فاختلفوا
الصنف الصرفي: فعل ماض
الجذر: خلف
الحالة: مبني"
تمكرون,"الكلمة: تمكرون
الصنف الصرفي: فعل مضارع
الجذر: مكر"
وفرحوا,"الكلمة: وفرحوا
الصنف الصرفي: فعل ماض
الجذر: فرح
الحالة: مبني"
فاختلط,"الكلمة: فاختلط
الصنف الصرفي: فعل ماض
الجذر: خلط
الحالة: مبني"
قادرون,"الكلمة: قادرون
الصنف الصرفي: اسم فاعل
الجذر: قدر
الحالة: معرب"
أمرنا,"الكلمة: أمرنا
الصنف الصرفي: مصدر
الجذر: مرر
الحالة: معرب"
نهارا,"الكلمة: نهارا
الصنف الصرفي: ظرف
الجذر: نهر
الحالة: معرب"
حصيدا,"الكلمة: حصيدا
الصنف الصرفي: اسم مفعول
الجذر: حصد
الحالة: معرب"
بالأمس,"الكلمة: بالأمس
الصنف الصرفي: اسم مجرد
الجذر: مسس
الحالة: معرب"
بمثلها,"الكلمة: بمثلها
الصنف الصرفي: اسم مجرد
الجذر: مثل
الحالة: معرب"
وترهقهم,"الكلمة: وترهقهم
الصنف الصرفي: فعل مضارع
الجذر: رهق
الحالة: معرب"
مظلما,"الكلمة: مظلما
الصنف الصرفي: اسم فاعل
الجذر: ظلم
الحالة: معرب"
وشركاؤكم,"الكلمة: وشركاؤكم
الصنف الصرفي: اسم محسوس
الجذر: شرك
الحالة: معرب"
أسلفت,"الكلمة: أسلفت
الصنف الصرفي: فعل ماض
الجذر: سلف
الحالة: مبني"
وردوا,"الكلمة: وردوا
الصنف الصرفي: فعل ماض مجهول
الجذر: ردد
الحالة: مبني"
يرزقكم,"الكلمة: يرزقكم
الصنف الصرفي: فعل مضارع
الجذر: رزق
الحالة: معرب"
السمع,"الكلمة: السمع
الصنف الصرفي: مصدر
الجذر: سمع
الحالة: معرب"
والأبصار,"الكلمة: والأبصار
الصنف الصرفي: اسم مجرد
الجذر: بصر
الحالة: معرب"
ويخرج,"الكلمة: ويخرج
الصنف الصرفي: فعل مضارع
الجذر: خرج
الحالة: معرب"
الضلال,"الكلمة: الضلال
الصنف الصرفي: مصدر
الجذر: ضلل
الحالة: معرب"
تصرفون,"الكلمة: تصرفون
الصنف الصرفي: IV_PASS
الجذر: صرف
الحالة: معرب"
فسقوا,"الكلمة: فسقوا
الصنف الصرفي: فعل ماض
الجذر: فسق
الحالة: مبني"
شركائكم,"الكلمة: شركائكم
الصنف الصرفي: اسم محسوس
الجذر: شرك
الحالة: معرب"
تحكمون,"الكلمة: تحكمون
الصنف الصرفي: فعل مضارع
الجذر: حكم"
تصديق,"الكلمة: تصديق
الصنف الصرفي: مصدر
الجذر: صدق
الحالة: معرب"
وتفصيل,"الكلمة: وتفصيل
الصنف الصرفي: مصدر
الجذر: فصل
الحالة: معرب"
افتراه,"الكلمة: افتراه
الصنف الصرفي: فعل ماض
الجذر: فرر
الحالة: مبني"
يستمعون,"الكلمة: يستمعون
الصنف الصرفي: فعل مضارع
الجذر: سمع"
يلبثوا,"الكلمة: يلبثوا
الصنف الصرفي: فعل مضارع
الجذر: لبث
الحالة: معرب"
يتعارفون,"الكلمة: يتعارفون
الصنف الصرفي: فعل مضارع
الجذر: عرف"
نعدهم,"الكلمة: نعدهم
الصنف الصرفي: فعل مضارع
الجذر: عدد
الحالة: معرب"
رسولهم,"الكلمة: رسولهم
الصنف الصرفي: اسم محسوس
الجذر: رسل
الحالة: معرب"
عذابه,"الكلمة: عذابه
الصنف الصرفي: مصدر
الجذر: عذب
الحالة: معرب"
يستعجل,"الكلمة: يستعجل
الصنف الصرفي: فعل مضارع
الجذر: عجل
الحالة: معرب"
آلآن,"الكلمة: آلآن
الصنف الصرفي: ظرف
الجذر: لن
الحالة: مبني"
الخلد,"الكلمة: الخلد
الصنف الصرفي: مصدر
الجذر: خلد
الحالة: معرب"
وأسروا,"الكلمة: وأسروا
الصنف الصرفي: فعل ماض
الجذر: سرر
الحالة: مبني"
الندامة,"الكلمة: الندامة
الصنف الصرفي: مصدر
الجذر: ندم
الحالة: معرب"
فبذلك,"الكلمة: فبذلك
الصنف الصرفي: اسم إشارة مفرد مذكر
الجذر: بذل"
فليفرحوا,"الكلمة: فليفرحوا
الصنف الصرفي: فعل مضارع
الجذر: فرح
الحالة: معرب"
فجعلتم,"الكلمة: فجعلتم
الصنف الصرفي: فعل ماض
الجذر: جعل
الحالة: مبني"
حراما,"الكلمة: حراما
الصنف الصرفي: مصدر
الجذر: حرم
الحالة: معرب"
وحلالا,"الكلمة: وحلالا
الصنف الصرفي: مصدر
الجذر: حلل
الحالة: معرب"
تفترون,"الكلمة: تفترون
الصنف الصرفي: فعل مضارع
الجذر: فتر"
شهودا,"الكلمة: شهودا
الصنف الصرفي: اسم فاعل
الجذر: شهد
الحالة: معرب"
البشرى,"الكلمة: البشرى
الصنف الصرفي: اسم مجرد
الجذر: بشر
الحالة: معرب"
تبديل,"الكلمة: تبديل
الصنف الصرفي: مصدر
الجذر: بدل
الحالة: مبني"
لتسكنوا,"الكلمة: لتسكنوا
الصنف الصرفي: فعل مضارع
الجذر: سكن
الحالة: معرب"
يفلحون,"الكلمة: يفلحون
الصنف الصرفي: فعل مضارع
الجذر: فلح"
مقامي,"الكلمة: مقامي
الصنف الصرفي: مصدر ميمي
الجذر: قمم
الحالة: معرب"
وتذكيري,"الكلمة: وتذكيري
الصنف الصرفي: مصدر
الجذر: ذكر
الحالة: معرب"
فأجمعوا,"الكلمة: فأجمعوا
الصنف الصرفي: فعل أمر
الجذر: جمع
الحالة: مبني"
أمركم,"الكلمة: أمركم
الصنف الصرفي: اسم مجرد
الجذر: مرر
الحالة: معرب"
وشركاءكم,"الكلمة: وشركاءكم
الصنف الصرفي: اسم محسوس
الجذر: شرك
الحالة: معرب"
اقضوا,"الكلمة: اقضوا
الصنف الصرفي: فعل أمر
الجذر: قضض
الحالة: مبني"
سألتكم,"الكلمة: سألتكم
الصنف الصرفي: فعل ماض
الجذر: لتت
الحالة: مبني"
وأمرت,"الكلمة: وأمرت
الصنف الصرفي: فعل ماض مجهول
الجذر: مرر
الحالة: مبني"
وجعلناهم,"الكلمة: وجعلناهم
الصنف الصرفي: فعل ماض
الجذر: جعل
الحالة: مبني"
المنذرين,"الكلمة: المنذرين
الصنف الصرفي: اسم فاعل
الجذر: نذر
الحالة: معرب"
عندنا,"الكلمة: عندنا
الصنف الصرفي: ظرف
الجذر: عند
الحالة: معرب"
الساحرون,"الكلمة: الساحرون
الصنف الصرفي: اسم فاعل
الجذر: سحر
الحالة: معرب"
لتلفتنا,"الكلمة: لتلفتنا
الصنف الصرفي: فعل مضارع
الجذر: تلف
الحالة: معرب"
الكبرياء,"الكلمة: الكبرياء
الصنف الصرفي: اسم مجرد
الجذر: كبر
الحالة: معرب"
سيبطله,"الكلمة: سيبطله
الصنف الصرفي: فعل مضارع
الجذر: بطل
الحالة: معرب"
يفتنهم,"الكلمة: يفتنهم
الصنف الصرفي: فعل مضارع
الجذر: فتن
الحالة: معرب"
فعليه,"الكلمة: فعليه
الصنف الصرفي: حرف جر
الجذر: فعل
الحالة: مبني"
برحمتك,"الكلمة: برحمتك
الصنف الصرفي: مصدر
الجذر: رحم
الحالة: معرب"
وملأه,"الكلمة: وملأه
الصنف الصرفي: اسم محسوس
الجذر: ملل
الحالة: معرب"
ليضلوا,"الكلمة: ليضلوا
الصنف الصرفي: فعل مضارع
الجذر: ضلل
الحالة: معرب"
سبيلك,"الكلمة: سبيلك
الصنف الصرفي: اسم مجرد
الجذر: سبل
الحالة: معرب"
واشدد,"الكلمة: واشدد
الصنف الصرفي: فعل أمر
الجذر: شدد
الحالة: مبني"
تتبعان,"الكلمة: تتبعان
الصنف الصرفي: فعل مضارع
الجذر: تبع"
فأتبعهم,"الكلمة: فأتبعهم
الصنف الصرفي: فعل ماض
الجذر: تبع
الحالة: مبني"
أدركه,"الكلمة: أدركه
الصنف الصرفي: فعل ماض
الجذر: درك
الحالة: مبني"
الغرق,"الكلمة: الغرق
الصنف الصرفي: مصدر
الجذر: غرق
الحالة: معرب"
ببدنك,"الكلمة: ببدنك
الصنف الصرفي: اسم محسوس
الجذر: بدن
الحالة: معرب"
خلفك,"الكلمة: خلفك
الصنف الصرفي: ظرف
الجذر: خلف
الحالة: معرب"
لغافلون,"الكلمة: لغافلون
الصنف الصرفي: اسم فاعل
الجذر: غفل
الحالة: معرب"
ورزقناهم,"الكلمة: ورزقناهم
الصنف الصرفي: فعل ماض
الجذر: رزق
الحالة: مبني"
فنفعها,"الكلمة: فنفعها
الصنف الصرفي: فعل ماض
الجذر: نفع
الحالة: مبني"
يونس,"الكلمة: يونس
الصنف الصرفي: اسم علم أعجمي
الجذر: NTWS
الحالة: معرب"
ومتعناهم,"الكلمة: ومتعناهم
الصنف الصرفي: فعل ماض
الجذر: متع
الحالة: مبني"
والنذر,"الكلمة: والنذر
الصنف الصرفي: اسم مجرد
الجذر: نذر
الحالة: معرب"
ينتظرون,"الكلمة: ينتظرون
الصنف الصرفي: فعل مضارع
الجذر: نظر"
لالدين,"الكلمة: لالدين
الصنف الصرفي: اسم مجرد
الجذر: لدد
الحالة: معرب"
ينفعك,"الكلمة: ينفعك
الصنف الصرفي: فعل مضارع
الجذر: نفع
الحالة: معرب"
لفضله,"الكلمة: لفضله
الصنف الصرفي: مصدر
الجذر: فضل
الحالة: معرب"
الغفور,"الكلمة: الغفور
الصنف الصرفي: اسم علم
الجذر: غفر
الحالة: معرب"
واتبع,"الكلمة: واتبع
الصنف الصرفي: فعل أمر
الجذر: تبع
الحالة: مبني"
واصبر,"الكلمة: واصبر
الصنف الصرفي: فعل أمر
الجذر: صبر
الحالة: مبني"
أحكمت,"الكلمة: أحكمت
الصنف الصرفي: فعل ماض مجهول
الجذر: حكم
الحالة: مبني"
تعبدوا,"الكلمة: تعبدوا
الصنف الصرفي: فعل مضارع
الجذر: عبد
الحالة: معرب"
استغفروا,"الكلمة: استغفروا
الصنف الصرفي: فعل أمر
الجذر: غفر
الحالة: مبني"
يمتعكم,"الكلمة: يمتعكم
الصنف الصرفي: فعل مضارع
الجذر: متع
الحالة: معرب"
ليستخفوا,"الكلمة: ليستخفوا
الصنف الصرفي: فعل مضارع
الجذر: خفف
الحالة: معرب"
يستغشون,"الكلمة: يستغشون
الصنف الصرفي: فعل مضارع
الجذر: غشش"
رزقها,"الكلمة: رزقها
الصنف الصرفي: مصدر
الجذر: رزق
الحالة: معرب"
مستقرها,"الكلمة: مستقرها
الصنف الصرفي: اسم زمان أو مكان
الجذر: قرر
الحالة: معرب"
مبعوثون,"الكلمة: مبعوثون
الصنف الصرفي: اسم مفعول
الجذر: بعث
الحالة: معرب"
يحبسه,"الكلمة: يحبسه
الصنف الصرفي: فعل مضارع
الجذر: حبس
الحالة: معرب"
مصروفا,"الكلمة: مصروفا
الصنف الصرفي: اسم مفعول
الجذر: صرف
الحالة: معرب"
نزعناها,"الكلمة: نزعناها
الصنف الصرفي: فعل مضارع
الجذر: نزع
الحالة: مبني"
نعماء,"الكلمة: نعماء
الصنف الصرفي: اسم مجرد
الجذر: نعم
الحالة: معرب"
فلعلك,"الكلمة: فلعلك
الصنف الصرفي: حرف ناسخ
الجذر: علل
الحالة: مبني"
يبخسون,"الكلمة: يبخسون
الصنف الصرفي: IV_PASS
الجذر: بخس"
صنعوا,"الكلمة: صنعوا
الصنف الصرفي: فعل ماض
الجذر: صنع
الحالة: مبني"
عامه,"الكلمة: عامه
الصنف الصرفي: اسم زمان أو مكان
الجذر: عمّة
الحالة: معرب"
يعرضون,"الكلمة: يعرضون
الصنف الصرفي: IV_PASS
الجذر: عرض"
الأشهاد,"الكلمة: الأشهاد
الصنف الصرفي: اسم فاعل
الجذر: شهد
الحالة: معرب"
وأخبتوا,"الكلمة: وأخبتوا
الصنف الصرفي: فعل ماض
الجذر: خبت
الحالة: مبني"
والأصم,"الكلمة: والأصم
الصنف الصرفي: صفة نوعية
الجذر: صمم
الحالة: معرب"
والسميع,"الكلمة: والسميع
الصنف الصرفي: صفة نوعية
الجذر: سمع
الحالة: معرب"
مثلنا,"الكلمة: مثلنا
الصنف الصرفي: اسم مجرد
الجذر: مثل
الحالة: معرب"
نظنكم,"الكلمة: نظنكم
الصنف الصرفي: فعل مضارع
الجذر: ظنن
الحالة: معرب"
كاذبين,"الكلمة: كاذبين
الصنف الصرفي: اسم فاعل
الجذر: كذب
الحالة: معرب"
بطارد,"الكلمة: بطارد
الصنف الصرفي: اسم فاعل
الجذر: طرد
الحالة: معرب"
أراكم,"الكلمة: أراكم
الصنف الصرفي: فعل مضارع
الجذر: ركم
الحالة: معرب"
ينصرني,"الكلمة: ينصرني
الصنف الصرفي: فعل مضارع
الجذر: نصر
الحالة: معرب"
طردتهم,"الكلمة: طردتهم
الصنف الصرفي: فعل ماض
الجذر: طرد
الحالة: مبني"
جادلتنا,"الكلمة: جادلتنا
الصنف الصرفي: فعل ماض
الجذر: جدل
الحالة: مبني"
فأكثرت,"الكلمة: فأكثرت
الصنف الصرفي: فعل ماض
الجذر: كثر
الحالة: مبني"
جدالنا,"الكلمة: جدالنا
الصنف الصرفي: مصدر
الجذر: جدل
الحالة: معرب"
ينفعكم,"الكلمة: ينفعكم
الصنف الصرفي: فعل مضارع
الجذر: نفع
الحالة: معرب"
إجرامي,"الكلمة: إجرامي
الصنف الصرفي: اسم منسوب
الجذر: جرم
الحالة: معرب"
تجرمون,"الكلمة: تجرمون
الصنف الصرفي: فعل مضارع
الجذر: جرم"
واصنع,"الكلمة: واصنع
الصنف الصرفي: فعل أمر
الجذر: صنع
الحالة: مبني"
تخاطبني,"الكلمة: تخاطبني
الصنف الصرفي: فعل مضارع
الجذر: خطب
الحالة: معرب"
مغرقون,"الكلمة: مغرقون
الصنف الصرفي: اسم مفعول
الجذر: غرق
الحالة: معرب"
ويصنع,"الكلمة: ويصنع
الصنف الصرفي: فعل مضارع
الجذر: صنع
الحالة: معرب"
وكلما,"الكلمة: وكلما
الصنف الصرفي: اسم مجرد
الجذر: كلم"
تسخروا,"الكلمة: تسخروا
الصنف الصرفي: فعل مضارع
الجذر: سخر
الحالة: معرب"
كما,"الكلمة: كما
الصنف الصرفي: اسم موصول
الجذر: ك"
تسخرون,"الكلمة: تسخرون
الصنف الصرفي: فعل مضارع
الجذر: سخر"
التنور,"الكلمة: التنور
الصنف الصرفي: كلمة أعجمية
الجذر: تنر
الحالة: معرب"
وأهلك,"الكلمة: وأهلك
الصنف الصرفي: اسم محسوس
الجذر: هلل
الحالة: معرب"
اركبوا,"الكلمة: اركبوا
الصنف الصرفي: فعل أمر
الجذر: ركب
الحالة: مبني"
مجراها,"الكلمة: مجراها
الصنف الصرفي: اسم زمان أو مكان
الجذر: جرر
الحالة: معرب"
ومرساها,"الكلمة: ومرساها
الصنف الصرفي: اسم زمان أو مكان
الجذر: مرس
الحالة: معرب"
كالجبال,"الكلمة: كالجبال
الصنف الصرفي: اسم محسوس
الجذر: جبل
الحالة: معرب"
يعصمني,"الكلمة: يعصمني
الصنف الصرفي: فعل مضارع
الجذر: عصم
الحالة: معرب"
المغرقين,"الكلمة: المغرقين
الصنف الصرفي: اسم مفعول
الجذر: غرق
الحالة: معرب"
وترحمني,"الكلمة: وترحمني
الصنف الصرفي: فعل مضارع
الجذر: رحم
الحالة: معرب"
وبركات,"الكلمة: وبركات
الصنف الصرفي: اسم مجرد
الجذر: برك
الحالة: معرب"
سنمتعهم,"الكلمة: سنمتعهم
الصنف الصرفي: فعل مضارع
الجذر: متع
الحالة: معرب"
تعلمها,"الكلمة: تعلمها
الصنف الصرفي: فعل مضارع
الجذر: علم
الحالة: معرب"
فاصبر,"الكلمة: فاصبر
الصنف الصرفي: فعل أمر
الجذر: صبر
الحالة: مبني"
مفترون,"الكلمة: مفترون
الصنف الصرفي: اسم فاعل
الجذر: فرر
الحالة: معرب"
فطرني,"الكلمة: فطرني
الصنف الصرفي: فعل ماض
الجذر: فطر
الحالة: مبني"
واشهدوا,"الكلمة: واشهدوا
الصنف الصرفي: فعل أمر
الجذر: شهد
الحالة: مبني"
تضرونه,"الكلمة: تضرونه
الصنف الصرفي: فعل مضارع
الجذر: ضرر
الحالة: معرب"
جحدوا,"الكلمة: جحدوا
الصنف الصرفي: فعل ماض
الجذر: جحد
الحالة: مبني"
وأتبعوا,"الكلمة: وأتبعوا
الصنف الصرفي: فعل ماض مجهول
الجذر: تبع
الحالة: مبني"
واستعمركم,"الكلمة: واستعمركم
الصنف الصرفي: فعل ماض
الجذر: عمر
الحالة: مبني"
فاستغفروه,"الكلمة: فاستغفروه
الصنف الصرفي: فعل أمر
الجذر: غفر
الحالة: مبني"
فينا,"الكلمة: فينا
الصنف الصرفي: حرف جر
الجذر: NTWS
الحالة: مبني"
تدعونا,"الكلمة: تدعونا
الصنف الصرفي: فعل مضارع
الجذر: دعع
الحالة: معرب"
فعقروها,"الكلمة: فعقروها
الصنف الصرفي: فعل ماض
الجذر: عقر
الحالة: مبني"
تمتعوا,"الكلمة: تمتعوا
الصنف الصرفي: فعل ماض
الجذر: متع
الحالة: مبني"
داركم,"الكلمة: داركم
الصنف الصرفي: اسم محسوس
الجذر: درر
الحالة: معرب"
بالبشرى,"الكلمة: بالبشرى
الصنف الصرفي: اسم مجرد
الجذر: بشر
الحالة: معرب"
سلاما,"الكلمة: سلاما
الصنف الصرفي: مصدر
الجذر: سلم
الحالة: معرب"
نكرهم,"الكلمة: نكرهم
الصنف الصرفي: فعل ماض
الجذر: نكر
الحالة: مبني"
أرسلنا,"الكلمة: أرسلنا
الصنف الصرفي: فعل ماض مجهول
الجذر: رسل
الحالة: مبني"
فضحكت,"الكلمة: فضحكت
الصنف الصرفي: فعل ماض
الجذر: ضحك
الحالة: مبني"
فبشرناها,"الكلمة: فبشرناها
الصنف الصرفي: فعل ماض
الجذر: بشر
الحالة: مبني"
بإسحاق,"الكلمة: بإسحاق
الصنف الصرفي: اسم علم أعجمي
الجذر: NTWS
الحالة: معرب"
وراء,"الكلمة: وراء
الصنف الصرفي: اسم مجرد
الجذر: ر
الحالة: معرب"
وبركاته,"الكلمة: وبركاته
الصنف الصرفي: اسم مجرد
الجذر: برك
الحالة: معرب"
يجادلنا,"الكلمة: يجادلنا
الصنف الصرفي: فعل مضارع
الجذر: جدل
الحالة: معرب"
لحليم,"الكلمة: لحليم
الصنف الصرفي: صفة نوعية
الجذر: حلم
الحالة: معرب"
إبراهيم,"الكلمة: إبراهيم
الصنف الصرفي: اسم علم
الجذر: NTWS
الحالة: مبني"
مردود,"الكلمة: مردود
الصنف الصرفي: اسم مفعول
الجذر: ردد
الحالة: معرب"
يهرعون,"الكلمة: يهرعون
الصنف الصرفي: فعل مضارع
الجذر: هرع"
بناتي,"الكلمة: بناتي
الصنف الصرفي: اسم محسوس
الجذر: بنت
الحالة: معرب"
تخزون,"الكلمة: تخزون
الصنف الصرفي: فعل مضارع
الجذر: خزز
الحالة: معرب"
بناتك,"الكلمة: بناتك
الصنف الصرفي: اسم محسوس
الجذر: بنت
الحالة: معرب"
لتعلم,"الكلمة: لتعلم
الصنف الصرفي: فعل مضارع
الجذر: علم
الحالة: معرب"
بأهلك,"الكلمة: بأهلك
الصنف الصرفي: اسم محسوس
الجذر: بهل
الحالة: معرب"
يلتفت,"الكلمة: يلتفت
الصنف الصرفي: فعل مضارع
الجذر: لفت
الحالة: معرب"
الصبح,"الكلمة: الصبح
الصنف الصرفي: اسم مجرد
الجذر: صبح
الحالة: معرب"
بقريب,"الكلمة: بقريب
الصنف الصرفي: صفة نوعية
الجذر: قرب
الحالة: معرب"
سافلها,"الكلمة: سافلها
الصنف الصرفي: اسم فاعل
الجذر: سفل
الحالة: معرب"
تنقصوا,"الكلمة: تنقصوا
الصنف الصرفي: فعل مضارع
الجذر: نقص
الحالة: معرب"
الحليم,"الكلمة: الحليم
الصنف الصرفي: اسم علم
الجذر: حلم
الحالة: معرب"
الرشيد,"الكلمة: الرشيد
الصنف الصرفي: صفة نوعية
الجذر: رشد
الحالة: معرب"
ورزقني,"الكلمة: ورزقني
الصنف الصرفي: فعل ماض
الجذر: رزق
الحالة: مبني"
أخالفكم,"الكلمة: أخالفكم
الصنف الصرفي: فعل مضارع
الجذر: خلف
الحالة: معرب"
الإصلاح,"الكلمة: الإصلاح
الصنف الصرفي: مصدر
الجذر: صلح
الحالة: معرب"
شقاقي,"الكلمة: شقاقي
الصنف الصرفي: مصدر
الجذر: شقق
الحالة: معرب"
لرجمناك,"الكلمة: لرجمناك
الصنف الصرفي: فعل ماض
الجذر: رجم
الحالة: مبني"
بعزيز,"الكلمة: بعزيز
الصنف الصرفي: صفة نوعية
الجذر: عزز
الحالة: معرب"
أرهطي,"الكلمة: أرهطي
الصنف الصرفي: اسم محسوس
الجذر: رهط
الحالة: معرب"
وراءكم,"الكلمة: وراءكم
الصنف الصرفي: ظرف
الجذر: ر
الحالة: معرب"
ظهريا,"الكلمة: ظهريا
الصنف الصرفي: اسم منسوب
الجذر: ظهر
الحالة: معرب"
وارتقبوا,"الكلمة: وارتقبوا
الصنف الصرفي: فعل أمر
الجذر: رقب
الحالة: مبني"
فاتبعوا,"الكلمة: فاتبعوا
الصنف الصرفي: فعل ماض
الجذر: تبع
الحالة: مبني"
برشيد,"الكلمة: برشيد
الصنف الصرفي: صفة نوعية
الجذر: رشد
الحالة: معرب"
الرفد,"الكلمة: الرفد
الصنف الصرفي: اسم مجرد
الجذر: رفد
الحالة: معرب"
وحصيد,"الكلمة: وحصيد
الصنف الصرفي: اسم مفعول
الجذر: حصد
الحالة: معرب"
ظالمة,"الكلمة: ظالمة
الصنف الصرفي: اسم فاعل
الجذر: ظلم
الحالة: معرب"
مشهود,"الكلمة: مشهود
الصنف الصرفي: اسم مفعول
الجذر: شهد
الحالة: معرب"
معدود,"الكلمة: معدود
الصنف الصرفي: اسم مفعول
الجذر: عدد
الحالة: معرب"
وسعيد,"الكلمة: وسعيد
الصنف الصرفي: صفة نوعية
الجذر: سعد
الحالة: معرب"
وشهيق,"الكلمة: وشهيق
الصنف الصرفي: مصدر
الجذر: شهق
الحالة: معرب"
سعدوا,"الكلمة: سعدوا
الصنف الصرفي: فعل ماض مجهول
الجذر: سعد
الحالة: مبني"
يعبدون,"الكلمة: يعبدون
الصنف الصرفي: فعل مضارع
الجذر: عبد"
منقوص,"الكلمة: منقوص
الصنف الصرفي: اسم مفعول
الجذر: نقص
الحالة: معرب"
فاختلف,"الكلمة: فاختلف
الصنف الصرفي: فعل ماض مجهول
الجذر: خلف
الحالة: مبني"
تركنوا,"الكلمة: تركنوا
الصنف الصرفي: فعل مضارع
الجذر: ركن
الحالة: معرب"
فتمسكم,"الكلمة: فتمسكم
الصنف الصرفي: فعل مضارع
الجذر: مسس
الحالة: مبني"
تنصرون,"الكلمة: تنصرون
الصنف الصرفي: IV_PASS
الجذر: نصر"
وزلفا,"الكلمة: وزلفا
الصنف الصرفي: اسم مجرد
الجذر: زلف
الحالة: معرب"
الحسنات,"الكلمة: الحسنات
الصنف الصرفي: اسم مجرد
الجذر: حسن
الحالة: معرب"
يذهبن,"الكلمة: يذهبن
الصنف الصرفي: فعل مضارع
الجذر: ذهب
الحالة: مبني"
أترفوا,"الكلمة: أترفوا
الصنف الصرفي: فعل ماض مجهول
الجذر: ترف
الحالة: مبني"
مختلفين,"الكلمة: مختلفين
الصنف الصرفي: اسم فاعل
الجذر: خلف
الحالة: معرب"
ولذلك,"الكلمة: ولذلك
الصنف الصرفي: اسم إشارة
الجذر: لذلك"
خلقهم,"الكلمة: خلقهم
الصنف الصرفي: فعل ماض
الجذر: خلق
الحالة: مبني"
عاملون,"الكلمة: عاملون
الصنف الصرفي: اسم فاعل
الجذر: عمل
الحالة: معرب"
وانتظروا,"الكلمة: وانتظروا
الصنف الصرفي: فعل أمر
الجذر: نظر
الحالة: مبني"
فاعبده,"الكلمة: فاعبده
الصنف الصرفي: فعل أمر
الجذر: عبد
الحالة: مبني"
قرآنا,"الكلمة: قرآنا
الصنف الصرفي: اسم علم
الجذر: قرر
الحالة: معرب"
عربيا,"الكلمة: عربيا
الصنف الصرفي: اسم منسوب
الجذر: عرب
الحالة: معرب"
يوسف,"الكلمة: يوسف
الصنف الصرفي: اسم علم أعجمي
الجذر: NTWS
الحالة: معرب"
ويعلمك,"الكلمة: ويعلمك
الصنف الصرفي: فعل مضارع
الجذر: علم
الحالة: معرب"
أتمها,"الكلمة: أتمها
الصنف الصرفي: فعل ماض
الجذر: تمم
الحالة: مبني"
ليوسف,"الكلمة: ليوسف
الصنف الصرفي: اسم علم أعجمي
الجذر: NTWS
الحالة: معرب"
اطرحوه,"الكلمة: اطرحوه
الصنف الصرفي: فعل أمر
الجذر: طرح
الحالة: مبني"
صالحين,"الكلمة: صالحين
الصنف الصرفي: اسم فاعل
الجذر: صلح
الحالة: معرب"
يلتقطه,"الكلمة: يلتقطه
الصنف الصرفي: فعل مضارع
الجذر: لقط
الحالة: معرب"
فاعلين,"الكلمة: فاعلين
الصنف الصرفي: اسم فاعل
الجذر: فعل
الحالة: معرب"
تأمنا,"الكلمة: تأمنا
الصنف الصرفي: فعل مضارع
الجذر: تمم
الحالة: معرب"
لناصحون,"الكلمة: لناصحون
الصنف الصرفي: اسم فاعل
الجذر: نصح
الحالة: معرب"
أرسله,"الكلمة: أرسله
الصنف الصرفي: فعل أمر
الجذر: رسل
الحالة: مبني"
غدا,"الكلمة: غدا
الصنف الصرفي: ظرف
الجذر: غد
الحالة: معرب"
ويلعب,"الكلمة: ويلعب
الصنف الصرفي: فعل مضارع
الجذر: لعب
الحالة: معرب"
ليحزنني,"الكلمة: ليحزنني
الصنف الصرفي: فعل مضارع
الجذر: حزن
الحالة: معرب"
تذهبوا,"الكلمة: تذهبوا
الصنف الصرفي: فعل مضارع
الجذر: ذهب
الحالة: معرب"
ذهبوا,"الكلمة: ذهبوا
الصنف الصرفي: فعل ماض
الجذر: ذهب
الحالة: مبني"
وأجمعوا,"الكلمة: وأجمعوا
الصنف الصرفي: فعل ماض
الجذر: جمع
الحالة: مبني"
يجعلوه,"الكلمة: يجعلوه
الصنف الصرفي: فعل مضارع
الجذر: جعل
الحالة: معرب"
ذهبنا,"الكلمة: ذهبنا
الصنف الصرفي: فعل ماض
الجذر: ذهب
الحالة: مبني"
نستبق,"الكلمة: نستبق
الصنف الصرفي: فعل مضارع
الجذر: سبق
الحالة: معرب"
وتركنا,"الكلمة: وتركنا
الصنف الصرفي: فعل ماض
الجذر: ترك
الحالة: مبني"
متاعنا,"الكلمة: متاعنا
الصنف الصرفي: اسم محسوس
الجذر: متع
الحالة: معرب"
فأكله,"الكلمة: فأكله
الصنف الصرفي: فعل ماض
الجذر: كلل
الحالة: مبني"
قميصه,"الكلمة: قميصه
الصنف الصرفي: اسم محسوس
الجذر: قمص
الحالة: معرب"
تصفون,"الكلمة: تصفون
الصنف الصرفي: فعل مضارع
الجذر: صفف"
فأرسلوا,"الكلمة: فأرسلوا
الصنف الصرفي: فعل ماض
الجذر: رسل
الحالة: مبني"
واردهم,"الكلمة: واردهم
الصنف الصرفي: اسم فاعل
الجذر: ردّ
الحالة: معرب"
فأدلى,"الكلمة: فأدلى
الصنف الصرفي: فعل ماض
الجذر: دلل
الحالة: مبني"
وأسروه,"الكلمة: وأسروه
الصنف الصرفي: فعل ماض
الجذر: سرر
الحالة: مبني"
بضاعة,"الكلمة: بضاعة
الصنف الصرفي: اسم محسوس
الجذر: بضع
الحالة: معرب"
الزاهدين,"الكلمة: الزاهدين
الصنف الصرفي: اسم فاعل
الجذر: زهد
الحالة: معرب"
أكرمي,"الكلمة: أكرمي
الصنف الصرفي: فعل أمر
الجذر: كرم
الحالة: مبني"
مكننا,"الكلمة: مكننا
الصنف الصرفي: فعل ماض
الجذر: مكن
الحالة: مبني"
ولنعلمه,"الكلمة: ولنعلمه
الصنف الصرفي: فعل مضارع
الجذر: علم
الحالة: معرب"
وعلما,"الكلمة: وعلما
الصنف الصرفي: مصدر
الجذر: علم
الحالة: معرب"
وغلقت,"الكلمة: وغلقت
الصنف الصرفي: فعل ماض
الجذر: غلق
الحالة: مبني"
هيت,"الكلمة: هيت
الصنف الصرفي: اسم يشبه الفعل
الجذر: هت
الحالة: مبني"
وهم,"الكلمة: وهم
الصنف الصرفي: ضمير
الجذر: ه
الحالة: مبني"
لنصرف,"الكلمة: لنصرف
الصنف الصرفي: فعل مضارع
الجذر: صرف
الحالة: معرب"
عبادنا,"الكلمة: عبادنا
الصنف الصرفي: اسم محسوس
الجذر: عبد
الحالة: معرب"
المخلصين,"الكلمة: المخلصين
الصنف الصرفي: اسم فاعل
الجذر: خلص
الحالة: معرب"
واستبقا,"الكلمة: واستبقا
الصنف الصرفي: فعل ماض
الجذر: سبق
الحالة: مبني"
فصدقت,"الكلمة: فصدقت
الصنف الصرفي: فعل ماض
الجذر: صدق
الحالة: مبني"
فكذبت,"الكلمة: فكذبت
الصنف الصرفي: فعل ماض
الجذر: كذب
الحالة: مبني"
يوسف,"الكلمة: يوسف
الصنف الصرفي: اسم علم أعجمي
الجذر: NTWS
الحالة: مبني"
لذنبك,"الكلمة: لذنبك
الصنف الصرفي: اسم مجرد
الجذر: ذنب
الحالة: معرب"
شغفها,"الكلمة: شغفها
الصنف الصرفي: فعل ماض
الجذر: شغف
الحالة: مبني"
بمكرهن,"الكلمة: بمكرهن
الصنف الصرفي: مصدر
الجذر: كرر
الحالة: معرب"
أرسلت,"الكلمة: أرسلت
الصنف الصرفي: فعل ماض
الجذر: رسل
الحالة: مبني"
وأعتدت,"الكلمة: وأعتدت
الصنف الصرفي: فعل ماض
الجذر: عدد
الحالة: مبني"
سكينا,"الكلمة: سكينا
الصنف الصرفي: اسم محسوس
الجذر: سكن
الحالة: معرب"
أكبرنه,"الكلمة: أكبرنه
الصنف الصرفي: فعل ماض
الجذر: كبر
الحالة: مبني"
وقطعن,"الكلمة: وقطعن
الصنف الصرفي: فعل ماض
الجذر: قطع
الحالة: مبني"
فذلكن,"الكلمة: فذلكن
الصنف الصرفي: اسم إشارة مفرد مذكر
الجذر: ذلل"
لمتنني,"الكلمة: لمتنني
الصنف الصرفي: فعل ماض
الجذر: متن
الحالة: مبني"
فاستعصم,"الكلمة: فاستعصم
الصنف الصرفي: فعل ماض
الجذر: عصم
الحالة: مبني"
يدعونني,"الكلمة: يدعونني
الصنف الصرفي: فعل مضارع
الجذر: دعع
الحالة: مبني"
ترزقانه,"الكلمة: ترزقانه
الصنف الصرفي: IV_PASS
الجذر: رزق
الحالة: معرب"
نبأتكما,"الكلمة: نبأتكما
الصنف الصرفي: فعل ماض
الجذر: نبت
الحالة: مبني"
ذلكما,"الكلمة: ذلكما
الصنف الصرفي: اسم إشارة
الجذر: ذلل"
علمني,"الكلمة: علمني
الصنف الصرفي: فعل ماض
الجذر: علم
الحالة: مبني"
واتبعت,"الكلمة: واتبعت
الصنف الصرفي: فعل ماض
الجذر: تبع
الحالة: مبني"
صاحبي,"الكلمة: صاحبي
الصنف الصرفي: اسم فاعل
الجذر: صحب
الحالة: مبني"
القهار,"الكلمة: القهار
الصنف الصرفي: اسم علم
الجذر: قهر
الحالة: معرب"
أحدكما,"الكلمة: أحدكما
الصنف الصرفي: اسم محسوس
الجذر: حدد
الحالة: معرب"
فيصلب,"الكلمة: فيصلب
الصنف الصرفي: IV_PASS
الجذر: صلب
الحالة: معرب"
اذكرني,"الكلمة: اذكرني
الصنف الصرفي: فعل ماض
الجذر: ذكر
الحالة: مبني"
الملك,"الكلمة: الملك
الصنف الصرفي: اسم محسوس
الجذر: ملك
الحالة: معرب"
تعبرون,"الكلمة: تعبرون
الصنف الصرفي: فعل مضارع
الجذر: عبر"
أضغاث,"الكلمة: أضغاث
الصنف الصرفي: اسم مجرد
الجذر: ضغث
الحالة: معرب"
أحلام,"الكلمة: أحلام
الصنف الصرفي: اسم مجرد
الجذر: حلم
الحالة: معرب"
بعالمين,"الكلمة: بعالمين
الصنف الصرفي: اسم فاعل
الجذر: علم
الحالة: معرب"
وادكر,"الكلمة: وادكر
الصنف الصرفي: فعل ماض
الجذر: دكر
الحالة: مبني"
الصديق,"الكلمة: الصديق
الصنف الصرفي: صفة نوعية
الجذر: صدق
الحالة: معرب"
أفتنا,"الكلمة: أفتنا
الصنف الصرفي: فعل أمر
الجذر: فتن
الحالة: مبني"
تزرعون,"الكلمة: تزرعون
الصنف الصرفي: فعل مضارع
الجذر: زرع"
حصدتم,"الكلمة: حصدتم
الصنف الصرفي: فعل ماض
الجذر: حصد
الحالة: مبني"
فذروه,"الكلمة: فذروه
الصنف الصرفي: فعل أمر
الجذر: ذرر
الحالة: مبني"
سنبله,"الكلمة: سنبله
الصنف الصرفي: اسم محسوس
الجذر: بلل
الحالة: معرب"
قدمتم,"الكلمة: قدمتم
الصنف الصرفي: فعل ماض
الجذر: قدم
الحالة: مبني"
تحصنون,"الكلمة: تحصنون
الصنف الصرفي: فعل مضارع
الجذر: حصن"
يعصرون,"الكلمة: يعصرون
الصنف الصرفي: فعل مضارع
الجذر: عصر"
خطبكن,"الكلمة: خطبكن
الصنف الصرفي: اسم مجرد
الجذر: خطب
الحالة: معرب"
علمنا,"الكلمة: علمنا
الصنف الصرفي: فعل ماض
الجذر: علم
الحالة: مبني"
أستخلصه,"الكلمة: أستخلصه
الصنف الصرفي: فعل مضارع
الجذر: خلص
الحالة: معرب"
لدينا,"الكلمة: لدينا
الصنف الصرفي: ظرف
الجذر: NTWS
الحالة: مبني"
يتبوأ,"الكلمة: يتبوأ
الصنف الصرفي: فعل مضارع
الجذر: تبب
الحالة: معرب"
برحمتنا,"الكلمة: برحمتنا
الصنف الصرفي: مصدر
الجذر: رحم
الحالة: معرب"
ولأجر,"الكلمة: ولأجر
الصنف الصرفي: مصدر
الجذر: جرر
الحالة: معرب"
فدخلوا,"الكلمة: فدخلوا
الصنف الصرفي: فعل ماض
الجذر: دخل
الحالة: مبني"
فعرفهم,"الكلمة: فعرفهم
الصنف الصرفي: فعل ماض
الجذر: عرف
الحالة: مبني"
منكرون,"الكلمة: منكرون
الصنف الصرفي: اسم فاعل
الجذر: نكر
الحالة: معرب"
جهزهم,"الكلمة: جهزهم
الصنف الصرفي: فعل ماض
الجذر: جهز
الحالة: مبني"
بجهازهم,"الكلمة: بجهازهم
الصنف الصرفي: اسم محسوس
الجذر: جهز
الحالة: معرب"
المنزلين,"الكلمة: المنزلين
الصنف الصرفي: اسم فاعل
الجذر: نزل
الحالة: معرب"
تقربون,"الكلمة: تقربون
الصنف الصرفي: فعل مضارع
الجذر: قرب
الحالة: معرب"
لفاعلون,"الكلمة: لفاعلون
الصنف الصرفي: اسم فاعل
الجذر: فعل
الحالة: معرب"
بضاعتهم,"الكلمة: بضاعتهم
الصنف الصرفي: اسم محسوس
الجذر: بضع
الحالة: معرب"
رحالهم,"الكلمة: رحالهم
الصنف الصرفي: اسم محسوس
الجذر: رحل
الحالة: معرب"
يعرفونها,"الكلمة: يعرفونها
الصنف الصرفي: فعل مضارع
الجذر: عرف
الحالة: معرب"
انقلبوا,"الكلمة: انقلبوا
الصنف الصرفي: فعل ماض
الجذر: قلب
الحالة: مبني"
أهلهم,"الكلمة: أهلهم
الصنف الصرفي: اسم محسوس
الجذر: هلل
الحالة: معرب"
حافظا,"الكلمة: حافظا
الصنف الصرفي: اسم فاعل
الجذر: حفظ
الحالة: معرب"
فتحوا,"الكلمة: فتحوا
الصنف الصرفي: فعل ماض
الجذر: فتح
الحالة: مبني"
متاعهم,"الكلمة: متاعهم
الصنف الصرفي: اسم محسوس
الجذر: متع
الحالة: معرب"
وجدوا,"الكلمة: وجدوا
الصنف الصرفي: فعل ماض
الجذر: جدد
الحالة: مبني"
أهلنا,"الكلمة: أهلنا
الصنف الصرفي: اسم محسوس
الجذر: هلل
الحالة: معرب"
ونحفظ,"الكلمة: ونحفظ
الصنف الصرفي: فعل مضارع
الجذر: حفظ
الحالة: معرب"
أرسله,"الكلمة: أرسله
الصنف الصرفي: فعل مضارع
الجذر: رسل
الحالة: معرب"
وعليه,"الكلمة: وعليه
الصنف الصرفي: حرف جر
الجذر: علل
الحالة: مبني"
أمرهم,"الكلمة: أمرهم
الصنف الصرفي: فعل ماض
الجذر: مرر
الحالة: مبني"
قضاها,"الكلمة: قضاها
الصنف الصرفي: فعل ماض
الجذر: قضض
الحالة: مبني"
علمناه,"الكلمة: علمناه
الصنف الصرفي: فعل ماض
الجذر: علم
الحالة: مبني"
أيتها,"الكلمة: أيتها
الصنف الصرفي: اسم موصول
الجذر: ّته
الحالة: مبني"
لسارقون,"الكلمة: لسارقون
الصنف الصرفي: اسم فاعل
الجذر: سرق
الحالة: معرب"
وأقبلوا,"الكلمة: وأقبلوا
الصنف الصرفي: فعل ماض
الجذر: قبل
الحالة: مبني"
تفقدون,"الكلمة: تفقدون
الصنف الصرفي: فعل مضارع
الجذر: فقد"
ولمن,"الكلمة: ولمن
الصنف الصرفي: اسم موصول
الجذر: من"
لنفسد,"الكلمة: لنفسد
الصنف الصرفي: فعل مضارع
الجذر: فسد
الحالة: معرب"
سارقين,"الكلمة: سارقين
الصنف الصرفي: اسم فاعل
الجذر: سرق
الحالة: معرب"
استخرجها,"الكلمة: استخرجها
الصنف الصرفي: فعل ماض
الجذر: خرج
الحالة: مبني"
فأسرها,"الكلمة: فأسرها
الصنف الصرفي: فعل ماض
الجذر: سرر
الحالة: مبني"
يبدها,"الكلمة: يبدها
الصنف الصرفي: فعل مضارع
الجذر: بدد
الحالة: معرب"
أحدنا,"الكلمة: أحدنا
الصنف الصرفي: اسم محسوس
الجذر: حدد
الحالة: معرب"
لظالمون,"الكلمة: لظالمون
الصنف الصرفي: اسم فاعل
الجذر: ظلم
الحالة: معرب"
خلصوا,"الكلمة: خلصوا
الصنف الصرفي: فعل ماض
الجذر: خلص
الحالة: مبني"
كبيرهم,"الكلمة: كبيرهم
الصنف الصرفي: صفة نوعية
الجذر: كبر
الحالة: معرب"
فرطتم,"الكلمة: فرطتم
الصنف الصرفي: فعل ماض
الجذر: فرط
الحالة: مبني"
ارجعوا,"الكلمة: ارجعوا
الصنف الصرفي: فعل أمر
الجذر: رجع
الحالة: مبني"
حافظين,"الكلمة: حافظين
الصنف الصرفي: اسم فاعل
الجذر: حفظ
الحالة: معرب"
أقبلنا,"الكلمة: أقبلنا
الصنف الصرفي: فعل ماض
الجذر: قبل
الحالة: مبني"
الحزن,"الكلمة: الحزن
الصنف الصرفي: مصدر
الجذر: حزن
الحالة: معرب"
الهالكين,"الكلمة: الهالكين
الصنف الصرفي: اسم فاعل
الجذر: هلك
الحالة: معرب"
وحزني,"الكلمة: وحزني
الصنف الصرفي: مصدر
الجذر: حزز
الحالة: معرب"
اذهبوا,"الكلمة: اذهبوا
الصنف الصرفي: فعل أمر
الجذر: ذهب
الحالة: مبني"
فتحسسوا,"الكلمة: فتحسسوا
الصنف الصرفي: فعل أمر
الجذر: حسس
الحالة: مبني"
وأهلنا,"الكلمة: وأهلنا
الصنف الصرفي: اسم محسوس
الجذر: هلل
الحالة: معرب"
ببضاعة,"الكلمة: ببضاعة
الصنف الصرفي: اسم محسوس
الجذر: بضع
الحالة: معرب"
مزجاة,"الكلمة: مزجاة
الصنف الصرفي: اسم مفعول
الجذر: مزج
الحالة: معرب"
وتصدق,"الكلمة: وتصدق
الصنف الصرفي: فعل أمر
الجذر: صدق
الحالة: مبني"
المتصدقين,"الكلمة: المتصدقين
الصنف الصرفي: اسم فاعل
الجذر: صدق"
فعلتم,"الكلمة: فعلتم
الصنف الصرفي: فعل ماض
الجذر: فعل
الحالة: مبني"
بيوسف,"الكلمة: بيوسف
الصنف الصرفي: اسم علم أعجمي
الجذر: NTWS
الحالة: معرب"
ويصبر,"الكلمة: ويصبر
الصنف الصرفي: فعل مضارع
الجذر: صبر
الحالة: معرب"
تثريب,"الكلمة: تثريب
الصنف الصرفي: مصدر
الجذر: ثرب
الحالة: مبني"
بقميصي,"الكلمة: بقميصي
الصنف الصرفي: اسم محسوس
الجذر: قمص
الحالة: معرب"
بأهلكم,"الكلمة: بأهلكم
الصنف الصرفي: اسم محسوس
الجذر: بهل
الحالة: معرب"
تفندون,"الكلمة: تفندون
الصنف الصرفي: فعل مضارع
الجذر: فند
الحالة: معرب"
ضلالك,"الكلمة: ضلالك
الصنف الصرفي: مصدر
الجذر: ضلل
الحالة: معرب"
القديم,"الكلمة: القديم
الصنف الصرفي: صفة نوعية
الجذر: قدم
الحالة: معرب"
البشير,"الكلمة: البشير
الصنف الصرفي: اسم علم
الجذر: بشر
الحالة: معرب"
فارتد,"الكلمة: فارتد
الصنف الصرفي: فعل ماض
الجذر: ردد
الحالة: مبني"
أستغفر,"الكلمة: أستغفر
الصنف الصرفي: فعل مضارع
الجذر: غفر
الحالة: معرب"
وخروا,"الكلمة: وخروا
الصنف الصرفي: فعل ماض
الجذر: خرر
الحالة: مبني"
جعلها,"الكلمة: جعلها
الصنف الصرفي: فعل ماض
الجذر: جعل
الحالة: مبني"
أخرجني,"الكلمة: أخرجني
الصنف الصرفي: فعل ماض
الجذر: خرج
الحالة: مبني"
وعلمتني,"الكلمة: وعلمتني
الصنف الصرفي: فعل ماض
الجذر: علم
الحالة: مبني"
وألحقني,"الكلمة: وألحقني
الصنف الصرفي: فعل أمر
الجذر: لحق
الحالة: مبني"
بالصالحين,"الكلمة: بالصالحين
الصنف الصرفي: اسم فاعل
الجذر: صلح
الحالة: معرب"
أجمعوا,"الكلمة: أجمعوا
الصنف الصرفي: فعل ماض
الجذر: جمع
الحالة: مبني"
يمرون,"الكلمة: يمرون
الصنف الصرفي: فعل مضارع
الجذر: مرر"
مشركون,"الكلمة: مشركون
الصنف الصرفي: اسم فاعل
الجذر: شرك
الحالة: معرب"
بصيرة,"الكلمة: بصيرة
الصنف الصرفي: مصدر
الجذر: بصر
الحالة: معرب"
اتبعني,"الكلمة: اتبعني
الصنف الصرفي: فعل ماض
الجذر: تبع
الحالة: مبني"
وسبحان,"الكلمة: وسبحان
الصنف الصرفي: مصدر
الجذر: سبح
الحالة: معرب"
فينظروا,"الكلمة: فينظروا
الصنف الصرفي: فعل مضارع
الجذر: نظر
الحالة: معرب"
ولدار,"الكلمة: ولدار
الصنف الصرفي: اسم محسوس
الجذر: درر
الحالة: معرب"
قصصهم,"الكلمة: قصصهم
الصنف الصرفي: اسم مجرد
الجذر: قصص
الحالة: معرب"
وأنهارا,"الكلمة: وأنهارا
الصنف الصرفي: اسم محسوس
الجذر: نهر
الحالة: معرب"
ونخيل,"الكلمة: ونخيل
الصنف الصرفي: اسم محسوس
الجذر: نخل
الحالة: معرب"
ونفضل,"الكلمة: ونفضل
الصنف الصرفي: فعل ماض
الجذر: فضل
الحالة: معرب"
ترابا,"الكلمة: ترابا
الصنف الصرفي: اسم محسوس
الجذر: ترب
الحالة: معرب"
الأغلال,"الكلمة: الأغلال
الصنف الصرفي: اسم محسوس
الجذر: غلل
الحالة: معرب"
أعناقهم,"الكلمة: أعناقهم
الصنف الصرفي: اسم محسوس
الجذر: عنق
الحالة: معرب"
ويستعجلونك,"الكلمة: ويستعجلونك
الصنف الصرفي: فعل مضارع
الجذر: عجل
الحالة: معرب"
ظلمهم,"الكلمة: ظلمهم
الصنف الصرفي: مصدر
الجذر: ظلم
الحالة: معرب"
لشديد,"الكلمة: لشديد
الصنف الصرفي: صفة نوعية
الجذر: شدد
الحالة: معرب"
بمقدار,"الكلمة: بمقدار
الصنف الصرفي: اسم مجرد
الجذر: قدر
الحالة: معرب"
الكبير,"الكلمة: الكبير
الصنف الصرفي: صفة نوعية
الجذر: كبر
الحالة: معرب"
وسارب,"الكلمة: وسارب
الصنف الصرفي: اسم فاعل
الجذر: سرب
الحالة: معرب"
معقبات,"الكلمة: معقبات
الصنف الصرفي: اسم فاعل
الجذر: عقب
الحالة: معرب"
يحفظونه,"الكلمة: يحفظونه
الصنف الصرفي: فعل مضارع
الجذر: حفظ
الحالة: معرب"
السحاب,"الكلمة: السحاب
الصنف الصرفي: اسم محسوس
الجذر: سحب
الحالة: معرب"
الثقال,"الكلمة: الثقال
الصنف الصرفي: صفة نوعية
الجذر: ثقل
الحالة: معرب"
ويسبح,"الكلمة: ويسبح
الصنف الصرفي: فعل مضارع
الجذر: سبح
الحالة: معرب"
الرعد,"الكلمة: الرعد
الصنف الصرفي: اسم محسوس
الجذر: رعد
الحالة: معرب"
بحمده,"الكلمة: بحمده
الصنف الصرفي: مصدر
الجذر: حمد
الحالة: معرب"
يجادلون,"الكلمة: يجادلون
الصنف الصرفي: فعل مضارع
الجذر: جدل
الحالة: معرب"
كباسط,"الكلمة: كباسط
الصنف الصرفي: اسم فاعل
الجذر: بسط
الحالة: معرب"
ليبلغ,"الكلمة: ليبلغ
الصنف الصرفي: فعل مضارع
الجذر: بلغ
الحالة: معرب"
ببالغه,"الكلمة: ببالغه
الصنف الصرفي: اسم فاعل
الجذر: بلغ
الحالة: معرب"
وظلالهم,"الكلمة: وظلالهم
الصنف الصرفي: اسم مجرد
الجذر: ظلل
الحالة: معرب"
يملكون,"الكلمة: يملكون
الصنف الصرفي: فعل مضارع
الجذر: ملك"
جعلوا,"الكلمة: جعلوا
الصنف الصرفي: فعل ماض
الجذر: جعل
الحالة: مبني"
خلقوا,"الكلمة: خلقوا
الصنف الصرفي: فعل ماض
الجذر: خلق
الحالة: مبني"
كخلقه,"الكلمة: كخلقه
الصنف الصرفي: مصدر
الجذر: خلق
الحالة: معرب"
فسالت,"الكلمة: فسالت
الصنف الصرفي: فعل ماض
الجذر: لتت
الحالة: مبني"
بقدرها,"الكلمة: بقدرها
الصنف الصرفي: مصدر
الجذر: قدر
الحالة: معرب"
فاحتمل,"الكلمة: فاحتمل
الصنف الصرفي: فعل ماض
الجذر: حمل
الحالة: مبني"
والباطل,"الكلمة: والباطل
الصنف الصرفي: اسم مجرد
الجذر: بطل
الحالة: معرب"
الزبد,"الكلمة: الزبد
الصنف الصرفي: اسم محسوس
الجذر: زبد
الحالة: معرب"
فيذهب,"الكلمة: فيذهب
الصنف الصرفي: فعل مضارع
الجذر: ذهب
الحالة: معرب"
فيمكث,"الكلمة: فيمكث
الصنف الصرفي: فعل مضارع
الجذر: مكث
الحالة: معرب"
الأمثال,"الكلمة: الأمثال
الصنف الصرفي: اسم مجرد
الجذر: مثل
الحالة: معرب"
يتذكر,"الكلمة: يتذكر
الصنف الصرفي: فعل مضارع
الجذر: ذكر
الحالة: معرب"
ويخشون,"الكلمة: ويخشون
الصنف الصرفي: فعل مضارع
الجذر: خشش
الحالة: معرب"
يدخلونها,"الكلمة: يدخلونها
الصنف الصرفي: فعل مضارع
الجذر: دخل
الحالة: معرب"
صبرتم,"الكلمة: صبرتم
الصنف الصرفي: فعل ماض
الجذر: صبر
الحالة: مبني"
ويقدر,"الكلمة: ويقدر
الصنف الصرفي: فعل مضارع
الجذر: قدر
الحالة: معرب"
تطمئن,"الكلمة: تطمئن
الصنف الصرفي: فعل مضارع
الجذر: طمن
الحالة: معرب"
القلوب,"الكلمة: القلوب
الصنف الصرفي: اسم محسوس
الجذر: قلب
الحالة: معرب"
قبلها,"الكلمة: قبلها
الصنف الصرفي: اسم مجرد
الجذر: قبل
الحالة: معرب"
بالرحمن,"الكلمة: بالرحمن
الصنف الصرفي: اسم علم
الجذر: رحم
الحالة: معرب"
قارعة,"الكلمة: قارعة
الصنف الصرفي: اسم مجرد
الجذر: قرع
الحالة: معرب"
سموهم,"الكلمة: سموهم
الصنف الصرفي: فعل أمر
الجذر: سمم
الحالة: مبني"
بظاهر,"الكلمة: بظاهر
الصنف الصرفي: اسم فاعل
الجذر: ظهر
الحالة: معرب"
مكرهم,"الكلمة: مكرهم
الصنف الصرفي: مصدر
الجذر: مكر
الحالة: معرب"
ولعذاب,"الكلمة: ولعذاب
الصنف الصرفي: اسم مجرد
الجذر: عذب
الحالة: معرب"
وظلها,"الكلمة: وظلها
الصنف الصرفي: اسم مجرد
الجذر: ظلل
الحالة: معرب"
وعقبى,"الكلمة: وعقبى
الصنف الصرفي: اسم مجرد
الجذر: عقب
الحالة: معرب"
وذرية,"الكلمة: وذرية
الصنف الصرفي: مصدر مهني (اسم مهنة)
الجذر: ذرر
الحالة: معرب"
ننقصها,"الكلمة: ننقصها
الصنف الصرفي: فعل مضارع
الجذر: نقص
الحالة: معرب"
أطرافها,"الكلمة: أطرافها
الصنف الصرفي: اسم محسوس
الجذر: طرف
الحالة: معرب"
لحكمه,"الكلمة: لحكمه
الصنف الصرفي: مصدر
الجذر: حكم
الحالة: معرب"
المكر,"الكلمة: المكر
الصنف الصرفي: مصدر
الجذر: كرر
الحالة: معرب"
وسيعلم,"الكلمة: وسيعلم
الصنف الصرفي: فعل مضارع
الجذر: علم
الحالة: معرب"
مرسلا,"الكلمة: مرسلا
الصنف الصرفي: اسم مفعول
الجذر: رسل
الحالة: معرب"
لتخرج,"الكلمة: لتخرج
الصنف الصرفي: فعل مضارع
الجذر: خرج
الحالة: معرب"
الحميد,"الكلمة: الحميد
الصنف الصرفي: اسم علم
الجذر: حمد
الحالة: معرب"
يستحبون,"الكلمة: يستحبون
الصنف الصرفي: فعل مضارع
الجذر: حبب"
بلسان,"الكلمة: بلسان
الصنف الصرفي: اسم محسوس
الجذر: بلس
الحالة: معرب"
وذكرهم,"الكلمة: وذكرهم
الصنف الصرفي: فعل أمر
الجذر: ذكر
الحالة: مبني"
ويذبحون,"الكلمة: ويذبحون
الصنف الصرفي: فعل مضارع
الجذر: ذبح
الحالة: معرب"
فردوا,"الكلمة: فردوا
الصنف الصرفي: فعل ماض
الجذر: فرد
الحالة: مبني"
كفرنا,"الكلمة: كفرنا
الصنف الصرفي: فعل ماض
الجذر: كفر
الحالة: مبني"
أرسلتم,"الكلمة: أرسلتم
الصنف الصرفي: فعل ماض مجهول
الجذر: رسل
الحالة: مبني"
تدعوننا,"الكلمة: تدعوننا
الصنف الصرفي: فعل مضارع
الجذر: دعع
الحالة: معرب"
تصدونا,"الكلمة: تصدونا
الصنف الصرفي: فعل مضارع
الجذر: صدد
الحالة: معرب"
مثلكم,"الكلمة: مثلكم
الصنف الصرفي: اسم مجرد
الجذر: مثل
الحالة: معرب"
سبلنا,"الكلمة: سبلنا
الصنف الصرفي: اسم مجرد
الجذر: سبل
الحالة: معرب"
لرسلهم,"الكلمة: لرسلهم
الصنف الصرفي: اسم محسوس
الجذر: رسل
الحالة: معرب"
لنهلكن,"الكلمة: لنهلكن
الصنف الصرفي: فعل مضارع
الجذر: نهل
الحالة: مبني"
ورائه,"الكلمة: ورائه
الصنف الصرفي: اسم مجرد
الجذر: ر
الحالة: معرب"
يتجرعه,"الكلمة: يتجرعه
الصنف الصرفي: فعل مضارع
الجذر: جرع
الحالة: معرب"
كرماد,"الكلمة: كرماد
الصنف الصرفي: اسم محسوس
الجذر: رمد
الحالة: معرب"
اشتدت,"الكلمة: اشتدت
الصنف الصرفي: فعل ماض
الجذر: شدد
الحالة: مبني"
البعيد,"الكلمة: البعيد
الصنف الصرفي: صفة نوعية
الجذر: بعد
الحالة: معرب"
وبرزوا,"الكلمة: وبرزوا
الصنف الصرفي: فعل ماض
الجذر: برز
الحالة: مبني"
مغنون,"الكلمة: مغنون
الصنف الصرفي: اسم فاعل
الجذر: غنن
الحالة: معرب"
صبرنا,"الكلمة: صبرنا
الصنف الصرفي: فعل ماض
الجذر: صبر
الحالة: مبني"
وعدكم,"الكلمة: وعدكم
الصنف الصرفي: فعل ماض
الجذر: عدد
الحالة: مبني"
فأخلفتكم,"الكلمة: فأخلفتكم
الصنف الصرفي: فعل ماض
الجذر: خلف
الحالة: مبني"
وفرعها,"الكلمة: وفرعها
الصنف الصرفي: اسم مجرد
الجذر: فرع
الحالة: معرب"
ويضرب,"الكلمة: ويضرب
الصنف الصرفي: فعل مضارع
الجذر: ضرب
الحالة: معرب"
خبيثة,"الكلمة: خبيثة
الصنف الصرفي: صفة نوعية
الجذر: خبث
الحالة: معرب"
اجتثت,"الكلمة: اجتثت
الصنف الصرفي: فعل ماض
الجذر: جثث
الحالة: مبني"
الثابت,"الكلمة: الثابت
الصنف الصرفي: اسم فاعل
الجذر: ثبت
الحالة: معرب"
ويفعل,"الكلمة: ويفعل
الصنف الصرفي: فعل مضارع
الجذر: فعل
الحالة: معرب"
بدلوا,"الكلمة: بدلوا
الصنف الصرفي: فعل ماض
الجذر: بدل
الحالة: مبني"
وأحلوا,"الكلمة: وأحلوا
الصنف الصرفي: فعل ماض
الجذر: حلل
الحالة: مبني"
لعبادي,"الكلمة: لعبادي
الصنف الصرفي: اسم محسوس
الجذر: عبد
الحالة: معرب"
وينفقوا,"الكلمة: وينفقوا
الصنف الصرفي: فعل مضارع
الجذر: نفق
الحالة: معرب"
خلال,"الكلمة: خلال
الصنف الصرفي: ظرف
الجذر: خلل
الحالة: معرب"
لتجري,"الكلمة: لتجري
الصنف الصرفي: فعل مضارع
الجذر: جرر
الحالة: معرب"
تحصوها,"الكلمة: تحصوها
الصنف الصرفي: فعل مضارع
الجذر: حصص
الحالة: معرب"
الأصنام,"الكلمة: الأصنام
الصنف الصرفي: اسم محسوس
الجذر: صنم
الحالة: معرب"
أضللن,"الكلمة: أضللن
الصنف الصرفي: فعل ماض
الجذر: ضلل
الحالة: مبني"
تبعني,"الكلمة: تبعني
الصنف الصرفي: فعل ماض
الجذر: تبع
الحالة: مبني"
عصاني,"الكلمة: عصاني
الصنف الصرفي: فعل مضارع
الجذر: عصص
الحالة: مبني"
أسكنت,"الكلمة: أسكنت
الصنف الصرفي: فعل ماض
الجذر: سكن
الحالة: مبني"
المحرم,"الكلمة: المحرم
الصنف الصرفي: اسم مفعول
الجذر: حرم
الحالة: معرب"
فاجعل,"الكلمة: فاجعل
الصنف الصرفي: فعل أمر
الجذر: جعل
الحالة: مبني"
وارزقهم,"الكلمة: وارزقهم
الصنف الصرفي: فعل أمر
الجذر: رزق
الحالة: مبني"
إسماعيل,"الكلمة: إسماعيل
الصنف الصرفي: اسم علم أعجمي
الجذر: NTWS
الحالة: معرب"
وتقبل,"الكلمة: وتقبل
الصنف الصرفي: فعل أمر
الجذر: قبل
الحالة: مبني"
غافلا,"الكلمة: غافلا
الصنف الصرفي: اسم فاعل
الجذر: غفل
الحالة: معرب"
مقنعي,"الكلمة: مقنعي
الصنف الصرفي: اسم فاعل
الجذر: قنع
الحالة: معرب"
طرفهم,"الكلمة: طرفهم
الصنف الصرفي: اسم مجرد
الجذر: طرف
الحالة: معرب"
ونتبع,"الكلمة: ونتبع
الصنف الصرفي: فعل مضارع
الجذر: تبع
الحالة: معرب"
وسكنتم,"الكلمة: وسكنتم
الصنف الصرفي: فعل ماض
الجذر: سكن
الحالة: مبني"
مساكن,"الكلمة: مساكن
الصنف الصرفي: اسم زمان أو مكان
الجذر: مسس
الحالة: معرب"
فعلنا,"الكلمة: فعلنا
الصنف الصرفي: فعل ماض
الجذر: فعل
الحالة: مبني"
وضربنا,"الكلمة: وضربنا
الصنف الصرفي: فعل ماض
الجذر: ضرب
الحالة: مبني"
مكروا,"الكلمة: مكروا
الصنف الصرفي: فعل ماض
الجذر: مكر
الحالة: مبني"
مقرنين,"الكلمة: مقرنين
الصنف الصرفي: اسم مفعول
الجذر: قرن
الحالة: معرب"
الأصفاد,"الكلمة: الأصفاد
الصنف الصرفي: اسم محسوس
الجذر: صفد
الحالة: معرب"
سرابيلهم,"الكلمة: سرابيلهم
الصنف الصرفي: اسم محسوس
الجذر: سربل
الحالة: معرب"
قطران,"الكلمة: قطران
الصنف الصرفي: اسم محسوس
الجذر: قطر
الحالة: معرب"
وتغشى,"الكلمة: وتغشى
الصنف الصرفي: فعل مضارع
الجذر: غشش
الحالة: معرب"
وليعلموا,"الكلمة: وليعلموا
الصنف الصرفي: فعل مضارع
الجذر: علم
الحالة: معرب"
وليذكر,"الكلمة: وليذكر
الصنف الصرفي: فعل مضارع
الجذر: ذكر
الحالة: معرب"
وقرآن,"الكلمة: وقرآن
الصنف الصرفي: اسم محسوس
الجذر: قرن
الحالة: معرب"
ويتمتعوا,"الكلمة: ويتمتعوا
الصنف الصرفي: فعل مضارع
الجذر: متع
الحالة: معرب"
ولها,"الكلمة: ولها
الصنف الصرفي: حرف جر
الجذر: ل
الحالة: مبني"
الذكر,"الكلمة: الذكر
الصنف الصرفي: مصدر
الجذر: ذكر
الحالة: معرب"
لمجنون,"الكلمة: لمجنون
الصنف الصرفي: اسم مفعول
الجذر: جنن
الحالة: معرب"
بالملائكة,"الكلمة: بالملائكة
الصنف الصرفي: اسم محسوس
الجذر: ملك
الحالة: معرب"
منظرين,"الكلمة: منظرين
الصنف الصرفي: اسم مفعول
الجذر: نظر
الحالة: معرب"
نسلكه,"الكلمة: نسلكه
الصنف الصرفي: فعل مضارع
الجذر: سلك
الحالة: معرب"
بابا,"الكلمة: بابا
الصنف الصرفي: اسم محسوس
الجذر: NTWS
الحالة: معرب"
فظلوا,"الكلمة: فظلوا
الصنف الصرفي: فعل ماض
الجذر: ظلل
الحالة: مبني"
يعرجون,"الكلمة: يعرجون
الصنف الصرفي: فعل مضارع
الجذر: عرج"
أبصارنا,"الكلمة: أبصارنا
الصنف الصرفي: اسم مجرد
الجذر: بصر
الحالة: معرب"
مسحورون,"الكلمة: مسحورون
الصنف الصرفي: اسم مفعول
الجذر: سحر
الحالة: معرب"
بروجا,"الكلمة: بروجا
الصنف الصرفي: اسم مجرد
الجذر: برج
الحالة: معرب"
وحفظناها,"الكلمة: وحفظناها
الصنف الصرفي: فعل ماض
الجذر: حفظ
الحالة: مبني"
شيطان,"الكلمة: شيطان
الصنف الصرفي: اسم محسوس
الجذر: شطن
الحالة: معرب"
رجيم,"الكلمة: رجيم
الصنف الصرفي: صفة نوعية
الجذر: NTWS
الحالة: معرب"
استرق,"الكلمة: استرق
الصنف الصرفي: فعل ماض
الجذر: سرق
الحالة: مبني"
مددناها,"الكلمة: مددناها
الصنف الصرفي: فعل ماض
الجذر: مدد
الحالة: مبني"
وأنبتنا,"الكلمة: وأنبتنا
الصنف الصرفي: فعل ماض
الجذر: نبت
الحالة: مبني"
ننزله,"الكلمة: ننزله
الصنف الصرفي: فعل مضارع
الجذر: نزل
الحالة: معرب"
لواقح,"الكلمة: لواقح
الصنف الصرفي: اسم فاعل
الجذر: لقح
الحالة: معرب"
بخازنين,"الكلمة: بخازنين
الصنف الصرفي: اسم فاعل
الجذر: خزن
الحالة: معرب"
المستقدمين,"الكلمة: المستقدمين
الصنف الصرفي: اسم فاعل
الجذر: قدم
الحالة: معرب"
مسنون,"الكلمة: مسنون
الصنف الصرفي: اسم مفعول
الجذر: سنن
الحالة: معرب"
خلقناه,"الكلمة: خلقناه
الصنف الصرفي: فعل ماض
الجذر: خلق
الحالة: مبني"
السموم,"الكلمة: السموم
الصنف الصرفي: اسم مجرد
الجذر: سمم
الحالة: معرب"
ونفخت,"الكلمة: ونفخت
الصنف الصرفي: فعل ماض
الجذر: نفخ
الحالة: مبني"
فقعوا,"الكلمة: فقعوا
الصنف الصرفي: فعل أمر
الجذر: فقع
الحالة: مبني"
لأسجد,"الكلمة: لأسجد
الصنف الصرفي: فعل مضارع
الجذر: سجد
الحالة: معرب"
خلقته,"الكلمة: خلقته
الصنف الصرفي: فعل ماض
الجذر: خلق
الحالة: مبني"
فأنظرني,"الكلمة: فأنظرني
الصنف الصرفي: فعل أمر
الجذر: نظر
الحالة: مبني"
مقسوم,"الكلمة: مقسوم
الصنف الصرفي: اسم مفعول
الجذر: قسم
الحالة: معرب"
ادخلوها,"الكلمة: ادخلوها
الصنف الصرفي: فعل أمر
الجذر: دخل
الحالة: مبني"
متقابلين,"الكلمة: متقابلين
الصنف الصرفي: اسم فاعل
الجذر: قبل
الحالة: معرب"
بمخرجين,"الكلمة: بمخرجين
الصنف الصرفي: اسم مفعول
الجذر: خرج
الحالة: معرب"
وجلون,"الكلمة: وجلون
الصنف الصرفي: صفة نوعية
الجذر: NTWS
الحالة: معرب"
نبشرك,"الكلمة: نبشرك
الصنف الصرفي: فعل مضارع
الجذر: بشر
الحالة: معرب"
بغلام,"الكلمة: بغلام
الصنف الصرفي: اسم محسوس
الجذر: غلم
الحالة: معرب"
أبشرتموني,"الكلمة: أبشرتموني
الصنف الصرفي: فعل ماض
الجذر: بشر
الحالة: مبني"
تبشرون,"الكلمة: تبشرون
الصنف الصرفي: فعل مضارع
الجذر: بشر"
بشرناك,"الكلمة: بشرناك
الصنف الصرفي: فعل ماض
الجذر: بشر
الحالة: مبني"
القانطين,"الكلمة: القانطين
الصنف الصرفي: اسم فاعل
الجذر: قنط
الحالة: معرب"
خطبكم,"الكلمة: خطبكم
الصنف الصرفي: اسم مجرد
الجذر: خطب
الحالة: معرب"
المرسلون,"الكلمة: المرسلون
الصنف الصرفي: اسم مفعول
الجذر: رسل
الحالة: معرب"
قدرنا,"الكلمة: قدرنا
الصنف الصرفي: فعل ماض
الجذر: قدر
الحالة: مبني"
أدبارهم,"الكلمة: أدبارهم
الصنف الصرفي: اسم مجرد
الجذر: دبر
الحالة: معرب"
وامضوا,"الكلمة: وامضوا
الصنف الصرفي: فعل أمر
الجذر: مضض
الحالة: مبني"
مقطوع,"الكلمة: مقطوع
الصنف الصرفي: اسم مفعول
الجذر: قطع
الحالة: معرب"
تفضحون,"الكلمة: تفضحون
الصنف الصرفي: فعل مضارع
الجذر: فضح
الحالة: معرب"
لعمرك,"الكلمة: لعمرك
الصنف الصرفي: اسم مجرد
الجذر: عمر
الحالة: معرب"
سكرتهم,"الكلمة: سكرتهم
الصنف الصرفي: مصدر لحظي
الجذر: سكر
الحالة: معرب"
مشرقين,"الكلمة: مشرقين
الصنف الصرفي: اسم فاعل
الجذر: شرق
الحالة: معرب"
فجعلنا,"الكلمة: فجعلنا
الصنف الصرفي: فعل ماض
الجذر: جعل
الحالة: مبني"
لظالمين,"الكلمة: لظالمين
الصنف الصرفي: اسم فاعل
الجذر: ظلم
الحالة: معرب"
ينحتون,"الكلمة: ينحتون
الصنف الصرفي: فعل مضارع
الجذر: نحت"
فاصفح,"الكلمة: فاصفح
الصنف الصرفي: فعل أمر
الجذر: صفح
الحالة: مبني"
الصفح,"الكلمة: الصفح
الصنف الصرفي: مصدر
الجذر: صفح
الحالة: معرب"
الجميل,"الكلمة: الجميل
الصنف الصرفي: صفة نوعية
الجذر: جمل
الحالة: معرب"
الخلاق,"الكلمة: الخلاق
الصنف الصرفي: صفة مبالغة
الجذر: خلق
الحالة: معرب"
متعنا,"الكلمة: متعنا
الصنف الصرفي: فعل ماض
الجذر: متع
الحالة: مبني"
واخفض,"الكلمة: واخفض
الصنف الصرفي: فعل أمر
الجذر: خفض
الحالة: مبني"
جناحك,"الكلمة: جناحك
الصنف الصرفي: اسم محسوس
الجذر: جنح
الحالة: معرب"
النذير,"الكلمة: النذير
الصنف الصرفي: صفة نوعية
الجذر: نذر
الحالة: معرب"
فاصدع,"الكلمة: فاصدع
الصنف الصرفي: فعل أمر
الجذر: صدع
الحالة: مبني"
واعبد,"الكلمة: واعبد
الصنف الصرفي: فعل أمر
الجذر: عبد
الحالة: مبني"
تستعجلوه,"الكلمة: تستعجلوه
الصنف الصرفي: فعل مضارع
الجذر: عجل
الحالة: معرب"
أنذروا,"الكلمة: أنذروا
الصنف الصرفي: فعل أمر
الجذر: نذر
الحالة: مبني"
خلقها,"الكلمة: خلقها
الصنف الصرفي: فعل ماض
الجذر: خلق
الحالة: مبني"
تسرحون,"الكلمة: تسرحون
الصنف الصرفي: فعل مضارع
الجذر: سرح"
وتحمل,"الكلمة: وتحمل
الصنف الصرفي: فعل مضارع
الجذر: حمل
الحالة: معرب"
أثقالكم,"الكلمة: أثقالكم
الصنف الصرفي: اسم محسوس
الجذر: ثقل
الحالة: معرب"
بالغيه,"الكلمة: بالغيه
الصنف الصرفي: اسم فاعل
الجذر: بلغ
الحالة: معرب"
والبغال,"الكلمة: والبغال
الصنف الصرفي: اسم محسوس
الجذر: بغل
الحالة: معرب"
والحمير,"الكلمة: والحمير
الصنف الصرفي: اسم محسوس
الجذر: حمر
الحالة: معرب"
لتركبوها,"الكلمة: لتركبوها
الصنف الصرفي: فعل مضارع
الجذر: ركب
الحالة: معرب"
ويخلق,"الكلمة: ويخلق
الصنف الصرفي: فعل مضارع
الجذر: خلق
الحالة: معرب"
ومنه,"الكلمة: ومنه
الصنف الصرفي: حرف جر
الجذر: من
الحالة: مبني"
الزرع,"الكلمة: الزرع
الصنف الصرفي: اسم محسوس
الجذر: زرع
الحالة: معرب"
والنخيل,"الكلمة: والنخيل
الصنف الصرفي: اسم محسوس
الجذر: نخل
الحالة: معرب"
والأعناب,"الكلمة: والأعناب
الصنف الصرفي: اسم محسوس
الجذر: عنب
الحالة: معرب"
وتستخرجوا,"الكلمة: وتستخرجوا
الصنف الصرفي: فعل مضارع
الجذر: خرج
الحالة: معرب"
تلبسونها,"الكلمة: تلبسونها
الصنف الصرفي: فعل مضارع
الجذر: لبس
الحالة: معرب"
مواخر,"الكلمة: مواخر
الصنف الصرفي: اسم محسوس
الجذر: مخر
الحالة: معرب"
وسبلا,"الكلمة: وسبلا
الصنف الصرفي: اسم محسوس
الجذر: سبل
الحالة: معرب"
وعلامات,"الكلمة: وعلامات
الصنف الصرفي: اسم مجرد
الجذر: علم
الحالة: معرب"
وبالنجم,"الكلمة: وبالنجم
الصنف الصرفي: اسم محسوس
الجذر: نجم
الحالة: معرب"
تسرون,"الكلمة: تسرون
الصنف الصرفي: فعل مضارع
الجذر: سرر"
تعلنون,"الكلمة: تعلنون
الصنف الصرفي: فعل مضارع
الجذر: علن"
يخلقون,"الكلمة: يخلقون
الصنف الصرفي: فعل مضارع
الجذر: خلق"
منكرة,"الكلمة: منكرة
الصنف الصرفي: اسم فاعل
الجذر: نكر
الحالة: معرب"
ليحملوا,"الكلمة: ليحملوا
الصنف الصرفي: فعل مضارع
الجذر: حمل
الحالة: معرب"
يضلونهم,"الكلمة: يضلونهم
الصنف الصرفي: فعل مضارع
الجذر: ضلل
الحالة: معرب"
السقف,"الكلمة: السقف
الصنف الصرفي: اسم محسوس
الجذر: سقف
الحالة: معرب"
شركائي,"الكلمة: شركائي
الصنف الصرفي: اسم محسوس
الجذر: شرك
الحالة: معرب"
فادخلوا,"الكلمة: فادخلوا
الصنف الصرفي: فعل أمر
الجذر: دخل
الحالة: مبني"
المتكبرين,"الكلمة: المتكبرين
الصنف الصرفي: اسم فاعل
الجذر: كبر
الحالة: معرب"
ولنعم,"الكلمة: ولنعم
الصنف الصرفي: فعل غير متصرف
الجذر: نعم
الحالة: مبني"
عبدنا,"الكلمة: عبدنا
الصنف الصرفي: فعل ماض
الجذر: عبد
الحالة: مبني"
واجتنبوا,"الكلمة: واجتنبوا
الصنف الصرفي: فعل أمر
الجذر: جنب
الحالة: مبني"
ظلموا,"الكلمة: ظلموا
الصنف الصرفي: فعل ماض مجهول
الجذر: ظلم
الحالة: مبني"
تقلبهم,"الكلمة: تقلبهم
الصنف الصرفي: مصدر
الجذر: قلب
الحالة: معرب"
ظلاله,"الكلمة: ظلاله
الصنف الصرفي: اسم مجرد
الجذر: ظلل
الحالة: معرب"
والشمائل,"الكلمة: والشمائل
الصنف الصرفي: اسم مجرد
الجذر: شمل
الحالة: معرب"
ويفعلون,"الكلمة: ويفعلون
الصنف الصرفي: فعل مضارع
الجذر: فعل
الحالة: معرب"
ليكفروا,"الكلمة: ليكفروا
الصنف الصرفي: فعل مضارع
الجذر: كفر
الحالة: معرب"
فتمتعوا,"الكلمة: فتمتعوا
الصنف الصرفي: فعل أمر
الجذر: متع
الحالة: مبني"
ويجعلون,"الكلمة: ويجعلون
الصنف الصرفي: فعل مضارع
الجذر: جعل
الحالة: معرب"
البنات,"الكلمة: البنات
الصنف الصرفي: اسم محسوس
الجذر: بنت
الحالة: معرب"
التراب,"الكلمة: التراب
الصنف الصرفي: اسم محسوس
الجذر: ترب
الحالة: معرب"
يكرهون,"الكلمة: يكرهون
الصنف الصرفي: فعل مضارع
الجذر: كره"
مفرطون,"الكلمة: مفرطون
الصنف الصرفي: اسم مفعول
الجذر: فرط
الحالة: معرب"
نسقيكم,"الكلمة: نسقيكم
الصنف الصرفي: فعل مضارع
الجذر: نسق
الحالة: معرب"
بطونه,"الكلمة: بطونه
الصنف الصرفي: اسم محسوس
الجذر: بطن
الحالة: معرب"
خالصا,"الكلمة: خالصا
الصنف الصرفي: اسم فاعل
الجذر: خلص
الحالة: معرب"
ثمرات,"الكلمة: ثمرات
الصنف الصرفي: اسم محسوس
الجذر: ثمر
الحالة: معرب"
النخيل,"الكلمة: النخيل
الصنف الصرفي: اسم محسوس
الجذر: نخل
الحالة: معرب"
ورزقا,"الكلمة: ورزقا
الصنف الصرفي: مصدر
الجذر: رزق
الحالة: معرب"
النحل,"الكلمة: النحل
الصنف الصرفي: اسم محسوس
الجذر: نحل
الحالة: معرب"
الشجر,"الكلمة: الشجر
الصنف الصرفي: اسم محسوس
الجذر: شجر
الحالة: معرب"
بطونها,"الكلمة: بطونها
الصنف الصرفي: اسم محسوس
الجذر: بطن
الحالة: معرب"
العمر,"الكلمة: العمر
الصنف الصرفي: اسم مجرد
الجذر: عمر
الحالة: معرب"
لكي,"الكلمة: لكي
الصنف الصرفي: حرف نصب
الجذر: لكّ
الحالة: مبني"
فضلوا,"الكلمة: فضلوا
الصنف الصرفي: فعل ماض
الجذر: فضل
الحالة: مبني"
برادي,"الكلمة: برادي
الصنف الصرفي: اسم فاعل
الجذر: برد
الحالة: معرب"
وحفدة,"الكلمة: وحفدة
الصنف الصرفي: اسم محسوس
الجذر: حفد
الحالة: معرب"
وبنعمت,"الكلمة: وبنعمت
الصنف الصرفي: اسم مجرد
الجذر: نعم
الحالة: معرب"
تضربوا,"الكلمة: تضربوا
الصنف الصرفي: فعل مضارع
الجذر: ضرب
الحالة: معرب"
مملوكا,"الكلمة: مملوكا
الصنف الصرفي: اسم مفعول
الجذر: ملك
الحالة: معرب"
رزقناه,"الكلمة: رزقناه
الصنف الصرفي: فعل ماض
الجذر: رزق
الحالة: مبني"
وجهرا,"الكلمة: وجهرا
الصنف الصرفي: مصدر
الجذر: جهر
الحالة: معرب"
أخرجكم,"الكلمة: أخرجكم
الصنف الصرفي: فعل ماض
الجذر: خرج
الحالة: مبني"
يمسكهن,"الكلمة: يمسكهن
الصنف الصرفي: فعل مضارع
الجذر: مسك
الحالة: معرب"
تستخفونها,"الكلمة: تستخفونها
الصنف الصرفي: فعل مضارع
الجذر: خفف
الحالة: معرب"
ظعنكم,"الكلمة: ظعنكم
الصنف الصرفي: مصدر
الجذر: ظعن
الحالة: معرب"
وأشعارها,"الكلمة: وأشعارها
الصنف الصرفي: اسم محسوس
الجذر: شعر
الحالة: معرب"
ومتاعا,"الكلمة: ومتاعا
الصنف الصرفي: مصدر
الجذر: متع
الحالة: معرب"
ظلالا,"الكلمة: ظلالا
الصنف الصرفي: اسم مجرد
الجذر: ظلل
الحالة: معرب"
أكنانا,"الكلمة: أكنانا
الصنف الصرفي: اسم محسوس
الجذر: كنن
الحالة: معرب"
وسرابيل,"الكلمة: وسرابيل
الصنف الصرفي: اسم محسوس
الجذر: سربل
الحالة: معرب"
بأسكم,"الكلمة: بأسكم
الصنف الصرفي: اسم مجرد
الجذر: NTWS
الحالة: معرب"
تسلمون,"الكلمة: تسلمون
الصنف الصرفي: فعل مضارع
الجذر: سلم"
ينكرونها,"الكلمة: ينكرونها
الصنف الصرفي: فعل مضارع
الجذر: نكر
الحالة: معرب"
شركاءهم,"الكلمة: شركاءهم
الصنف الصرفي: اسم محسوس
الجذر: شرك
الحالة: معرب"
شركاؤنا,"الكلمة: شركاؤنا
الصنف الصرفي: اسم محسوس
الجذر: شرك
الحالة: معرب"
دونك,"الكلمة: دونك
الصنف الصرفي: اسم مجرد
الجذر: دن
الحالة: معرب"
يفسدون,"الكلمة: يفسدون
الصنف الصرفي: فعل مضارع
الجذر: فسد"
ونزلنا,"الكلمة: ونزلنا
الصنف الصرفي: فعل ماض
الجذر: نزل
الحالة: مبني"
والإحسان,"الكلمة: والإحسان
الصنف الصرفي: مصدر
الجذر: حسن
الحالة: معرب"
الفحشاء,"الكلمة: الفحشاء
الصنف الصرفي: اسم مجرد
الجذر: فحش
الحالة: معرب"
والمنكر,"الكلمة: والمنكر
الصنف الصرفي: اسم مفعول
الجذر: نكر
الحالة: معرب"
تنقضوا,"الكلمة: تنقضوا
الصنف الصرفي: فعل مضارع
الجذر: نقض
الحالة: معرب"
جعلتم,"الكلمة: جعلتم
الصنف الصرفي: فعل ماض
الجذر: جعل
الحالة: مبني"
كفيلا,"الكلمة: كفيلا
الصنف الصرفي: صفة نوعية
الجذر: كفل
الحالة: معرب"
تفعلون,"الكلمة: تفعلون
الصنف الصرفي: فعل مضارع
الجذر: فعل
الحالة: معرب"
كالتي,"الكلمة: كالتي
الصنف الصرفي: اسم موصول
الجذر: كلل"
غزلها,"الكلمة: غزلها
الصنف الصرفي: اسم محسوس
الجذر: غزل
الحالة: معرب"
يبلوكم,"الكلمة: يبلوكم
الصنف الصرفي: فعل مضارع
الجذر: بلل
الحالة: معرب"
ثبوتها,"الكلمة: ثبوتها
الصنف الصرفي: مصدر
الجذر: ثبت
الحالة: معرب"
صددتم,"الكلمة: صددتم
الصنف الصرفي: فعل ماض
الجذر: صدد
الحالة: مبني"
ليثبت,"الكلمة: ليثبت
الصنف الصرفي: فعل مضارع
الجذر: ثبت
الحالة: معرب"
أعجمي,"الكلمة: أعجمي
الصنف الصرفي: اسم منسوب
الجذر: عجم
الحالة: معرب"
الكاذبون,"الكلمة: الكاذبون
الصنف الصرفي: اسم فاعل
الجذر: كذب
الحالة: معرب"
مطمئن,"الكلمة: مطمئن
الصنف الصرفي: اسم فاعل
الجذر: طمن
الحالة: معرب"
فعليهم,"الكلمة: فعليهم
الصنف الصرفي: حرف جر
الجذر: فعل
الحالة: مبني"
وسمعهم,"الكلمة: وسمعهم
الصنف الصرفي: مصدر
الجذر: سمع
الحالة: معرب"
فتنوا,"الكلمة: فتنوا
الصنف الصرفي: فعل ماض مجهول
الجذر: فتن
الحالة: مبني"
وصبروا,"الكلمة: وصبروا
الصنف الصرفي: فعل ماض
الجذر: صبر
الحالة: مبني"
نفسها,"الكلمة: نفسها
الصنف الصرفي: اسم مجرد
الجذر: نفس
الحالة: معرب"
فكفرت,"الكلمة: فكفرت
الصنف الصرفي: فعل ماض
الجذر: كفر
الحالة: مبني"
بأنعم,"الكلمة: بأنعم
الصنف الصرفي: اسم مجرد
الجذر: نعم
الحالة: معرب"
ألسنتكم,"الكلمة: ألسنتكم
الصنف الصرفي: اسم محسوس
الجذر: لسن
الحالة: معرب"
لتفتروا,"الكلمة: لتفتروا
الصنف الصرفي: فعل مضارع
الجذر: فتر
الحالة: معرب"
قصصنا,"الكلمة: قصصنا
الصنف الصرفي: فعل ماض
الجذر: قصص
الحالة: مبني"
لأنعمه,"الكلمة: لأنعمه
الصنف الصرفي: اسم مجرد
الجذر: نعم
الحالة: معرب"
وهداه,"الكلمة: وهداه
الصنف الصرفي: فعل ماض
الجذر: هدد
الحالة: مبني"
بالحكمة,"الكلمة: بالحكمة
الصنف الصرفي: مصدر
الجذر: حكم
الحالة: معرب"
وجادلهم,"الكلمة: وجادلهم
الصنف الصرفي: فعل أمر
الجذر: جدل
الحالة: مبني"
بمن,"الكلمة: بمن
الصنف الصرفي: اسم موصول
الجذر: من"
عاقبتم,"الكلمة: عاقبتم
الصنف الصرفي: فعل ماض
الجذر: عقب
الحالة: مبني"
فعاقبوا,"الكلمة: فعاقبوا
الصنف الصرفي: فعل أمر
الجذر: عقب
الحالة: مبني"
عوقبتم,"الكلمة: عوقبتم
الصنف الصرفي: فعل ماض مجهول
الجذر: عقب
الحالة: مبني"
محسنون,"الكلمة: محسنون
الصنف الصرفي: اسم فاعل
الجذر: حسن
الحالة: معرب"
سبحان,"الكلمة: سبحان
الصنف الصرفي: مصدر
الجذر: سبح
الحالة: معرب"
بعبده,"الكلمة: بعبده
الصنف الصرفي: اسم محسوس
الجذر: عبد
الحالة: معرب"
البصير,"الكلمة: البصير
الصنف الصرفي: اسم علم
الجذر: بصر
الحالة: معرب"
وجعلناه,"الكلمة: وجعلناه
الصنف الصرفي: فعل ماض
الجذر: جعل
الحالة: مبني"
حملنا,"الكلمة: حملنا
الصنف الصرفي: فعل ماض
الجذر: حمل
الحالة: مبني"
شكورا,"الكلمة: شكورا
الصنف الصرفي: صفة مبالغة
الجذر: شكر
الحالة: معرب"
لتفسدن,"الكلمة: لتفسدن
الصنف الصرفي: فعل مضارع
الجذر: فسد
الحالة: معرب"
ولتعلن,"الكلمة: ولتعلن
الصنف الصرفي: فعل مضارع
الجذر: علن
الحالة: معرب"
خلال,"الكلمة: خلال
الصنف الصرفي: ظرف
الجذر: خلل
الحالة: مبني"
رددنا,"الكلمة: رددنا
الصنف الصرفي: فعل ماض
الجذر: ردد
الحالة: مبني"
وأمددناكم,"الكلمة: وأمددناكم
الصنف الصرفي: فعل ماض
الجذر: مدد
الحالة: مبني"
وبنين,"الكلمة: وبنين
الصنف الصرفي: اسم محسوس
الجذر: NTWS
الحالة: معرب"
وجعلناكم,"الكلمة: وجعلناكم
الصنف الصرفي: فعل ماض
الجذر: جعل
الحالة: مبني"
نفيرا,"الكلمة: نفيرا
الصنف الصرفي: صفة نوعية
الجذر: نفر
الحالة: معرب"
أحسنتم,"الكلمة: أحسنتم
الصنف الصرفي: فعل ماض
الجذر: حسن
الحالة: مبني"
وليدخلوا,"الكلمة: وليدخلوا
الصنف الصرفي: فعل مضارع
الجذر: دخل
الحالة: معرب"
دخلوه,"الكلمة: دخلوه
الصنف الصرفي: فعل ماض
الجذر: دخل
الحالة: مبني"
وليتبروا,"الكلمة: وليتبروا
الصنف الصرفي: فعل مضارع
الجذر: تبر
الحالة: معرب"
يرحمكم,"الكلمة: يرحمكم
الصنف الصرفي: فعل مضارع
الجذر: رحم
الحالة: معرب"
حصيرا,"الكلمة: حصيرا
الصنف الصرفي: صفة نوعية
الجذر: حصر
الحالة: معرب"
ويبشر,"الكلمة: ويبشر
الصنف الصرفي: فعل مضارع
الجذر: بشر
الحالة: معرب"
عجولا,"الكلمة: عجولا
الصنف الصرفي: صفة نوعية
الجذر: عجل
الحالة: معرب"
ولتعلموا,"الكلمة: ولتعلموا
الصنف الصرفي: فعل مضارع
الجذر: علم
الحالة: معرب"
تفصيلا,"الكلمة: تفصيلا
الصنف الصرفي: مصدر
الجذر: فصل
الحالة: معرب"
ألزمناه,"الكلمة: ألزمناه
الصنف الصرفي: فعل ماض
الجذر: لزم
الحالة: مبني"
ونخرج,"الكلمة: ونخرج
الصنف الصرفي: فعل مضارع
الجذر: خرج
الحالة: معرب"
منشورا,"الكلمة: منشورا
الصنف الصرفي: اسم مفعول
الجذر: نشر
الحالة: معرب"
كتابك,"الكلمة: كتابك
الصنف الصرفي: اسم محسوس
الجذر: كتب
الحالة: معرب"
بنفسك,"الكلمة: بنفسك
الصنف الصرفي: اسم مجرد
الجذر: نفس
الحالة: معرب"
معذبين,"الكلمة: معذبين
الصنف الصرفي: اسم فاعل
الجذر: عذب
الحالة: معرب"
مترفيها,"الكلمة: مترفيها
الصنف الصرفي: اسم مفعول
الجذر: ترف
الحالة: معرب"
ففسقوا,"الكلمة: ففسقوا
الصنف الصرفي: فعل ماض
الجذر: فسق
الحالة: مبني"
فدمرناها,"الكلمة: فدمرناها
الصنف الصرفي: فعل ماض
الجذر: دمر
الحالة: مبني"
تدميرا,"الكلمة: تدميرا
الصنف الصرفي: مصدر
الجذر: دمر
الحالة: معرب"
بذنوب,"الكلمة: بذنوب
الصنف الصرفي: اسم مجرد
الجذر: ذنب
الحالة: معرب"
العاجلة,"الكلمة: العاجلة
الصنف الصرفي: اسم فاعل
الجذر: عجل
الحالة: معرب"
عجلنا,"الكلمة: عجلنا
الصنف الصرفي: فعل ماض
الجذر: عجل
الحالة: مبني"
مذموما,"الكلمة: مذموما
الصنف الصرفي: اسم مفعول
الجذر: ذمم
الحالة: معرب"
مشكورا,"الكلمة: مشكورا
الصنف الصرفي: اسم مفعول
الجذر: شكر
الحالة: معرب"
وهؤلاء,"الكلمة: وهؤلاء
الصنف الصرفي: اسم إشارة
الجذر: ه"
محظورا,"الكلمة: محظورا
الصنف الصرفي: اسم مفعول
الجذر: حظر
الحالة: معرب"
تفضيلا,"الكلمة: تفضيلا
الصنف الصرفي: مصدر
الجذر: فضل
الحالة: معرب"
فتقعد,"الكلمة: فتقعد
الصنف الصرفي: فعل مضارع
الجذر: قعد
الحالة: معرب"
مخذولا,"الكلمة: مخذولا
الصنف الصرفي: اسم مفعول
الجذر: خذل
الحالة: معرب"
يبلغن,"الكلمة: يبلغن
الصنف الصرفي: فعل مضارع
الجذر: بلغ
الحالة: مبني"
تنهرهما,"الكلمة: تنهرهما
الصنف الصرفي: فعل مضارع
الجذر: نهر
الحالة: معرب"
ارحمهما,"الكلمة: ارحمهما
الصنف الصرفي: فعل أمر
الجذر: رحم
الحالة: مبني"
ربياني,"الكلمة: ربياني
الصنف الصرفي: فعل ماض
الجذر: ربب
الحالة: مبني"
نفوسكم,"الكلمة: نفوسكم
الصنف الصرفي: اسم مجرد
الجذر: نفس
الحالة: معرب"
والمسكين,"الكلمة: والمسكين
الصنف الصرفي: صفة مبالغة
الجذر: سكن
الحالة: معرب"
تبذيرا,"الكلمة: تبذيرا
الصنف الصرفي: مصدر
الجذر: بذر
الحالة: معرب"
المبذرين,"الكلمة: المبذرين
الصنف الصرفي: اسم فاعل
الجذر: بذر
الحالة: معرب"
تعرضن,"الكلمة: تعرضن
الصنف الصرفي: فعل مضارع
الجذر: عرض
الحالة: مبني"
ترجوها,"الكلمة: ترجوها
الصنف الصرفي: فعل مضارع
الجذر: رجج
الحالة: معرب"
تبسطها,"الكلمة: تبسطها
الصنف الصرفي: فعل مضارع
الجذر: بسط
الحالة: معرب"
البسط,"الكلمة: البسط
الصنف الصرفي: مصدر
الجذر: بسط
الحالة: معرب"
بعباده,"الكلمة: بعباده
الصنف الصرفي: اسم محسوس
الجذر: عبد
الحالة: معرب"
نرزقهم,"الكلمة: نرزقهم
الصنف الصرفي: فعل مضارع
الجذر: رزق
الحالة: معرب"
قتلهم,"الكلمة: قتلهم
الصنف الصرفي: مصدر
الجذر: قتل
الحالة: معرب"
مظلوما,"الكلمة: مظلوما
الصنف الصرفي: اسم مفعول
الجذر: ظلم
الحالة: معرب"
منصورا,"الكلمة: منصورا
الصنف الصرفي: اسم مفعول
الجذر: نصر
الحالة: معرب"
بالعهد,"الكلمة: بالعهد
الصنف الصرفي: مصدر
الجذر: عهد
الحالة: معرب"
العهد,"الكلمة: العهد
الصنف الصرفي: مصدر
الجذر: عهد
الحالة: معرب"
وزنوا,"الكلمة: وزنوا
الصنف الصرفي: فعل أمر
الجذر: زنن
الحالة: مبني"
بالقسطاس,"الكلمة: بالقسطاس
الصنف الصرفي: اسم محسوس
الجذر: قسطس
الحالة: معرب"
والبصر,"الكلمة: والبصر
الصنف الصرفي: اسم مجرد
الجذر: بصر
الحالة: معرب"
مكروها,"الكلمة: مكروها
الصنف الصرفي: اسم مفعول
الجذر: مكر
الحالة: معرب"
بالبنين,"الكلمة: بالبنين
الصنف الصرفي: اسم محسوس
الجذر: NTWS
الحالة: معرب"
صرفنا,"الكلمة: صرفنا
الصنف الصرفي: فعل ماض
الجذر: صرف
الحالة: مبني"
ليذكروا,"الكلمة: ليذكروا
الصنف الصرفي: فعل مضارع
الجذر: ذكر
الحالة: معرب"
نفورا,"الكلمة: نفورا
الصنف الصرفي: مصدر
الجذر: نفر
الحالة: معرب"
تفقهون,"الكلمة: تفقهون
الصنف الصرفي: فعل مضارع
الجذر: فقه"
تسبيحهم,"الكلمة: تسبيحهم
الصنف الصرفي: مصدر
الجذر: سبح
الحالة: معرب"
حليما,"الكلمة: حليما
الصنف الصرفي: صفة نوعية
الجذر: حلم
الحالة: معرب"
بينك,"الكلمة: بينك
الصنف الصرفي: ظرف
الجذر: NTWS
الحالة: معرب"
حجابا,"الكلمة: حجابا
الصنف الصرفي: اسم مجرد
الجذر: حجب
الحالة: معرب"
مستورا,"الكلمة: مستورا
الصنف الصرفي: اسم مفعول
الجذر: ستر
الحالة: معرب"
مسحورا,"الكلمة: مسحورا
الصنف الصرفي: اسم مفعول
الجذر: سحر
الحالة: معرب"
عظاما,"الكلمة: عظاما
الصنف الصرفي: اسم محسوس
الجذر: عظم
الحالة: معرب"
ورفاتا,"الكلمة: ورفاتا
الصنف الصرفي: اسم محسوس
الجذر: رفت
الحالة: معرب"
لمبعوثون,"الكلمة: لمبعوثون
الصنف الصرفي: اسم مفعول
الجذر: بعث
الحالة: معرب"
جديدا,"الكلمة: جديدا
الصنف الصرفي: صفة نوعية
الجذر: جدد
الحالة: معرب"
حديدا,"الكلمة: حديدا
الصنف الصرفي: اسم محسوس
الجذر: حدد
الحالة: معرب"
فطركم,"الكلمة: فطركم
الصنف الصرفي: فعل ماض
الجذر: فطر
الحالة: مبني"
وتظنون,"الكلمة: وتظنون
الصنف الصرفي: فعل مضارع
الجذر: ظنن
الحالة: معرب"
لبثتم,"الكلمة: لبثتم
الصنف الصرفي: فعل ماض
الجذر: لبث
الحالة: مبني"
ويرجون,"الكلمة: ويرجون
الصنف الصرفي: فعل مضارع
الجذر: رجج
الحالة: معرب"
محذورا,"الكلمة: محذورا
الصنف الصرفي: اسم مفعول
الجذر: حذر
الحالة: معرب"
مهلكوها,"الكلمة: مهلكوها
الصنف الصرفي: اسم فاعل
الجذر: هلك
الحالة: معرب"
معذبوها,"الكلمة: معذبوها
الصنف الصرفي: اسم فاعل
الجذر: عذب
الحالة: معرب"
منعنا,"الكلمة: منعنا
الصنف الصرفي: فعل ماض
الجذر: منع
الحالة: مبني"
والشجرة,"الكلمة: والشجرة
الصنف الصرفي: اسم محسوس
الجذر: شجر
الحالة: معرب"
الملعونة,"الكلمة: الملعونة
الصنف الصرفي: اسم مفعول
الجذر: لعن
الحالة: معرب"
وأجلب,"الكلمة: وأجلب
الصنف الصرفي: فعل أمر
الجذر: جلب
الحالة: مبني"
بخيلك,"الكلمة: بخيلك
الصنف الصرفي: اسم محسوس
الجذر: بخل
الحالة: معرب"
ورجلك,"الكلمة: ورجلك
الصنف الصرفي: اسم محسوس
الجذر: رجل
الحالة: معرب"
وشاركهم,"الكلمة: وشاركهم
الصنف الصرفي: فعل أمر
الجذر: شرك
الحالة: مبني"
وعدهم,"الكلمة: وعدهم
الصنف الصرفي: فعل أمر
الجذر: عدد
الحالة: مبني"
أعرضتم,"الكلمة: أعرضتم
الصنف الصرفي: فعل ماض
الجذر: عرض
الحالة: مبني"
تارة,"الكلمة: تارة
الصنف الصرفي: اسم مجرد
الجذر: ترة
الحالة: معرب"
فيرسل,"الكلمة: فيرسل
الصنف الصرفي: فعل مضارع
الجذر: رسل
الحالة: معرب"
فيغرقكم,"الكلمة: فيغرقكم
الصنف الصرفي: فعل مضارع
الجذر: غرق
الحالة: معرب"
تبيعا,"الكلمة: تبيعا
الصنف الصرفي: صفة مبالغة
الجذر: تبع
الحالة: معرب"
كرمنا,"الكلمة: كرمنا
الصنف الصرفي: فعل ماض
الجذر: كرم
الحالة: مبني"
وحملناهم,"الكلمة: وحملناهم
الصنف الصرفي: فعل ماض
الجذر: حمل
الحالة: مبني"
وفضلناهم,"الكلمة: وفضلناهم
الصنف الصرفي: فعل ماض
الجذر: فضل
الحالة: مبني"
كتابهم,"الكلمة: كتابهم
الصنف الصرفي: اسم محسوس
الجذر: كتب
الحالة: معرب"
لتفتري,"الكلمة: لتفتري
الصنف الصرفي: فعل مضارع
الجذر: فتر
الحالة: معرب"
ثبتناك,"الكلمة: ثبتناك
الصنف الصرفي: فعل ماض
الجذر: ثبت
الحالة: مبني"
ليخرجوك,"الكلمة: ليخرجوك
الصنف الصرفي: فعل مضارع
الجذر: خرج
الحالة: معرب"
يلبثون,"الكلمة: يلبثون
الصنف الصرفي: فعل مضارع
الجذر: لبث"
خلافك,"الكلمة: خلافك
الصنف الصرفي: اسم مجرد
الجذر: خلف
الحالة: معرب"
قبلك,"الكلمة: قبلك
الصنف الصرفي: ظرف
الجذر: قبل
الحالة: معرب"
لسنتنا,"الكلمة: لسنتنا
الصنف الصرفي: اسم مجرد
الجذر: لسن
الحالة: معرب"
لدلوك,"الكلمة: لدلوك
الصنف الصرفي: مصدر
الجذر: دلل
الحالة: معرب"
مشهودا,"الكلمة: مشهودا
الصنف الصرفي: اسم مفعول
الجذر: شهد
الحالة: معرب"
فتهجد,"الكلمة: فتهجد
الصنف الصرفي: فعل أمر
الجذر: هجد
الحالة: مبني"
نافلة,"الكلمة: نافلة
الصنف الصرفي: اسم مجرد
الجذر: نفل
الحالة: معرب"
يبعثك,"الكلمة: يبعثك
الصنف الصرفي: فعل مضارع
الجذر: بعث
الحالة: معرب"
محمودا,"الكلمة: محمودا
الصنف الصرفي: اسم مفعول
الجذر: حمد
الحالة: معرب"
أدخلني,"الكلمة: أدخلني
الصنف الصرفي: فعل أمر
الجذر: دخل
الحالة: مبني"
وأخرجني,"الكلمة: وأخرجني
الصنف الصرفي: فعل أمر
الجذر: خرج
الحالة: مبني"
زهوقا,"الكلمة: زهوقا
الصنف الصرفي: صفة نوعية
الجذر: زهق
الحالة: معرب"
وننزل,"الكلمة: وننزل
الصنف الصرفي: فعل مضارع
الجذر: نزل
الحالة: معرب"
أنعمنا,"الكلمة: أنعمنا
الصنف الصرفي: فعل ماض
الجذر: نعم
الحالة: مبني"
بجانبه,"الكلمة: بجانبه
الصنف الصرفي: اسم مجرد
الجذر: جنب
الحالة: معرب"
شاكلته,"الكلمة: شاكلته
الصنف الصرفي: اسم مجرد
الجذر: شكل
الحالة: معرب"
فربكم,"الكلمة: فربكم
الصنف الصرفي: اسم محسوس
الجذر: ربب
الحالة: معرب"
اجتمعت,"الكلمة: اجتمعت
الصنف الصرفي: فعل ماض
الجذر: جمع
الحالة: مبني"
بمثله,"الكلمة: بمثله
الصنف الصرفي: اسم مجرد
الجذر: مثل
الحالة: معرب"
ظهيرا,"الكلمة: ظهيرا
الصنف الصرفي: صفة مبالغة
الجذر: ظهر
الحالة: معرب"
فأبى,"الكلمة: فأبى
الصنف الصرفي: فعل ماض
الجذر: NTWS
الحالة: مبني"
ينبوعا,"الكلمة: ينبوعا
الصنف الصرفي: اسم محسوس
الجذر: نبع
الحالة: معرب"
فتفجر,"الكلمة: فتفجر
الصنف الصرفي: فعل مضارع
الجذر: فجر
الحالة: معرب"
خلالها,"الكلمة: خلالها
الصنف الصرفي: اسم مجرد
الجذر: خلل
الحالة: معرب"
تفجيرا,"الكلمة: تفجيرا
الصنف الصرفي: مصدر
الجذر: فجر
الحالة: معرب"
قبيلا,"الكلمة: قبيلا
الصنف الصرفي: اسم محسوس
الجذر: قبل
الحالة: معرب"
ملائكة,"الكلمة: ملائكة
الصنف الصرفي: اسم محسوس
الجذر: ملك
الحالة: معرب"
مطمئنين,"الكلمة: مطمئنين
الصنف الصرفي: اسم فاعل
الجذر: طمن
الحالة: معرب"
لنزلنا,"الكلمة: لنزلنا
الصنف الصرفي: فعل ماض
الجذر: نزل
الحالة: مبني"
ونحشرهم,"الكلمة: ونحشرهم
الصنف الصرفي: فعل مضارع
الجذر: حشر
الحالة: معرب"
وبكما,"الكلمة: وبكما
الصنف الصرفي: صفة نوعية
الجذر: بكم
الحالة: معرب"
تملكون,"الكلمة: تملكون
الصنف الصرفي: فعل مضارع
الجذر: ملك"
لأمسكتم,"الكلمة: لأمسكتم
الصنف الصرفي: فعل ماض
الجذر: مسك
الحالة: مبني"
لأظنك,"الكلمة: لأظنك
الصنف الصرفي: فعل مضارع
الجذر: ظنن
الحالة: معرب"
يستفزهم,"الكلمة: يستفزهم
الصنف الصرفي: فعل مضارع
الجذر: فزز
الحالة: معرب"
فأغرقناه,"الكلمة: فأغرقناه
الصنف الصرفي: فعل ماض
الجذر: غرق
الحالة: مبني"
لفيفا,"الكلمة: لفيفا
الصنف الصرفي: اسم مجرد
الجذر: لفف
الحالة: معرب"
وبالحق,"الكلمة: وبالحق
الصنف الصرفي: مصدر
الجذر: حقق
الحالة: معرب"
مبشرا,"الكلمة: مبشرا
الصنف الصرفي: اسم فاعل
الجذر: بشر
الحالة: معرب"
وقرآنا,"الكلمة: وقرآنا
الصنف الصرفي: اسم مجرد
الجذر: قرر
الحالة: معرب"
فرقناه,"الكلمة: فرقناه
الصنف الصرفي: فعل ماض
الجذر: فرق
الحالة: مبني"
لتقرأه,"الكلمة: لتقرأه
الصنف الصرفي: فعل مضارع
الجذر: قرر
الحالة: معرب"
تنزيلا,"الكلمة: تنزيلا
الصنف الصرفي: مصدر
الجذر: نزل
الحالة: معرب"
يخرون,"الكلمة: يخرون
الصنف الصرفي: فعل مضارع
الجذر: خرر"
لمفعولا,"الكلمة: لمفعولا
الصنف الصرفي: اسم مفعول
الجذر: فعل
الحالة: معرب"
ويخرون,"الكلمة: ويخرون
الصنف الصرفي: فعل مضارع
الجذر: خرر
الحالة: معرب"
خشوعا,"الكلمة: خشوعا
الصنف الصرفي: مصدر
الجذر: خشع
الحالة: معرب"
تدعوا,"الكلمة: تدعوا
الصنف الصرفي: فعل مضارع
الجذر: دعع
الحالة: معرب"
بصلاتك,"الكلمة: بصلاتك
الصنف الصرفي: مصدر
الجذر: بصل
الحالة: معرب"
تخافت,"الكلمة: تخافت
الصنف الصرفي: فعل مضارع
الجذر: خفت
الحالة: معرب"
وكبره,"الكلمة: وكبره
الصنف الصرفي: فعل أمر
الجذر: كبر
الحالة: مبني"
تكبيرا,"الكلمة: تكبيرا
الصنف الصرفي: مصدر
الجذر: كبر
الحالة: معرب"
عبده,"الكلمة: عبده
الصنف الصرفي: اسم محسوس
الجذر: NTWS
الحالة: معرب"
لينذر,"الكلمة: لينذر
الصنف الصرفي: فعل مضارع
الجذر: نذر
الحالة: معرب"
وينذر,"الكلمة: وينذر
الصنف الصرفي: فعل مضارع
الجذر: نذر
الحالة: معرب"
لنبلوهم,"الكلمة: لنبلوهم
الصنف الصرفي: فعل مضارع
الجذر: نبل
الحالة: معرب"
الكهف,"الكلمة: الكهف
الصنف الصرفي: اسم محسوس
الجذر: كهف
الحالة: معرب"
والرقيم,"الكلمة: والرقيم
الصنف الصرفي: اسم محسوس
الجذر: رقم
الحالة: معرب"
الفتية,"الكلمة: الفتية
الصنف الصرفي: اسم محسوس
الجذر: لفت
الحالة: معرب"
فضربنا,"الكلمة: فضربنا
الصنف الصرفي: فعل ماض
الجذر: ضرب
الحالة: مبني"
بعثناهم,"الكلمة: بعثناهم
الصنف الصرفي: فعل ماض
الجذر: بعث
الحالة: مبني"
الحزبين,"الكلمة: الحزبين
الصنف الصرفي: اسم مجرد
الجذر: حزب
الحالة: معرب"
لبثوا,"الكلمة: لبثوا
الصنف الصرفي: فعل ماض
الجذر: لبث
الحالة: مبني"
وربطنا,"الكلمة: وربطنا
الصنف الصرفي: فعل ماض
الجذر: ربط
الحالة: مبني"
مرفقا,"الكلمة: مرفقا
الصنف الصرفي: اسم مجرد
الجذر: رفق
الحالة: معرب"
كهفهم,"الكلمة: كهفهم
الصنف الصرفي: اسم محسوس
الجذر: كهف
الحالة: معرب"
تقرضهم,"الكلمة: تقرضهم
الصنف الصرفي: فعل مضارع
الجذر: قرض
الحالة: معرب"
الشمال,"الكلمة: الشمال
الصنف الصرفي: اسم مجرد
الجذر: شمل
الحالة: معرب"
مرشدا,"الكلمة: مرشدا
الصنف الصرفي: اسم فاعل
الجذر: رشد
الحالة: معرب"
وتحسبهم,"الكلمة: وتحسبهم
الصنف الصرفي: فعل مضارع
الجذر: حسب
الحالة: معرب"
ونقلبهم,"الكلمة: ونقلبهم
الصنف الصرفي: فعل مضارع
الجذر: قلب
الحالة: معرب"
وذات,"الكلمة: وذات
الصنف الصرفي: اسم من الأسماء الخمسة
الجذر: NTWS
الحالة: معرب"
وكلبهم,"الكلمة: وكلبهم
الصنف الصرفي: اسم محسوس
الجذر: كلب
الحالة: معرب"
ذراعيه,"الكلمة: ذراعيه
الصنف الصرفي: اسم محسوس
الجذر: ذرع
الحالة: معرب"
اطلعت,"الكلمة: اطلعت
الصنف الصرفي: فعل ماض
الجذر: طلع
الحالة: مبني"
فرارا,"الكلمة: فرارا
الصنف الصرفي: مصدر
الجذر: فرر
الحالة: معرب"
لبثنا,"الكلمة: لبثنا
الصنف الصرفي: فعل ماض
الجذر: لبث
الحالة: مبني"
بورقكم,"الكلمة: بورقكم
الصنف الصرفي: اسم محسوس
الجذر: برق
الحالة: معرب"
فلينظر,"الكلمة: فلينظر
الصنف الصرفي: فعل مضارع
الجذر: نظر
الحالة: معرب"
أيها,"الكلمة: أيها
الصنف الصرفي: اسم موصول
الجذر: ّه"
طعاما,"الكلمة: طعاما
الصنف الصرفي: اسم محسوس
الجذر: طعم
الحالة: معرب"
وليتلطف,"الكلمة: وليتلطف
الصنف الصرفي: فعل مضارع
الجذر: لطف
الحالة: معرب"
يشعرن,"الكلمة: يشعرن
الصنف الصرفي: فعل مضارع
الجذر: شعر
الحالة: مبني"
يرجموكم,"الكلمة: يرجموكم
الصنف الصرفي: فعل مضارع
الجذر: رجم
الحالة: معرب"
تفلحوا,"الكلمة: تفلحوا
الصنف الصرفي: فعل مضارع
الجذر: فلح
الحالة: معرب"
أعثرنا,"الكلمة: أعثرنا
الصنف الصرفي: فعل ماض
الجذر: عثر
الحالة: مبني"
ليعلموا,"الكلمة: ليعلموا
الصنف الصرفي: فعل مضارع
الجذر: علم
الحالة: معرب"
يتنازعون,"الكلمة: يتنازعون
الصنف الصرفي: فعل مضارع
الجذر: نزع"
غلبوا,"الكلمة: غلبوا
الصنف الصرفي: فعل ماض
الجذر: غلب
الحالة: مبني"
رابعهم,"الكلمة: رابعهم
الصنف الصرفي: اسم عدد
الجذر: ربع
الحالة: معرب"
كلبهم,"الكلمة: كلبهم
الصنف الصرفي: اسم محسوس
الجذر: كلب
الحالة: معرب"
سادسهم,"الكلمة: سادسهم
الصنف الصرفي: اسم عدد
الجذر: سدس
الحالة: معرب"
وثامنهم,"الكلمة: وثامنهم
الصنف الصرفي: اسم عدد
الجذر: ثمن
الحالة: معرب"
بعدتهم,"الكلمة: بعدتهم
الصنف الصرفي: اسم مجرد
الجذر: عدد
الحالة: معرب"
ظاهرا,"الكلمة: ظاهرا
الصنف الصرفي: اسم فاعل
الجذر: ظهر
الحالة: معرب"
لأقرب,"الكلمة: لأقرب
الصنف الصرفي: صفة مقارنة
الجذر: قرب
الحالة: معرب"
ولبثوا,"الكلمة: ولبثوا
الصنف الصرفي: فعل ماض
الجذر: لبث
الحالة: مبني"
تسعا,"الكلمة: تسعا
الصنف الصرفي: اسم عدد
الجذر: تسع
الحالة: معرب"
وأسمع,"الكلمة: وأسمع
الصنف الصرفي: فعل أمر
الجذر: سمع
الحالة: مبني"
أغفلنا,"الكلمة: أغفلنا
الصنف الصرفي: فعل ماض
الجذر: غفل
الحالة: مبني"
ذكرنا,"الكلمة: ذكرنا
الصنف الصرفي: فعل ماض
الجذر: ذكر
الحالة: معرب"
فليكفر,"الكلمة: فليكفر
الصنف الصرفي: فعل مضارع
الجذر: كفر
الحالة: معرب"
سرادقها,"الكلمة: سرادقها
الصنف الصرفي: اسم محسوس
الجذر: سردق
الحالة: معرب"
كالمهل,"الكلمة: كالمهل
الصنف الصرفي: اسم محسوس
الجذر: مهل
الحالة: معرب"
الشراب,"الكلمة: الشراب
الصنف الصرفي: اسم محسوس
الجذر: شرب
الحالة: معرب"
مرتفقا,"الكلمة: مرتفقا
الصنف الصرفي: اسم زمان أو مكان
الجذر: رفق
الحالة: معرب"
يحلون,"الكلمة: يحلون
الصنف الصرفي: فعل مضارع
الجذر: حلل"
ويلبسون,"الكلمة: ويلبسون
الصنف الصرفي: فعل مضارع
الجذر: لبس
الحالة: معرب"
وإستبرق,"الكلمة: وإستبرق
الصنف الصرفي: كلمة أعجمية
الجذر: NTWS
الحالة: معرب"
وحسنت,"الكلمة: وحسنت
الصنف الصرفي: فعل ماض مجهول
الجذر: حسن
الحالة: مبني"
واضرب,"الكلمة: واضرب
الصنف الصرفي: فعل أمر
الجذر: ضرب
الحالة: مبني"
لأحدهما,"الكلمة: لأحدهما
الصنف الصرفي: اسم عدد
الجذر: حدد
الحالة: معرب"
جنتين,"الكلمة: جنتين
الصنف الصرفي: اسم محسوس
الجذر: جنن
الحالة: معرب"
وحففناهما,"الكلمة: وحففناهما
الصنف الصرفي: فعل ماض
الجذر: حفف
الحالة: مبني"
وفجرنا,"الكلمة: وفجرنا
الصنف الصرفي: فعل ماض
الجذر: فجر
الحالة: مبني"
خلالهما,"الكلمة: خلالهما
الصنف الصرفي: ظرف
الجذر: خلل
الحالة: مبني"
منقلبا,"الكلمة: منقلبا
الصنف الصرفي: اسم مفعول
الجذر: قلب
الحالة: معرب"
أكفرت,"الكلمة: أكفرت
الصنف الصرفي: فعل ماض
الجذر: كفر
الحالة: مبني"
لكننا,"الكلمة: لكننا
الصنف الصرفي: حرف ناسخ
الجذر: لكن
الحالة: مبني"
حسبانا,"الكلمة: حسبانا
الصنف الصرفي: اسم مجرد
الجذر: حسب
الحالة: معرب"
فتصبح,"الكلمة: فتصبح
الصنف الصرفي: فعل مضارع
الجذر: صبح
الحالة: معرب"
بثمره,"الكلمة: بثمره
الصنف الصرفي: اسم محسوس
الجذر: ثمر
الحالة: معرب"
ينصرونه,"الكلمة: ينصرونه
الصنف الصرفي: فعل مضارع
الجذر: نصر
الحالة: معرب"
منتصرا,"الكلمة: منتصرا
الصنف الصرفي: اسم فاعل
الجذر: نصر
الحالة: معرب"
هشيما,"الكلمة: هشيما
الصنف الصرفي: صفة نوعية
الجذر: هشم
الحالة: معرب"
تذروه,"الكلمة: تذروه
الصنف الصرفي: فعل مضارع
الجذر: ذرر
الحالة: معرب"
مقتدرا,"الكلمة: مقتدرا
الصنف الصرفي: اسم فاعل
الجذر: قدر
الحالة: معرب"
والبنون,"الكلمة: والبنون
الصنف الصرفي: اسم محسوس
الجذر: بنن
الحالة: معرب"
وحشرناهم,"الكلمة: وحشرناهم
الصنف الصرفي: فعل ماض
الجذر: حشر
الحالة: مبني"
وعرضوا,"الكلمة: وعرضوا
الصنف الصرفي: فعل ماض مجهول
الجذر: عرض
الحالة: مبني"
مشفقين,"الكلمة: مشفقين
الصنف الصرفي: اسم فاعل
الجذر: شفق
الحالة: معرب"
ويلتنا,"الكلمة: ويلتنا
الصنف الصرفي: اسم مجرد
الجذر: لتت
الحالة: مبني"
يغادر,"الكلمة: يغادر
الصنف الصرفي: فعل مضارع
الجذر: غدر
الحالة: معرب"
أحصاها,"الكلمة: أحصاها
الصنف الصرفي: فعل ماض
الجذر: حصص
الحالة: مبني"
حاضرا,"الكلمة: حاضرا
الصنف الصرفي: اسم فاعل
الجذر: حضر
الحالة: معرب"
وذريته,"الكلمة: وذريته
الصنف الصرفي: مصدر مهني (اسم مهنة)
الجذر: ذرر
الحالة: معرب"
أشهدتهم,"الكلمة: أشهدتهم
الصنف الصرفي: فعل ماض
الجذر: شهد
الحالة: مبني"
المضلين,"الكلمة: المضلين
الصنف الصرفي: اسم فاعل
الجذر: ضلل
الحالة: معرب"
فدعوهم,"الكلمة: فدعوهم
الصنف الصرفي: فعل ماض
الجذر: دعع
الحالة: مبني"
فظنوا,"الكلمة: فظنوا
الصنف الصرفي: فعل ماض
الجذر: ظنن
الحالة: مبني"
ويستغفروا,"الكلمة: ويستغفروا
الصنف الصرفي: فعل مضارع
الجذر: غفر
الحالة: معرب"
ويجادل,"الكلمة: ويجادل
الصنف الصرفي: فعل مضارع
الجذر: جدل
الحالة: معرب"
ليدحضوا,"الكلمة: ليدحضوا
الصنف الصرفي: فعل مضارع
الجذر: دحض
الحالة: معرب"
أنذروا,"الكلمة: أنذروا
الصنف الصرفي: فعل مضارع
الجذر: نذر
الحالة: مبني"
فأعرض,"الكلمة: فأعرض
الصنف الصرفي: فعل ماض
الجذر: عرض
الحالة: مبني"
تدعهم,"الكلمة: تدعهم
الصنف الصرفي: فعل مضارع
الجذر: دعع
الحالة: معرب"
أهلكناهم,"الكلمة: أهلكناهم
الصنف الصرفي: فعل ماض
الجذر: هلك
الحالة: مبني"
لمهلكهم,"الكلمة: لمهلكهم
الصنف الصرفي: مصدر ميمي
الجذر: هلك
الحالة: معرب"
لفتاه,"الكلمة: لفتاه
الصنف الصرفي: اسم محسوس
الجذر: لفف
الحالة: معرب"
البحرين,"الكلمة: البحرين
الصنف الصرفي: اسم علم
الجذر: بحر
الحالة: معرب"
أمضي,"الكلمة: أمضي
الصنف الصرفي: فعل مضارع
الجذر: مض
الحالة: معرب"
سفرنا,"الكلمة: سفرنا
الصنف الصرفي: مصدر
الجذر: سفر
الحالة: معرب"
أذكره,"الكلمة: أذكره
الصنف الصرفي: فعل مضارع
الجذر: ذكر
الحالة: معرب"
فارتدا,"الكلمة: فارتدا
الصنف الصرفي: فعل ماض
الجذر: ردد
الحالة: مبني"
وعلمناه,"الكلمة: وعلمناه
الصنف الصرفي: فعل ماض
الجذر: علم
الحالة: مبني"
أتبعك,"الكلمة: أتبعك
الصنف الصرفي: فعل مضارع
الجذر: تبع
الحالة: معرب"
تعلمن,"الكلمة: تعلمن
الصنف الصرفي: فعل مضارع
الجذر: علم
الحالة: مبني"
ستجدني,"الكلمة: ستجدني
الصنف الصرفي: فعل مضارع
الجذر: جدد
الحالة: معرب"
صابرا,"الكلمة: صابرا
الصنف الصرفي: اسم فاعل
الجذر: صبر
الحالة: معرب"
اتبعتني,"الكلمة: اتبعتني
الصنف الصرفي: فعل ماض
الجذر: تبع
الحالة: مبني"
فانطلقا,"الكلمة: فانطلقا
الصنف الصرفي: فعل ماض
الجذر: طلق
الحالة: مبني"
خرقها,"الكلمة: خرقها
الصنف الصرفي: فعل ماض
الجذر: خرق
الحالة: مبني"
أخرقتها,"الكلمة: أخرقتها
الصنف الصرفي: فعل ماض
الجذر: خرق
الحالة: مبني"
لتغرق,"الكلمة: لتغرق
الصنف الصرفي: فعل مضارع
الجذر: غرق
الحالة: معرب"
ترهقني,"الكلمة: ترهقني
الصنف الصرفي: فعل مضارع
الجذر: رهق
الحالة: معرب"
غلاما,"الكلمة: غلاما
الصنف الصرفي: اسم محسوس
الجذر: غلم
الحالة: معرب"
سألتك,"الكلمة: سألتك
الصنف الصرفي: فعل ماض
الجذر: لتت
الحالة: مبني"
بعدها,"الكلمة: بعدها
الصنف الصرفي: ظرف
الجذر: بعد
الحالة: معرب"
تصاحبني,"الكلمة: تصاحبني
الصنف الصرفي: فعل مضارع
الجذر: صحب
الحالة: معرب"
استطعما,"الكلمة: استطعما
الصنف الصرفي: فعل ماض
الجذر: طعم
الحالة: مبني"
فأبوا,"الكلمة: فأبوا
الصنف الصرفي: فعل ماض
الجذر: NTWS
الحالة: مبني"
جدارا,"الكلمة: جدارا
الصنف الصرفي: اسم محسوس
الجذر: جدر
الحالة: معرب"
بيني,"الكلمة: بيني
الصنف الصرفي: اسم مجرد
الجذر: NTWS
الحالة: معرب"
وبينك,"الكلمة: وبينك
الصنف الصرفي: ظرف
الجذر: NTWS
الحالة: معرب"
لمساكين,"الكلمة: لمساكين
الصنف الصرفي: صفة مبالغة
الجذر: سكن
الحالة: معرب"
وراءهم,"الكلمة: وراءهم
الصنف الصرفي: ظرف
الجذر: ر
الحالة: معرب"
الغلام,"الكلمة: الغلام
الصنف الصرفي: اسم محسوس
الجذر: غلم
الحالة: معرب"
فأردنا,"الكلمة: فأردنا
الصنف الصرفي: فعل ماض
الجذر: ردّ
الحالة: مبني"
يبدلهما,"الكلمة: يبدلهما
الصنف الصرفي: فعل مضارع
الجذر: بدل
الحالة: معرب"
وأقرب,"الكلمة: وأقرب
الصنف الصرفي: صفة مقارنة
الجذر: قرب
الحالة: معرب"
يبلغا,"الكلمة: يبلغا
الصنف الصرفي: فعل مضارع
الجذر: بلغ
الحالة: معرب"
أشدهما,"الكلمة: أشدهما
الصنف الصرفي: اسم مجرد
الجذر: شدد
الحالة: معرب"
ويستخرجا,"الكلمة: ويستخرجا
الصنف الصرفي: فعل مضارع
الجذر: خرج
الحالة: معرب"
كنزهما,"الكلمة: كنزهما
الصنف الصرفي: اسم محسوس
الجذر: كنز
الحالة: معرب"
فعلته,"الكلمة: فعلته
الصنف الصرفي: فعل ماض
الجذر: فعل
الحالة: مبني"
القرنين,"الكلمة: القرنين
الصنف الصرفي: اسم محسوس
الجذر: قرن
الحالة: معرب"
فأتبع,"الكلمة: فأتبع
الصنف الصرفي: فعل ماض
الجذر: تبع
الحالة: مبني"
وجدها,"الكلمة: وجدها
الصنف الصرفي: فعل ماض
الجذر: جدد
الحالة: مبني"
ذا,"الكلمة: ذا
الصنف الصرفي: اسم من الأسماء الخمسة
الجذر: ذ
الحالة: مبني"
نعذبه,"الكلمة: نعذبه
الصنف الصرفي: فعل مضارع
الجذر: عذب
الحالة: معرب"
فيعذبه,"الكلمة: فيعذبه
الصنف الصرفي: فعل مضارع
الجذر: عذب
الحالة: معرب"
دونها,"الكلمة: دونها
الصنف الصرفي: اسم مجرد
الجذر: دن
الحالة: معرب"
أحطنا,"الكلمة: أحطنا
الصنف الصرفي: فعل ماض
الجذر: حطّ
الحالة: مبني"
دونهما,"الكلمة: دونهما
الصنف الصرفي: اسم مجرد
الجذر: دن
الحالة: معرب"
مفسدون,"الكلمة: مفسدون
الصنف الصرفي: اسم فاعل
الجذر: فسد
الحالة: معرب"
الحديد,"الكلمة: الحديد
الصنف الصرفي: اسم محسوس
الجذر: حدد
الحالة: معرب"
يظهروه,"الكلمة: يظهروه
الصنف الصرفي: فعل مضارع
الجذر: ظهر
الحالة: معرب"
فجمعناهم,"الكلمة: فجمعناهم
الصنف الصرفي: فعل ماض
الجذر: جمع
الحالة: مبني"
وعرضنا,"الكلمة: وعرضنا
الصنف الصرفي: فعل ماض
الجذر: عرض
الحالة: مبني"
أعمالا,"الكلمة: أعمالا
الصنف الصرفي: مصدر
الجذر: عمل
الحالة: معرب"
يحسبون,"الكلمة: يحسبون
الصنف الصرفي: فعل مضارع
الجذر: حسب"
يحسنون,"الكلمة: يحسنون
الصنف الصرفي: فعل مضارع
الجذر: حسن"
فحبطت,"الكلمة: فحبطت
الصنف الصرفي: فعل ماض
الجذر: حبط
الحالة: مبني"
ورسلي,"الكلمة: ورسلي
الصنف الصرفي: اسم محسوس
الجذر: رسل
الحالة: معرب"
الفردوس,"الكلمة: الفردوس
الصنف الصرفي: اسم علم أعجمي
الجذر: فردس
الحالة: معرب"
مدادا,"الكلمة: مدادا
الصنف الصرفي: مصدر
الجذر: مدد
الحالة: معرب"
فليعمل,"الكلمة: فليعمل
الصنف الصرفي: فعل مضارع
الجذر: عمل
الحالة: معرب"
بعبادة,"الكلمة: بعبادة
الصنف الصرفي: مصدر
الجذر: عبد
الحالة: معرب"
وهن,"الكلمة: وهن
الصنف الصرفي: فعل ماض
الجذر: ه
الحالة: مبني"
العظم,"الكلمة: العظم
الصنف الصرفي: اسم محسوس
الجذر: عظم
الحالة: معرب"
واشتعل,"الكلمة: واشتعل
الصنف الصرفي: فعل ماض
الجذر: شعل
الحالة: مبني"
عاقرا,"الكلمة: عاقرا
الصنف الصرفي: اسم فاعل
الجذر: عقر
الحالة: معرب"
واجعله,"الكلمة: واجعله
الصنف الصرفي: فعل أمر
الجذر: جعل
الحالة: مبني"
زكريا,"الكلمة: زكريا
الصنف الصرفي: اسم علم أعجمي
الجذر: NTWS
الحالة: مبني"
يحيى,"الكلمة: يحيى
الصنف الصرفي: اسم علم
الجذر: NTWS
الحالة: معرب"
خلقتك,"الكلمة: خلقتك
الصنف الصرفي: فعل ماض
الجذر: خلق
الحالة: مبني"
سبحوا,"الكلمة: سبحوا
الصنف الصرفي: فعل أمر
الجذر: سبح
الحالة: مبني"
يحيى,"الكلمة: يحيى
الصنف الصرفي: اسم علم
الجذر: NTWS
الحالة: مبني"
وحنانا,"الكلمة: وحنانا
الصنف الصرفي: مصدر
الجذر: حنن
الحالة: معرب"
جبارا,"الكلمة: جبارا
الصنف الصرفي: صفة مبالغة
الجذر: جبر
الحالة: معرب"
انتبذت,"الكلمة: انتبذت
الصنف الصرفي: فعل ماض
الجذر: نبذ
الحالة: مبني"
شرقيا,"الكلمة: شرقيا
الصنف الصرفي: اسم منسوب
الجذر: شرق
الحالة: معرب"
فتمثل,"الكلمة: فتمثل
الصنف الصرفي: فعل مضارع
الجذر: مثل
الحالة: مبني"
ولنجعله,"الكلمة: ولنجعله
الصنف الصرفي: فعل مضارع
الجذر: جعل
الحالة: معرب"
فحملته,"الكلمة: فحملته
الصنف الصرفي: فعل ماض
الجذر: حمل
الحالة: مبني"
فانتبذت,"الكلمة: فانتبذت
الصنف الصرفي: فعل ماض
الجذر: نبذ
الحالة: مبني"
المخاض,"الكلمة: المخاض
الصنف الصرفي: مصدر ميمي
الجذر: مخض
الحالة: معرب"
النخلة,"الكلمة: النخلة
الصنف الصرفي: اسم محسوس
الجذر: نخل
الحالة: معرب"
تحزني,"الكلمة: تحزني
الصنف الصرفي: فعل مضارع
الجذر: حزن
الحالة: معرب"
تساقط,"الكلمة: تساقط
الصنف الصرفي: فعل مضارع
الجذر: سقط
الحالة: معرب"
فكلي,"الكلمة: فكلي
الصنف الصرفي: فعل أمر
الجذر: NTWS
الحالة: مبني"
البشر,"الكلمة: البشر
الصنف الصرفي: اسم محسوس
الجذر: بشر
الحالة: معرب"
وجعلني,"الكلمة: وجعلني
الصنف الصرفي: فعل ماض
الجذر: جعل
الحالة: مبني"
يجعلني,"الكلمة: يجعلني
الصنف الصرفي: فعل مضارع
الجذر: جعل
الحالة: معرب"
والسلام,"الكلمة: والسلام
الصنف الصرفي: مصدر
الجذر: سلم
الحالة: معرب"
فاختلف,"الكلمة: فاختلف
الصنف الصرفي: فعل ماض
الجذر: خلف
الحالة: مبني"
بينهم,"الكلمة: بينهم
الصنف الصرفي: اسم مجرد
الجذر: NTWS
الحالة: معرب"
وأبصر,"الكلمة: وأبصر
الصنف الصرفي: فعل أمر
الجذر: بصر
الحالة: مبني"
وأنذرهم,"الكلمة: وأنذرهم
الصنف الصرفي: فعل أمر
الجذر: نذر
الحالة: مبني"
الحسرة,"الكلمة: الحسرة
الصنف الصرفي: اسم علم
الجذر: حسر
الحالة: معرب"
صديقا,"الكلمة: صديقا
الصنف الصرفي: صفة مبالغة
الجذر: صدق
الحالة: معرب"
فاتبعني,"الكلمة: فاتبعني
الصنف الصرفي: فعل أمر
الجذر: تبع
الحالة: مبني"
واهجرني,"الكلمة: واهجرني
الصنف الصرفي: فعل أمر
الجذر: هجر
الحالة: مبني"
سأستغفر,"الكلمة: سأستغفر
الصنف الصرفي: فعل مضارع
الجذر: غفر
الحالة: معرب"
وهبنا,"الكلمة: وهبنا
الصنف الصرفي: فعل ماض
الجذر: هبب
الحالة: مبني"
رحمتنا,"الكلمة: رحمتنا
الصنف الصرفي: مصدر
الجذر: رحم
الحالة: معرب"
مخلصا,"الكلمة: مخلصا
الصنف الصرفي: اسم فاعل
الجذر: خلص
الحالة: معرب"
وقربناه,"الكلمة: وقربناه
الصنف الصرفي: فعل ماض
الجذر: قرب
الحالة: مبني"
مرضيا,"الكلمة: مرضيا
الصنف الصرفي: اسم مفعول
الجذر: مرض
الحالة: معرب"
ورفعناه,"الكلمة: ورفعناه
الصنف الصرفي: فعل ماض
الجذر: رفع
الحالة: مبني"
وإسرائيل,"الكلمة: وإسرائيل
الصنف الصرفي: اسم علم أعجمي
الجذر: NTWS
الحالة: معرب"
نتنزل,"الكلمة: نتنزل
الصنف الصرفي: فعل مضارع
الجذر: نزل
الحالة: معرب"
خلفنا,"الكلمة: خلفنا
الصنف الصرفي: ظرف
الجذر: خلف
الحالة: معرب"
واصطبر,"الكلمة: واصطبر
الصنف الصرفي: فعل أمر
الجذر: صبر
الحالة: مبني"
لعبادته,"الكلمة: لعبادته
الصنف الصرفي: مصدر
الجذر: عبد
الحالة: معرب"
والشياطين,"الكلمة: والشياطين
الصنف الصرفي: اسم محسوس
الجذر: شطن
الحالة: معرب"
واردها,"الكلمة: واردها
الصنف الصرفي: اسم فاعل
الجذر: ردّ
الحالة: معرب"
فليمدد,"الكلمة: فليمدد
الصنف الصرفي: فعل مضارع
الجذر: مدد
الحالة: معرب"
فسيعلمون,"الكلمة: فسيعلمون
الصنف الصرفي: فعل مضارع
الجذر: علم
الحالة: معرب"
وأضعف,"الكلمة: وأضعف
الصنف الصرفي: صفة مقارنة
الجذر: ضعف
الحالة: معرب"
سيكفرون,"الكلمة: سيكفرون
الصنف الصرفي: فعل مضارع
الجذر: كفر
الحالة: معرب"
بعبادتهم,"الكلمة: بعبادتهم
الصنف الصرفي: مصدر
الجذر: عبد
الحالة: معرب"
الشفاعة,"الكلمة: الشفاعة
الصنف الصرفي: مصدر
الجذر: شفع
الحالة: معرب"
يتفطرن,"الكلمة: يتفطرن
الصنف الصرفي: فعل مضارع
الجذر: فطر
الحالة: مبني"
وتنشق,"الكلمة: وتنشق
الصنف الصرفي: فعل مضارع
الجذر: نشق
الحالة: معرب"
ينبغي,"الكلمة: ينبغي
الصنف الصرفي: فعل مضارع
الجذر: نبغ
الحالة: معرب"
أحصاهم,"الكلمة: أحصاهم
الصنف الصرفي: فعل ماض
الجذر: حصص
الحالة: مبني"
وعدهم,"الكلمة: وعدهم
الصنف الصرفي: فعل ماض
الجذر: عدد
الحالة: مبني"
وكلهم,"الكلمة: وكلهم
الصنف الصرفي: اسم مجرد
الجذر: كلل
الحالة: معرب"
سيجعل,"الكلمة: سيجعل
الصنف الصرفي: فعل مضارع
الجذر: جعل
الحالة: معرب"
بلسانك,"الكلمة: بلسانك
الصنف الصرفي: اسم محسوس
الجذر: بلس
الحالة: معرب"
لتبشر,"الكلمة: لتبشر
الصنف الصرفي: فعل مضارع
الجذر: بشر
الحالة: معرب"
وتنذر,"الكلمة: وتنذر
الصنف الصرفي: فعل مضارع
الجذر: نذر
الحالة: معرب"
لتشقى,"الكلمة: لتشقى
الصنف الصرفي: فعل مضارع
الجذر: شقق
الحالة: معرب"
تذكرة,"الكلمة: تذكرة
الصنف الصرفي: اسم مجرد
الجذر: ذكر
الحالة: معرب"
وأخفى,"الكلمة: وأخفى
الصنف الصرفي: صفة مقارنة
الجذر: خفّ
الحالة: معرب"
وهل,"الكلمة: وهل
الصنف الصرفي: أداة استفهام
الجذر: هل
الحالة: مبني"
فاخلع,"الكلمة: فاخلع
الصنف الصرفي: فعل أمر
الجذر: خلع
الحالة: مبني"
نعليك,"الكلمة: نعليك
الصنف الصرفي: اسم محسوس
الجذر: نعل
الحالة: معرب"
المقدس,"الكلمة: المقدس
الصنف الصرفي: اسم مفعول
الجذر: قدس
الحالة: معرب"
فاستمع,"الكلمة: فاستمع
الصنف الصرفي: فعل أمر
الجذر: سمع
الحالة: مبني"
لذكري,"الكلمة: لذكري
الصنف الصرفي: مصدر
الجذر: ذكر
الحالة: معرب"
أخفيها,"الكلمة: أخفيها
الصنف الصرفي: فعل مضارع
الجذر: خفّ
الحالة: معرب"
لتجزى,"الكلمة: لتجزى
الصنف الصرفي: IV_PASS
الجذر: جزز
الحالة: معرب"
تسعى,"الكلمة: تسعى
الصنف الصرفي: فعل مضارع
الجذر: تسع
الحالة: معرب"
فتردى,"الكلمة: فتردى
الصنف الصرفي: فعل مضارع
الجذر: ردد
الحالة: معرب"
ولي,"الكلمة: ولي
الصنف الصرفي: اسم محسوس
الجذر: ل
الحالة: مبني"
فألقاها,"الكلمة: فألقاها
الصنف الصرفي: فعل ماض
الجذر: فلق
الحالة: مبني"
الكبرى,"الكلمة: الكبرى
الصنف الصرفي: صفة مقارنة
الجذر: كبر
الحالة: معرب"
واحلل,"الكلمة: واحلل
الصنف الصرفي: فعل أمر
الجذر: حلل
الحالة: مبني"
لساني,"الكلمة: لساني
الصنف الصرفي: اسم محسوس
الجذر: لسن
الحالة: معرب"
يفقهوا,"الكلمة: يفقهوا
الصنف الصرفي: فعل مضارع
الجذر: فقه
الحالة: معرب"
وأشركه,"الكلمة: وأشركه
الصنف الصرفي: فعل أمر
الجذر: شرك
الحالة: مبني"
نسبحك,"الكلمة: نسبحك
الصنف الصرفي: فعل مضارع
الجذر: سبح
الحالة: معرب"
ونذكرك,"الكلمة: ونذكرك
الصنف الصرفي: فعل ماض
الجذر: ذكر
الحالة: معرب"
بالساحل,"الكلمة: بالساحل
الصنف الصرفي: اسم محسوس
الجذر: سحل
الحالة: معرب"
ولتصنع,"الكلمة: ولتصنع
الصنف الصرفي: فعل مضارع
الجذر: صنع
الحالة: معرب"
أدلكم,"الكلمة: أدلكم
الصنف الصرفي: فعل مضارع
الجذر: دلل
الحالة: معرب"
يكفله,"الكلمة: يكفله
الصنف الصرفي: فعل مضارع
الجذر: كفل
الحالة: معرب"
فرجعناك,"الكلمة: فرجعناك
الصنف الصرفي: فعل ماض
الجذر: رجع
الحالة: مبني"
وقتلت,"الكلمة: وقتلت
الصنف الصرفي: فعل ماض
الجذر: قتل
الحالة: مبني"
وفتناك,"الكلمة: وفتناك
الصنف الصرفي: فعل ماض
الجذر: فتن
الحالة: مبني"
فتونا,"الكلمة: فتونا
الصنف الصرفي: مصدر
الجذر: فتت
الحالة: معرب"
فلبثت,"الكلمة: فلبثت
الصنف الصرفي: فعل ماض
الجذر: لبث
الحالة: مبني"
واصطنعتك,"الكلمة: واصطنعتك
الصنف الصرفي: فعل ماض
الجذر: صنع
الحالة: مبني"
اذهبا,"الكلمة: اذهبا
الصنف الصرفي: فعل أمر
الجذر: ذهب
الحالة: مبني"
لينا,"الكلمة: لينا
الصنف الصرفي: صفة نوعية
الجذر: NTWS
الحالة: معرب"
معكما,"الكلمة: معكما
الصنف الصرفي: اسم مجرد
الجذر: مع
الحالة: معرب"
وأرى,"الكلمة: وأرى
الصنف الصرفي: فعل مضارع
الجذر: NTWS
الحالة: معرب"
أنعامكم,"الكلمة: أنعامكم
الصنف الصرفي: اسم محسوس
الجذر: نعم
الحالة: معرب"
نخرجكم,"الكلمة: نخرجكم
الصنف الصرفي: فعل مضارع
الجذر: خرج
الحالة: معرب"
وأبى,"الكلمة: وأبى
الصنف الصرفي: فعل ماض
الجذر: NTWS
الحالة: مبني"
لتخرجنا,"الكلمة: لتخرجنا
الصنف الصرفي: فعل مضارع
الجذر: خرج
الحالة: معرب"
بسحرك,"الكلمة: بسحرك
الصنف الصرفي: مصدر
الجذر: سحر
الحالة: معرب"
نخلفه,"الكلمة: نخلفه
الصنف الصرفي: فعل مضارع
الجذر: خلف
الحالة: معرب"
ويلكم,"الكلمة: ويلكم
الصنف الصرفي: اسم مجرد
الجذر: لكم
الحالة: معرب"
تفتروا,"الكلمة: تفتروا
الصنف الصرفي: فعل مضارع
الجذر: فتر
الحالة: معرب"
فتنازعوا,"الكلمة: فتنازعوا
الصنف الصرفي: فعل ماض
الجذر: نزع
الحالة: مبني"
هذان,"الكلمة: هذان
الصنف الصرفي: اسم إشارة
الجذر: ه"
لساحران,"الكلمة: لساحران
الصنف الصرفي: اسم فاعل
الجذر: سحر
الحالة: معرب"
يخرجاكم,"الكلمة: يخرجاكم
الصنف الصرفي: فعل مضارع
الجذر: خرج
الحالة: معرب"
بسحرهما,"الكلمة: بسحرهما
الصنف الصرفي: مصدر
الجذر: سحر
الحالة: معرب"
ويذهبا,"الكلمة: ويذهبا
الصنف الصرفي: فعل مضارع
الجذر: ذهب
الحالة: معرب"
بطريقتكم,"الكلمة: بطريقتكم
الصنف الصرفي: اسم مجرد
الجذر: طرق
الحالة: معرب"
المثلى,"الكلمة: المثلى
الصنف الصرفي: صفة مقارنة
الجذر: مثل
الحالة: معرب"
حبالهم,"الكلمة: حبالهم
الصنف الصرفي: اسم محسوس
الجذر: حبل
الحالة: معرب"
سحرهم,"الكلمة: سحرهم
الصنف الصرفي: مصدر
الجذر: سحر
الحالة: معرب"
الساحر,"الكلمة: الساحر
الصنف الصرفي: اسم فاعل
الجذر: سحر
الحالة: معرب"
فألقي,"الكلمة: فألقي
الصنف الصرفي: فعل ماض مجهول
الجذر: فلق
الحالة: مبني"
لكبيركم,"الكلمة: لكبيركم
الصنف الصرفي: صفة نوعية
الجذر: كبر
الحالة: معرب"
ولتعلمن,"الكلمة: ولتعلمن
الصنف الصرفي: فعل مضارع
الجذر: علم
الحالة: معرب"
أينا,"الكلمة: أينا
الصنف الصرفي: أداة استفهام
الجذر: ّن"
فطرنا,"الكلمة: فطرنا
الصنف الصرفي: فعل ماض
الجذر: فطر
الحالة: مبني"
بربنا,"الكلمة: بربنا
الصنف الصرفي: اسم محسوس
الجذر: ربب
الحالة: معرب"
أكرهتنا,"الكلمة: أكرهتنا
الصنف الصرفي: فعل ماض
الجذر: كره
الحالة: مبني"
مجرما,"الكلمة: مجرما
الصنف الصرفي: اسم فاعل
الجذر: جرم
الحالة: معرب"
الدرجات,"الكلمة: الدرجات
الصنف الصرفي: اسم مجرد
الجذر: درج
الحالة: معرب"
بعبادي,"الكلمة: بعبادي
الصنف الصرفي: اسم محسوس
الجذر: عبد
الحالة: معرب"
فاضرب,"الكلمة: فاضرب
الصنف الصرفي: فعل أمر
الجذر: ضرب
الحالة: مبني"
دركا,"الكلمة: دركا
الصنف الصرفي: اسم مجرد
الجذر: NTWS
الحالة: معرب"
بجنوده,"الكلمة: بجنوده
الصنف الصرفي: اسم منسوب
الجذر: جند
الحالة: معرب"
لغفار,"الكلمة: لغفار
الصنف الصرفي: صفة مبالغة
الجذر: غفر
الحالة: معرب"
أعجلك,"الكلمة: أعجلك
الصنف الصرفي: فعل ماض
الجذر: عجل
الحالة: مبني"
لترضي,"الكلمة: لترضي
الصنف الصرفي: فعل مضارع
الجذر: رضض
الحالة: معرب"
وأضلهم,"الكلمة: وأضلهم
الصنف الصرفي: فعل ماض
الجذر: ضلل
الحالة: مبني"
السامري,"الكلمة: السامري
الصنف الصرفي: اسم علم
الجذر: سمر
الحالة: معرب"
العهد,"الكلمة: العهد
الصنف الصرفي: اسم مجرد
الجذر: عهد
الحالة: معرب"
فأخلفتم,"الكلمة: فأخلفتم
الصنف الصرفي: فعل ماض
الجذر: خلف
الحالة: مبني"
أخلفنا,"الكلمة: أخلفنا
الصنف الصرفي: فعل ماض
الجذر: خلف
الحالة: مبني"
بملكنا,"الكلمة: بملكنا
الصنف الصرفي: اسم مجرد
الجذر: ملك
الحالة: معرب"
ولكننا,"الكلمة: ولكننا
الصنف الصرفي: حرف ناسخ
الجذر: لكن
الحالة: مبني"
فقذفناها,"الكلمة: فقذفناها
الصنف الصرفي: فعل ماض
الجذر: قذف
الحالة: مبني"
فكذلك,"الكلمة: فكذلك
الصنف الصرفي: اسم إشارة
الجذر: كذلك"
فتنتم,"الكلمة: فتنتم
الصنف الصرفي: فعل ماض مجهول
الجذر: فتن
الحالة: مبني"
عاكفين,"الكلمة: عاكفين
الصنف الصرفي: اسم فاعل
الجذر: عكف
الحالة: معرب"
هارون,"الكلمة: هارون
الصنف الصرفي: اسم علم أعجمي
الجذر: NTWS
الحالة: مبني"
تتبعن,"الكلمة: تتبعن
الصنف الصرفي: فعل مضارع
الجذر: تبع
الحالة: مبني"
سامري,"الكلمة: سامري
الصنف الصرفي: اسم علم أعجمي
الجذر: سمر
الحالة: مبني"
يبصروا,"الكلمة: يبصروا
الصنف الصرفي: فعل مضارع
الجذر: بصر
الحالة: معرب"
فقبضت,"الكلمة: فقبضت
الصنف الصرفي: فعل ماض
الجذر: قبض
الحالة: مبني"
فنبذتها,"الكلمة: فنبذتها
الصنف الصرفي: فعل ماض
الجذر: نبذ
الحالة: مبني"
تخلفه,"الكلمة: تخلفه
الصنف الصرفي: IV_PASS
الجذر: خلف
الحالة: معرب"
عاكفا,"الكلمة: عاكفا
الصنف الصرفي: اسم فاعل
الجذر: عكف
الحالة: معرب"
ونحشر,"الكلمة: ونحشر
الصنف الصرفي: فعل مضارع
الجذر: حشر
الحالة: معرب"
أمثلهم,"الكلمة: أمثلهم
الصنف الصرفي: صفة مقارنة
الجذر: مثل
الحالة: معرب"
ينسفها,"الكلمة: ينسفها
الصنف الصرفي: فعل مضارع
الجذر: نسف
الحالة: معرب"
فيذرها,"الكلمة: فيذرها
الصنف الصرفي: فعل مضارع
الجذر: ذرر
الحالة: معرب"
وخشعت,"الكلمة: وخشعت
الصنف الصرفي: فعل ماض
الجذر: خشع
الحالة: مبني"
وصرفنا,"الكلمة: وصرفنا
الصنف الصرفي: فعل ماض
الجذر: صرف
الحالة: مبني"
الملك,"الكلمة: الملك
الصنف الصرفي: اسم علم
الجذر: ملك"
بالقرآن,"الكلمة: بالقرآن
الصنف الصرفي: اسم محسوس
الجذر: قرن
الحالة: معرب"
عهدنا,"الكلمة: عهدنا
الصنف الصرفي: فعل ماض
الجذر: عهد
الحالة: مبني"
يخرجنكما,"الكلمة: يخرجنكما
الصنف الصرفي: فعل مضارع
الجذر: خرج
الحالة: مبني"
فتشقى,"الكلمة: فتشقى
الصنف الصرفي: فعل مضارع
الجذر: شقق
الحالة: معرب"
فأكلا,"الكلمة: فأكلا
الصنف الصرفي: فعل ماض
الجذر: كلل
الحالة: مبني"
اهبطا,"الكلمة: اهبطا
الصنف الصرفي: فعل أمر
الجذر: هبط
الحالة: مبني"
ونحشره,"الكلمة: ونحشره
الصنف الصرفي: فعل مضارع
الجذر: حشر
الحالة: معرب"
حشرتني,"الكلمة: حشرتني
الصنف الصرفي: فعل ماض
الجذر: حشر
الحالة: مبني"
تنسى,"الكلمة: تنسى
الصنف الصرفي: IV_PASS
الجذر: NTWS
الحالة: معرب"
مساكنهم,"الكلمة: مساكنهم
الصنف الصرفي: اسم زمان أو مكان
الجذر: سكن
الحالة: معرب"
لزاما,"الكلمة: لزاما
الصنف الصرفي: مصدر
الجذر: لزم
الحالة: معرب"
غروبها,"الكلمة: غروبها
الصنف الصرفي: مصدر
الجذر: غرب
الحالة: معرب"
وأطراف,"الكلمة: وأطراف
الصنف الصرفي: اسم محسوس
الجذر: طرف
الحالة: معرب"
لنفتنهم,"الكلمة: لنفتنهم
الصنف الصرفي: فعل مضارع
الجذر: فتن
الحالة: معرب"
نرزقك,"الكلمة: نرزقك
الصنف الصرفي: فعل مضارع
الجذر: رزق
الحالة: معرب"
فنتبع,"الكلمة: فنتبع
الصنف الصرفي: فعل مضارع
الجذر: تبع
الحالة: معرب"
ونخزى,"الكلمة: ونخزى
الصنف الصرفي: فعل مضارع
الجذر: نخز
الحالة: معرب"
متربص,"الكلمة: متربص
الصنف الصرفي: اسم فاعل
الجذر: ربص
الحالة: معرب"
فستعلمون,"الكلمة: فستعلمون
الصنف الصرفي: فعل مضارع
الجذر: علم
الحالة: معرب"
استمعوه,"الكلمة: استمعوه
الصنف الصرفي: فعل ماض
الجذر: سمع
الحالة: مبني"
تبصرون,"الكلمة: تبصرون
الصنف الصرفي: فعل مضارع
الجذر: بصر"
جعلناهم,"الكلمة: جعلناهم
الصنف الصرفي: فعل ماض
الجذر: جعل
الحالة: مبني"
صدقناهم,"الكلمة: صدقناهم
الصنف الصرفي: فعل ماض
الجذر: صدق
الحالة: مبني"
وأهلكنا,"الكلمة: وأهلكنا
الصنف الصرفي: فعل ماض
الجذر: هلك
الحالة: مبني"
ذكركم,"الكلمة: ذكركم
الصنف الصرفي: مصدر
الجذر: ذكر
الحالة: معرب"
قصمنا,"الكلمة: قصمنا
الصنف الصرفي: فعل ماض
الجذر: قصم
الحالة: مبني"
أحسوا,"الكلمة: أحسوا
الصنف الصرفي: فعل ماض
الجذر: حسس
الحالة: مبني"
يركضون,"الكلمة: يركضون
الصنف الصرفي: فعل مضارع
الجذر: ركض"
تركضوا,"الكلمة: تركضوا
الصنف الصرفي: فعل مضارع
الجذر: ركض
الحالة: معرب"
وارجعوا,"الكلمة: وارجعوا
الصنف الصرفي: فعل أمر
الجذر: رجع
الحالة: مبني"
أترفتم,"الكلمة: أترفتم
الصنف الصرفي: فعل ماض مجهول
الجذر: ترف
الحالة: مبني"
ومساكنكم,"الكلمة: ومساكنكم
الصنف الصرفي: اسم زمان أو مكان
الجذر: سكن
الحالة: معرب"
خامدين,"الكلمة: خامدين
الصنف الصرفي: اسم فاعل
الجذر: خمد
الحالة: معرب"
لاعبين,"الكلمة: لاعبين
الصنف الصرفي: اسم فاعل
الجذر: لعب
الحالة: معرب"
فيدمغه,"الكلمة: فيدمغه
الصنف الصرفي: فعل مضارع
الجذر: دمغ
الحالة: معرب"
يسبحون,"الكلمة: يسبحون
الصنف الصرفي: فعل مضارع
الجذر: سبح"
ينشرون,"الكلمة: ينشرون
الصنف الصرفي: فعل مضارع
الجذر: نشر"
لفسدتا,"الكلمة: لفسدتا
الصنف الصرفي: فعل ماض
الجذر: فسد
الحالة: مبني"
فسبحان,"الكلمة: فسبحان
الصنف الصرفي: مصدر
الجذر: سبح
الحالة: معرب"
مكرمون,"الكلمة: مكرمون
الصنف الصرفي: اسم مفعول
الجذر: كرم
الحالة: معرب"
يسبقونه,"الكلمة: يسبقونه
الصنف الصرفي: فعل مضارع
الجذر: سبق
الحالة: معرب"
يشفعون,"الكلمة: يشفعون
الصنف الصرفي: فعل مضارع
الجذر: شفع"
مشفقون,"الكلمة: مشفقون
الصنف الصرفي: اسم فاعل
الجذر: شفق
الحالة: معرب"
ففتقناهما,"الكلمة: ففتقناهما
الصنف الصرفي: فعل ماض
الجذر: فتق
الحالة: مبني"
فجاجا,"الكلمة: فجاجا
الصنف الصرفي: اسم مجرد
الجذر: فجج
الحالة: معرب"
محفوظا,"الكلمة: محفوظا
الصنف الصرفي: اسم مفعول
الجذر: حفظ
الحالة: معرب"
فلك,"الكلمة: فلك
الصنف الصرفي: اسم محسوس
الجذر: ل
الحالة: معرب"
الخالدون,"الكلمة: الخالدون
الصنف الصرفي: اسم فاعل
الجذر: خلد
الحالة: معرب"
ونبلوكم,"الكلمة: ونبلوكم
الصنف الصرفي: فعل مضارع
الجذر: نبل
الحالة: معرب"
تستعجلون,"الكلمة: تستعجلون
الصنف الصرفي: فعل مضارع
الجذر: عجل
الحالة: معرب"
يكفون,"الكلمة: يكفون
الصنف الصرفي: فعل مضارع
الجذر: كفف"
فتبهتهم,"الكلمة: فتبهتهم
الصنف الصرفي: فعل مضارع
الجذر: بهت
الحالة: معرب"
تمنعهم,"الكلمة: تمنعهم
الصنف الصرفي: فعل مضارع
الجذر: منع
الحالة: معرب"
دوننا,"الكلمة: دوننا
الصنف الصرفي: اسم مجرد
الجذر: دن
الحالة: معرب"
يصحبون,"الكلمة: يصحبون
الصنف الصرفي: IV_PASS
الجذر: صحب"
أنذركم,"الكلمة: أنذركم
الصنف الصرفي: فعل مضارع
الجذر: نذر
الحالة: معرب"
ينذرون,"الكلمة: ينذرون
الصنف الصرفي: فعل مضارع
الجذر: نذر"
القسط,"الكلمة: القسط
الصنف الصرفي: اسم مجرد
الجذر: قسط
الحالة: معرب"
حاسبين,"الكلمة: حاسبين
الصنف الصرفي: اسم فاعل
الجذر: حسب
الحالة: معرب"
وذكرا,"الكلمة: وذكرا
الصنف الصرفي: مصدر
الجذر: ذكر
الحالة: معرب"
رشده,"الكلمة: رشده
الصنف الصرفي: مصدر
الجذر: رشدة
الحالة: معرب"
عالمين,"الكلمة: عالمين
الصنف الصرفي: اسم فاعل
الجذر: علم
الحالة: معرب"
التماثيل,"الكلمة: التماثيل
الصنف الصرفي: اسم محسوس
الجذر: مثل
الحالة: معرب"
عابدين,"الكلمة: عابدين
الصنف الصرفي: اسم فاعل
الجذر: عبد
الحالة: معرب"
اللاعبين,"الكلمة: اللاعبين
الصنف الصرفي: اسم فاعل
الجذر: لعب
الحالة: معرب"
فطرهن,"الكلمة: فطرهن
الصنف الصرفي: فعل ماض
الجذر: فطر
الحالة: مبني"
أصنامكم,"الكلمة: أصنامكم
الصنف الصرفي: اسم محسوس
الجذر: صنم
الحالة: معرب"
فجعلهم,"الكلمة: فجعلهم
الصنف الصرفي: فعل ماض
الجذر: جعل
الحالة: مبني"
يذكرهم,"الكلمة: يذكرهم
الصنف الصرفي: فعل مضارع
الجذر: ذكر
الحالة: معرب"
ينطقون,"الكلمة: ينطقون
الصنف الصرفي: فعل مضارع
الجذر: نطق"
فرجعوا,"الكلمة: فرجعوا
الصنف الصرفي: فعل ماض
الجذر: رجع
الحالة: مبني"
نكسوا,"الكلمة: نكسوا
الصنف الصرفي: فعل ماض مجهول
الجذر: نكس
الحالة: مبني"
حرقوه,"الكلمة: حرقوه
الصنف الصرفي: فعل أمر
الجذر: حرق
الحالة: مبني"
وسلاما,"الكلمة: وسلاما
الصنف الصرفي: مصدر
الجذر: سلم
الحالة: معرب"
فجعلناهم,"الكلمة: فجعلناهم
الصنف الصرفي: فعل ماض
الجذر: جعل
الحالة: مبني"
وأدخلناه,"الكلمة: وأدخلناه
الصنف الصرفي: فعل ماض
الجذر: دخل
الحالة: مبني"
الكرب,"الكلمة: الكرب
الصنف الصرفي: مصدر
الجذر: كرب
الحالة: معرب"
ونصرناه,"الكلمة: ونصرناه
الصنف الصرفي: فعل ماض
الجذر: نصر
الحالة: مبني"
وداوود,"الكلمة: وداوود
الصنف الصرفي: اسم علم أعجمي
الجذر: NTWS
الحالة: معرب"
يحكمان,"الكلمة: يحكمان
الصنف الصرفي: فعل مضارع
الجذر: حكم"
لحكمهم,"الكلمة: لحكمهم
الصنف الصرفي: مصدر
الجذر: حكم
الحالة: معرب"
ففهمناها,"الكلمة: ففهمناها
الصنف الصرفي: فعل ماض
الجذر: فهم
الحالة: مبني"
وسخرنا,"الكلمة: وسخرنا
الصنف الصرفي: فعل ماض
الجذر: سخر
الحالة: مبني"
يسبحن,"الكلمة: يسبحن
الصنف الصرفي: فعل مضارع
الجذر: سبح
الحالة: مبني"
لتحصنكم,"الكلمة: لتحصنكم
الصنف الصرفي: فعل مضارع
الجذر: حصن
الحالة: معرب"
شاكرون,"الكلمة: شاكرون
الصنف الصرفي: اسم فاعل
الجذر: شكر
الحالة: معرب"
ولسليمان,"الكلمة: ولسليمان
الصنف الصرفي: اسم علم أعجمي
الجذر: NTWS
الحالة: معرب"
ويعملون,"الكلمة: ويعملون
الصنف الصرفي: فعل مضارع
الجذر: عمل
الحالة: معرب"
فكشفنا,"الكلمة: فكشفنا
الصنف الصرفي: فعل ماض
الجذر: كشف
الحالة: مبني"
ومثلهم,"الكلمة: ومثلهم
الصنف الصرفي: اسم مجرد
الجذر: مثل
الحالة: معرب"
وذا,"الكلمة: وذا
الصنف الصرفي: اسم من الأسماء الخمسة
الجذر: ذ
الحالة: معرب"
الكفل,"الكلمة: الكفل
الصنف الصرفي: مصدر
الجذر: كفل
الحالة: معرب"
وأدخلناهم,"الكلمة: وأدخلناهم
الصنف الصرفي: فعل ماض
الجذر: دخل
الحالة: مبني"
تذرني,"الكلمة: تذرني
الصنف الصرفي: فعل مضارع
الجذر: ذرر
الحالة: معرب"
وأصلحنا,"الكلمة: وأصلحنا
الصنف الصرفي: فعل ماض
الجذر: صلح
الحالة: مبني"
ويدعوننا,"الكلمة: ويدعوننا
الصنف الصرفي: فعل مضارع
الجذر: دعع
الحالة: معرب"
ورهبا,"الكلمة: ورهبا
الصنف الصرفي: مصدر
الجذر: رهب
الحالة: معرب"
أحصنت,"الكلمة: أحصنت
الصنف الصرفي: فعل ماض
الجذر: حصن
الحالة: مبني"
فرجها,"الكلمة: فرجها
الصنف الصرفي: اسم محسوس
الجذر: فرج
الحالة: معرب"
فنفخنا,"الكلمة: فنفخنا
الصنف الصرفي: فعل ماض
الجذر: نفخ
الحالة: مبني"
وجعلناها,"الكلمة: وجعلناها
الصنف الصرفي: فعل ماض
الجذر: جعل
الحالة: مبني"
وتقطعوا,"الكلمة: وتقطعوا
الصنف الصرفي: فعل ماض
الجذر: قطع
الحالة: مبني"
كفران,"الكلمة: كفران
الصنف الصرفي: مصدر
الجذر: كفر
الحالة: مبني"
كاتبون,"الكلمة: كاتبون
الصنف الصرفي: اسم فاعل
الجذر: كتب
الحالة: معرب"
وحرام,"الكلمة: وحرام
الصنف الصرفي: اسم مجرد
الجذر: حرم
الحالة: معرب"
فتحت,"الكلمة: فتحت
الصنف الصرفي: فعل ماض مجهول
الجذر: تحت
الحالة: مبني"
ينسلون,"الكلمة: ينسلون
الصنف الصرفي: فعل مضارع
الجذر: نسل"
واقترب,"الكلمة: واقترب
الصنف الصرفي: فعل ماض
الجذر: قرب
الحالة: مبني"
شاخصة,"الكلمة: شاخصة
الصنف الصرفي: اسم فاعل
الجذر: شخص
الحالة: معرب"
أبصار,"الكلمة: أبصار
الصنف الصرفي: اسم محسوس
الجذر: بصر
الحالة: معرب"
وردوها,"الكلمة: وردوها
الصنف الصرفي: فعل ماض
الجذر: ردد
الحالة: مبني"
مبعدون,"الكلمة: مبعدون
الصنف الصرفي: اسم مفعول
الجذر: بعد
الحالة: معرب"
حسيسها,"الكلمة: حسيسها
الصنف الصرفي: اسم مجرد
الجذر: حسس
الحالة: معرب"
يحزنهم,"الكلمة: يحزنهم
الصنف الصرفي: فعل مضارع
الجذر: حزن
الحالة: معرب"
الفزع,"الكلمة: الفزع
الصنف الصرفي: مصدر
الجذر: فزع
الحالة: معرب"
السجل,"الكلمة: السجل
الصنف الصرفي: اسم محسوس
الجذر: سجل
الحالة: معرب"
بدأنا,"الكلمة: بدأنا
الصنف الصرفي: فعل ماض
الجذر: بدد
الحالة: مبني"
الزبور,"الكلمة: الزبور
الصنف الصرفي: اسم علم
الجذر: زبر
الحالة: معرب"
لبلاغا,"الكلمة: لبلاغا
الصنف الصرفي: مصدر
الجذر: بلغ
الحالة: معرب"
ومتاع,"الكلمة: ومتاع
الصنف الصرفي: اسم مجرد
الجذر: متع
الحالة: معرب"
مرضعة,"الكلمة: مرضعة
الصنف الصرفي: اسم فاعل
الجذر: رضع
الحالة: معرب"
أرضعت,"الكلمة: أرضعت
الصنف الصرفي: فعل ماض
الجذر: رضع
الحالة: مبني"
حملها,"الكلمة: حملها
الصنف الصرفي: مصدر
الجذر: حمل
الحالة: معرب"
بسكارى,"الكلمة: بسكارى
الصنف الصرفي: صفة مبالغة
الجذر: سكر
الحالة: معرب"
السعير,"الكلمة: السعير
الصنف الصرفي: اسم محسوس
الجذر: سعر
الحالة: معرب"
لتبلغوا,"الكلمة: لتبلغوا
الصنف الصرفي: فعل مضارع
الجذر: بلغ
الحالة: معرب"
أشدكم,"الكلمة: أشدكم
الصنف الصرفي: اسم مجرد
الجذر: شدد
الحالة: معرب"
هامدة,"الكلمة: هامدة
الصنف الصرفي: اسم فاعل
الجذر: همد
الحالة: معرب"
اهتزت,"الكلمة: اهتزت
الصنف الصرفي: فعل ماض
الجذر: هزز
الحالة: مبني"
وأنبتت,"الكلمة: وأنبتت
الصنف الصرفي: فعل ماض
الجذر: بتت
الحالة: مبني"
القبور,"الكلمة: القبور
الصنف الصرفي: اسم محسوس
الجذر: قبر
الحالة: معرب"
انقلب,"الكلمة: انقلب
الصنف الصرفي: فعل ماض
الجذر: قلب
الحالة: مبني"
ينفعه,"الكلمة: ينفعه
الصنف الصرفي: فعل مضارع
الجذر: نفع
الحالة: معرب"
العشير,"الكلمة: العشير
الصنف الصرفي: صفة نوعية
الجذر: عشر
الحالة: معرب"
ينصره,"الكلمة: ينصره
الصنف الصرفي: فعل مضارع
الجذر: نصر
الحالة: معرب"
والمجوس,"الكلمة: والمجوس
الصنف الصرفي: اسم منسوب
الجذر: مجس
الحالة: معرب"
والجبال,"الكلمة: والجبال
الصنف الصرفي: اسم محسوس
الجذر: جبل
الحالة: معرب"
والشجر,"الكلمة: والشجر
الصنف الصرفي: اسم محسوس
الجذر: شجر
الحالة: معرب"
والدواب,"الكلمة: والدواب
الصنف الصرفي: اسم محسوس
الجذر: دبب
الحالة: معرب"
خصمان,"الكلمة: خصمان
الصنف الصرفي: اسم محسوس
الجذر: خصم
الحالة: معرب"
اختصموا,"الكلمة: اختصموا
الصنف الصرفي: فعل ماض
الجذر: خصم
الحالة: مبني"
الحميم,"الكلمة: الحميم
الصنف الصرفي: اسم محسوس
الجذر: حمم
الحالة: معرب"
والجلود,"الكلمة: والجلود
الصنف الصرفي: اسم محسوس
الجذر: جلد
الحالة: معرب"
ولباسهم,"الكلمة: ولباسهم
الصنف الصرفي: اسم محسوس
الجذر: لبس
الحالة: معرب"
وهدوا,"الكلمة: وهدوا
الصنف الصرفي: فعل ماض مجهول
الجذر: هدد
الحالة: مبني"
العاكف,"الكلمة: العاكف
الصنف الصرفي: اسم فاعل
الجذر: عكف
الحالة: معرب"
والباد,"الكلمة: والباد
الصنف الصرفي: اسم فاعل
الجذر: لبد
الحالة: معرب"
بإلحاد,"الكلمة: بإلحاد
الصنف الصرفي: مصدر
الجذر: لحد
الحالة: معرب"
لإبراهيم,"الكلمة: لإبراهيم
الصنف الصرفي: اسم علم أعجمي
الجذر: NTWS
الحالة: معرب"
بالحج,"الكلمة: بالحج
الصنف الصرفي: مصدر
الجذر: حجج
الحالة: معرب"
ليشهدوا,"الكلمة: ليشهدوا
الصنف الصرفي: فعل مضارع
الجذر: شهد
الحالة: معرب"
منافع,"الكلمة: منافع
الصنف الصرفي: اسم مجرد
الجذر: نفع
الحالة: معرب"
ويذكروا,"الكلمة: ويذكروا
الصنف الصرفي: فعل مضارع
الجذر: ذكر
الحالة: معرب"
وأطعموا,"الكلمة: وأطعموا
الصنف الصرفي: فعل أمر
الجذر: طعم
الحالة: مبني"
الفقير,"الكلمة: الفقير
الصنف الصرفي: صفة نوعية
الجذر: فقر
الحالة: معرب"
ليقضوا,"الكلمة: ليقضوا
الصنف الصرفي: فعل مضارع
الجذر: قضض
الحالة: معرب"
نذورهم,"الكلمة: نذورهم
الصنف الصرفي: اسم مجرد
الجذر: نذر
الحالة: معرب"
حرمات,"الكلمة: حرمات
الصنف الصرفي: اسم مجرد
الجذر: حرم
الحالة: معرب"
وأحلت,"الكلمة: وأحلت
الصنف الصرفي: فعل ماض مجهول
الجذر: حلل
الحالة: مبني"
فاجتنبوا,"الكلمة: فاجتنبوا
الصنف الصرفي: فعل أمر
الجذر: جنب
الحالة: مبني"
حنفاء,"الكلمة: حنفاء
الصنف الصرفي: صفة نوعية
الجذر: حنف
الحالة: معرب"
فتخطفه,"الكلمة: فتخطفه
الصنف الصرفي: فعل مضارع
الجذر: خطف
الحالة: معرب"
محلها,"الكلمة: محلها
الصنف الصرفي: اسم زمان أو مكان
الجذر: حلل
الحالة: معرب"
منسكا,"الكلمة: منسكا
الصنف الصرفي: اسم زمان أو مكان
الجذر: نسك
الحالة: معرب"
أسلموا,"الكلمة: أسلموا
الصنف الصرفي: فعل أمر
الجذر: سلم
الحالة: مبني"
المخبتين,"الكلمة: المخبتين
الصنف الصرفي: اسم فاعل
الجذر: خبت
الحالة: معرب"
والبدن,"الكلمة: والبدن
الصنف الصرفي: اسم محسوس
الجذر: بدن
الحالة: معرب"
جعلناها,"الكلمة: جعلناها
الصنف الصرفي: فعل ماض
الجذر: جعل
الحالة: مبني"
جنوبها,"الكلمة: جنوبها
الصنف الصرفي: اسم مجرد
الجذر: جنب
الحالة: معرب"
القانع,"الكلمة: القانع
الصنف الصرفي: اسم فاعل
الجذر: قنع
الحالة: معرب"
والمعتر,"الكلمة: والمعتر
الصنف الصرفي: اسم مفعول
الجذر: عتر
الحالة: معرب"
سخرناها,"الكلمة: سخرناها
الصنف الصرفي: فعل ماض
الجذر: سخر
الحالة: مبني"
لحومها,"الكلمة: لحومها
الصنف الصرفي: اسم محسوس
الجذر: لحم
الحالة: معرب"
سخرها,"الكلمة: سخرها
الصنف الصرفي: فعل ماض
الجذر: سخر
الحالة: مبني"
لتكبروا,"الكلمة: لتكبروا
الصنف الصرفي: فعل مضارع
الجذر: كبر
الحالة: معرب"
يدافع,"الكلمة: يدافع
الصنف الصرفي: فعل مضارع
الجذر: دفع
الحالة: معرب"
خوان,"الكلمة: خوان
الصنف الصرفي: صفة مبالغة
الجذر: NTWS
الحالة: معرب"
نصرهم,"الكلمة: نصرهم
الصنف الصرفي: مصدر
الجذر: نصر
الحالة: معرب"
لقدير,"الكلمة: لقدير
الصنف الصرفي: صفة نوعية
الجذر: قدر
الحالة: معرب"
اخرجوا,"الكلمة: اخرجوا
الصنف الصرفي: فعل ماض مجهول
الجذر: خرج
الحالة: مبني"
لهدمت,"الكلمة: لهدمت
الصنف الصرفي: فعل ماض مجهول
الجذر: هدم
الحالة: مبني"
ومساجد,"الكلمة: ومساجد
الصنف الصرفي: اسم زمان أو مكان
الجذر: سجد
الحالة: معرب"
ولينصرن,"الكلمة: ولينصرن
الصنف الصرفي: فعل مضارع
الجذر: نصر
الحالة: مبني"
وأمروا,"الكلمة: وأمروا
الصنف الصرفي: فعل أمر
الجذر: مرر
الحالة: مبني"
يكذبوك,"الكلمة: يكذبوك
الصنف الصرفي: فعل مضارع
الجذر: كذب
الحالة: مبني"
معطلة,"الكلمة: معطلة
الصنف الصرفي: اسم مفعول
الجذر: عطل
الحالة: معرب"
بالعذاب,"الكلمة: بالعذاب
الصنف الصرفي: اسم مجرد
الجذر: عذب
الحالة: معرب"
تعدون,"الكلمة: تعدون
الصنف الصرفي: فعل مضارع
الجذر: عدد"
فينسخ,"الكلمة: فينسخ
الصنف الصرفي: فعل مضارع
الجذر: نسخ
الحالة: معرب"
فتخبت,"الكلمة: فتخبت
الصنف الصرفي: فعل مضارع
الجذر: خبت
الحالة: معرب"
ليرزقنهم,"الكلمة: ليرزقنهم
الصنف الصرفي: فعل مضارع
الجذر: رزق
الحالة: مبني"
ليدخلنهم,"الكلمة: ليدخلنهم
الصنف الصرفي: فعل مضارع
الجذر: دخل
الحالة: مبني"
يرضونه,"الكلمة: يرضونه
الصنف الصرفي: فعل مضارع
الجذر: رضض
الحالة: معرب"
لعليم,"الكلمة: لعليم
الصنف الصرفي: صفة نوعية
الجذر: علم
الحالة: معرب"
لينصرنه,"الكلمة: لينصرنه
الصنف الصرفي: فعل مضارع
الجذر: نصر
الحالة: مبني"
مخضرة,"الكلمة: مخضرة
الصنف الصرفي: اسم مفعول
الجذر: خضر
الحالة: معرب"
ويمسك,"الكلمة: ويمسك
الصنف الصرفي: فعل مضارع
الجذر: مسس
الحالة: معرب"
ينازعنك,"الكلمة: ينازعنك
الصنف الصرفي: فعل مضارع
الجذر: نزع
الحالة: معرب"
جادلوك,"الكلمة: جادلوك
الصنف الصرفي: فعل ماض
الجذر: جدل
الحالة: مبني"
يخلقوا,"الكلمة: يخلقوا
الصنف الصرفي: فعل مضارع
الجذر: خلق
الحالة: معرب"
ذبابا,"الكلمة: ذبابا
الصنف الصرفي: اسم محسوس
الجذر: ذبب
الحالة: معرب"
اجتمعوا,"الكلمة: اجتمعوا
الصنف الصرفي: فعل ماض
الجذر: جمع
الحالة: معرب"
يسلبهم,"الكلمة: يسلبهم
الصنف الصرفي: فعل مضارع
الجذر: سلب
الحالة: معرب"
الذباب,"الكلمة: الذباب
الصنف الصرفي: اسم محسوس
الجذر: ذبب
الحالة: معرب"
يستنقذوه,"الكلمة: يستنقذوه
الصنف الصرفي: فعل مضارع
الجذر: نقذ
الحالة: معرب"
الطالب,"الكلمة: الطالب
الصنف الصرفي: اسم فاعل
الجذر: طلب
الحالة: معرب"
والمطلوب,"الكلمة: والمطلوب
الصنف الصرفي: اسم مفعول
الجذر: طلب
الحالة: معرب"
اركعوا,"الكلمة: اركعوا
الصنف الصرفي: فعل أمر
الجذر: ركع
الحالة: مبني"
جهاده,"الكلمة: جهاده
الصنف الصرفي: مصدر
الجذر: جهد
الحالة: معرب"
سماكم,"الكلمة: سماكم
الصنف الصرفي: فعل ماض
الجذر: سمم
الحالة: مبني"
فاعلون,"الكلمة: فاعلون
الصنف الصرفي: اسم فاعل
الجذر: فعل
الحالة: معرب"
لفروجهم,"الكلمة: لفروجهم
الصنف الصرفي: اسم محسوس
الجذر: فرج
الحالة: معرب"
وعهدهم,"الكلمة: وعهدهم
الصنف الصرفي: اسم مجرد
الجذر: عهد
الحالة: معرب"
سلالة,"الكلمة: سلالة
الصنف الصرفي: اسم محسوس
الجذر: سلل
الحالة: معرب"
النطفة,"الكلمة: النطفة
الصنف الصرفي: اسم محسوس
الجذر: نطف
الحالة: معرب"
فخلقنا,"الكلمة: فخلقنا
الصنف الصرفي: فعل ماض
الجذر: خلق
الحالة: مبني"
العلقة,"الكلمة: العلقة
الصنف الصرفي: اسم محسوس
الجذر: علق
الحالة: معرب"
المضغة,"الكلمة: المضغة
الصنف الصرفي: اسم محسوس
الجذر: مضغ
الحالة: معرب"
فتبارك,"الكلمة: فتبارك
الصنف الصرفي: فعل ماض
الجذر: تبر
الحالة: مبني"
الخالقين,"الكلمة: الخالقين
الصنف الصرفي: اسم فاعل
الجذر: خلق
الحالة: معرب"
تبعثون,"الكلمة: تبعثون
الصنف الصرفي: IV_PASS
الجذر: بعث"
طرائق,"الكلمة: طرائق
الصنف الصرفي: اسم مجرد
الجذر: طرق
الحالة: معرب"
فأسكناه,"الكلمة: فأسكناه
الصنف الصرفي: فعل ماض
الجذر: سكن
الحالة: مبني"
لقادرون,"الكلمة: لقادرون
الصنف الصرفي: اسم فاعل
الجذر: قدر
الحالة: معرب"
فواكه,"الكلمة: فواكه
الصنف الصرفي: اسم محسوس
الجذر: فكه
الحالة: معرب"
وشجرة,"الكلمة: وشجرة
الصنف الصرفي: اسم محسوس
الجذر: شجر
الحالة: معرب"
سيناء,"الكلمة: سيناء
الصنف الصرفي: اسم علم أعجمي
الجذر: NTWS
الحالة: معرب"
بالدهن,"الكلمة: بالدهن
الصنف الصرفي: اسم محسوس
الجذر: لدد
الحالة: معرب"
تحملون,"الكلمة: تحملون
الصنف الصرفي: IV_PASS
الجذر: حمل"
يتفضل,"الكلمة: يتفضل
الصنف الصرفي: فعل مضارع
الجذر: فضل
الحالة: معرب"
لأنزل,"الكلمة: لأنزل
الصنف الصرفي: فعل ماض
الجذر: نزل
الحالة: مبني"
فاسلك,"الكلمة: فاسلك
الصنف الصرفي: فعل أمر
الجذر: سلك
الحالة: مبني"
أنزلني,"الكلمة: أنزلني
الصنف الصرفي: فعل أمر
الجذر: نزل
الحالة: مبني"
منزلا,"الكلمة: منزلا
الصنف الصرفي: اسم زمان أو مكان
الجذر: نزل
الحالة: معرب"
لمبتلين,"الكلمة: لمبتلين
الصنف الصرفي: اسم فاعل
الجذر: بلل
الحالة: معرب"
أنشأنا,"الكلمة: أنشأنا
الصنف الصرفي: فعل ماض
الجذر: NTWS
الحالة: مبني"
وأترفناهم,"الكلمة: وأترفناهم
الصنف الصرفي: فعل ماض
الجذر: ترف
الحالة: مبني"
ويشرب,"الكلمة: ويشرب
الصنف الصرفي: فعل مضارع
الجذر: شرب
الحالة: معرب"
تشربون,"الكلمة: تشربون
الصنف الصرفي: فعل مضارع
الجذر: شرب
الحالة: معرب"
وعظاما,"الكلمة: وعظاما
الصنف الصرفي: اسم محسوس
الجذر: عظم
الحالة: معرب"
مخرجون,"الكلمة: مخرجون
الصنف الصرفي: اسم مفعول
الجذر: خرج
الحالة: معرب"
هيهات,"الكلمة: هيهات
الصنف الصرفي: اسم يشبه الفعل
الجذر: ههت
الحالة: مبني"
ليصبحن,"الكلمة: ليصبحن
الصنف الصرفي: فعل مضارع
الجذر: صبح
الحالة: معرب"
فبعدا,"الكلمة: فبعدا
الصنف الصرفي: مصدر
الجذر: بعد
الحالة: معرب"
قرونا,"الكلمة: قرونا
الصنف الصرفي: اسم مجرد
الجذر: قرر
الحالة: معرب"
تترى,"الكلمة: تترى
الصنف الصرفي: اسم مجرد
الجذر: NTWS
الحالة: معرب"
رسولها,"الكلمة: رسولها
الصنف الصرفي: اسم محسوس
الجذر: رسل
الحالة: معرب"
كذبوه,"الكلمة: كذبوه
الصنف الصرفي: فعل ماض
الجذر: كذب
الحالة: مبني"
فأتبعنا,"الكلمة: فأتبعنا
الصنف الصرفي: فعل ماض
الجذر: تبع
الحالة: مبني"
أحاديث,"الكلمة: أحاديث
الصنف الصرفي: اسم مجرد
الجذر: حدث
الحالة: معرب"
فكذبوهما,"الكلمة: فكذبوهما
الصنف الصرفي: فعل ماض
الجذر: كذب
الحالة: مبني"
المهلكين,"الكلمة: المهلكين
الصنف الصرفي: اسم مفعول
الجذر: هلك
الحالة: معرب"
واعملوا,"الكلمة: واعملوا
الصنف الصرفي: فعل أمر
الجذر: عمل
الحالة: مبني"
فتقطعوا,"الكلمة: فتقطعوا
الصنف الصرفي: فعل ماض
الجذر: قطع
الحالة: مبني"
غمرتهم,"الكلمة: غمرتهم
الصنف الصرفي: اسم مجرد
الجذر: غمر
الحالة: معرب"
نمدهم,"الكلمة: نمدهم
الصنف الصرفي: فعل مضارع
الجذر: مدد
الحالة: معرب"
نسارع,"الكلمة: نسارع
الصنف الصرفي: فعل مضارع
الجذر: سرع
الحالة: معرب"
سابقون,"الكلمة: سابقون
الصنف الصرفي: اسم فاعل
الجذر: سبق
الحالة: معرب"
ولدىنا,"الكلمة: ولدىنا
الصنف الصرفي: ظرف
الجذر: NTWS
الحالة: مبني"
أعمال,"الكلمة: أعمال
الصنف الصرفي: مصدر
الجذر: عمل
الحالة: معرب"
مترفيهم,"الكلمة: مترفيهم
الصنف الصرفي: اسم مفعول
الجذر: ترف
الحالة: معرب"
تنكصون,"الكلمة: تنكصون
الصنف الصرفي: فعل مضارع
الجذر: نكص
الحالة: معرب"
سامرا,"الكلمة: سامرا
الصنف الصرفي: اسم فاعل
الجذر: سمر
الحالة: معرب"
تهجرون,"الكلمة: تهجرون
الصنف الصرفي: فعل مضارع
الجذر: هجر
الحالة: معرب"
يدبروا,"الكلمة: يدبروا
الصنف الصرفي: فعل مضارع
الجذر: دبر
الحالة: معرب"
يعرفوا,"الكلمة: يعرفوا
الصنف الصرفي: فعل مضارع
الجذر: عرف
الحالة: معرب"
بذكرهم,"الكلمة: بذكرهم
الصنف الصرفي: مصدر
الجذر: ذكر
الحالة: معرب"
ذكرهم,"الكلمة: ذكرهم
الصنف الصرفي: مصدر
الجذر: ذكر
الحالة: معرب"
فخراج,"الكلمة: فخراج
الصنف الصرفي: اسم محسوس
الجذر: خرج
الحالة: معرب"
لتدعوهم,"الكلمة: لتدعوهم
الصنف الصرفي: فعل مضارع
الجذر: دعع
الحالة: معرب"
الصراط,"الكلمة: الصراط
الصنف الصرفي: اسم محسوس
الجذر: صرط
الحالة: معرب"
رحمناهم,"الكلمة: رحمناهم
الصنف الصرفي: فعل ماض
الجذر: رحم
الحالة: مبني"
وكشفنا,"الكلمة: وكشفنا
الصنف الصرفي: فعل ماض
الجذر: كشف
الحالة: مبني"
للجوا,"الكلمة: للجوا
الصنف الصرفي: فعل ماض
الجذر: لجج
الحالة: مبني"
ذرأكم,"الكلمة: ذرأكم
الصنف الصرفي: فعل ماض
الجذر: ذرر
الحالة: مبني"
تسحرون,"الكلمة: تسحرون
الصنف الصرفي: IV_PASS
الجذر: سحر
الحالة: معرب"
ولعلا,"الكلمة: ولعلا
الصنف الصرفي: فعل ماض
الجذر: لعل
الحالة: مبني"
همزات,"الكلمة: همزات
الصنف الصرفي: مصدر لحظي
الجذر: همز
الحالة: معرب"
يحضرون,"الكلمة: يحضرون
الصنف الصرفي: فعل مضارع
الجذر: حضر
الحالة: معرب"
ورائهم,"الكلمة: ورائهم
الصنف الصرفي: اسم مجرد
الجذر: ر
الحالة: معرب"
أنساب,"الكلمة: أنساب
الصنف الصرفي: اسم مجرد
الجذر: نسب
الحالة: مبني"
كالحون,"الكلمة: كالحون
الصنف الصرفي: اسم فاعل
الجذر: كلح
الحالة: معرب"
تكذبون,"الكلمة: تكذبون
الصنف الصرفي: فعل مضارع
الجذر: كذب"
ضالين,"الكلمة: ضالين
الصنف الصرفي: اسم فاعل
الجذر: ضلل
الحالة: معرب"
تكلمون,"الكلمة: تكلمون
الصنف الصرفي: فعل مضارع
الجذر: كلم
الحالة: معرب"
سخريا,"الكلمة: سخريا
الصنف الصرفي: مصدر
الجذر: سخر
الحالة: معرب"
تضحكون,"الكلمة: تضحكون
الصنف الصرفي: فعل مضارع
الجذر: ضحك
الحالة: معرب"
برهان,"الكلمة: برهان
الصنف الصرفي: مصدر
الجذر: رهن
الحالة: مبني"
حسابه,"الكلمة: حسابه
الصنف الصرفي: اسم مجرد
الجذر: حسب
الحالة: معرب"
وارحم,"الكلمة: وارحم
الصنف الصرفي: فعل أمر
الجذر: رحم
الحالة: مبني"
أنزلناها,"الكلمة: أنزلناها
الصنف الصرفي: فعل ماض
الجذر: نزل
الحالة: مبني"
وفرضناها,"الكلمة: وفرضناها
الصنف الصرفي: فعل ماض
الجذر: فرض
الحالة: مبني"
فاجلدوا,"الكلمة: فاجلدوا
الصنف الصرفي: فعل أمر
الجذر: جلد
الحالة: مبني"
وليشهد,"الكلمة: وليشهد
الصنف الصرفي: فعل مضارع
الجذر: شهد
الحالة: معرب"
عذابهما,"الكلمة: عذابهما
الصنف الصرفي: اسم مجرد
الجذر: عذب
الحالة: معرب"
ينكحها,"الكلمة: ينكحها
الصنف الصرفي: فعل مضارع
الجذر: نكح
الحالة: معرب"
يرمون,"الكلمة: يرمون
الصنف الصرفي: فعل مضارع
الجذر: رمم"
بأربعة,"الكلمة: بأربعة
الصنف الصرفي: اسم عدد
الجذر: ربع
الحالة: معرب"
فاجلدوهم,"الكلمة: فاجلدوهم
الصنف الصرفي: فعل أمر
الجذر: جلد
الحالة: مبني"
ثمانين,"الكلمة: ثمانين
الصنف الصرفي: اسم عدد
الجذر: ثمن
الحالة: معرب"
تقبلوا,"الكلمة: تقبلوا
الصنف الصرفي: فعل مضارع
الجذر: قبل
الحالة: معرب"
فشهادة,"الكلمة: فشهادة
الصنف الصرفي: مصدر
الجذر: شهد
الحالة: معرب"
أربع,"الكلمة: أربع
الصنف الصرفي: اسم عدد
الجذر: ربع
الحالة: معرب"
شهادات,"الكلمة: شهادات
الصنف الصرفي: اسم مجرد
الجذر: شهد
الحالة: معرب"
ويدرأ,"الكلمة: ويدرأ
الصنف الصرفي: فعل مضارع
الجذر: درر
الحالة: معرب"
تحسبوه,"الكلمة: تحسبوه
الصنف الصرفي: فعل مضارع
الجذر: حسب
الحالة: معرب"
اكتسب,"الكلمة: اكتسب
الصنف الصرفي: فعل ماض
الجذر: كسب
الحالة: مبني"
سمعتموه,"الكلمة: سمعتموه
الصنف الصرفي: فعل ماض
الجذر: سمع
الحالة: مبني"
بألسنتكم,"الكلمة: بألسنتكم
الصنف الصرفي: اسم محسوس
الجذر: لسن
الحالة: معرب"
وتحسبونه,"الكلمة: وتحسبونه
الصنف الصرفي: فعل مضارع
الجذر: حسب
الحالة: معرب"
نتكلم,"الكلمة: نتكلم
الصنف الصرفي: فعل مضارع
الجذر: كلم
الحالة: معرب"
بهتان,"الكلمة: بهتان
الصنف الصرفي: مصدر
الجذر: بهت
الحالة: معرب"
لمثله,"الكلمة: لمثله
الصنف الصرفي: اسم مجرد
الجذر: مثل
الحالة: معرب"
والسعة,"الكلمة: والسعة
الصنف الصرفي: اسم مجرد
الجذر: لسع
الحالة: معرب"
وليعفوا,"الكلمة: وليعفوا
الصنف الصرفي: فعل مضارع
الجذر: عفف
الحالة: معرب"
وليصفحوا,"الكلمة: وليصفحوا
الصنف الصرفي: فعل مضارع
الجذر: صفح
الحالة: معرب"
الغافلات,"الكلمة: الغافلات
الصنف الصرفي: اسم فاعل
الجذر: غفل
الحالة: معرب"
لعنوا,"الكلمة: لعنوا
الصنف الصرفي: فعل ماض مجهول
الجذر: لعن
الحالة: مبني"
ويعلمون,"الكلمة: ويعلمون
الصنف الصرفي: فعل مضارع
الجذر: علم
الحالة: معرب"
الخبيثات,"الكلمة: الخبيثات
الصنف الصرفي: صفة نوعية
الجذر: خبث
الحالة: معرب"
وتسلموا,"الكلمة: وتسلموا
الصنف الصرفي: فعل مضارع
الجذر: سلم
الحالة: معرب"
تدخلوها,"الكلمة: تدخلوها
الصنف الصرفي: فعل مضارع
الجذر: دخل
الحالة: معرب"
فارجعوا,"الكلمة: فارجعوا
الصنف الصرفي: فعل أمر
الجذر: رجع
الحالة: مبني"
يغضوا,"الكلمة: يغضوا
الصنف الصرفي: فعل مضارع
الجذر: غضض
الحالة: معرب"
ويحفظوا,"الكلمة: ويحفظوا
الصنف الصرفي: فعل مضارع
الجذر: حفظ
الحالة: معرب"
فروجهم,"الكلمة: فروجهم
الصنف الصرفي: اسم محسوس
الجذر: فرج
الحالة: معرب"
يغضضن,"الكلمة: يغضضن
الصنف الصرفي: فعل مضارع
الجذر: غضض
الحالة: مبني"
أبصارهن,"الكلمة: أبصارهن
الصنف الصرفي: اسم مجرد
الجذر: بصر
الحالة: معرب"
ويحفظن,"الكلمة: ويحفظن
الصنف الصرفي: فعل مضارع
الجذر: حفظ
الحالة: مبني"
فروجهن,"الكلمة: فروجهن
الصنف الصرفي: اسم محسوس
الجذر: فرج
الحالة: معرب"
وليضربن,"الكلمة: وليضربن
الصنف الصرفي: فعل مضارع
الجذر: ضرب
الحالة: مبني"
بخمرهن,"الكلمة: بخمرهن
الصنف الصرفي: اسم محسوس
الجذر: خمر
الحالة: معرب"
بعولتهن,"الكلمة: بعولتهن
الصنف الصرفي: اسم محسوس
الجذر: بعل
الحالة: معرب"
التابعين,"الكلمة: التابعين
الصنف الصرفي: اسم فاعل
الجذر: تبع
الحالة: معرب"
الطفل,"الكلمة: الطفل
الصنف الصرفي: اسم محسوس
الجذر: طفل
الحالة: معرب"
يضربن,"الكلمة: يضربن
الصنف الصرفي: فعل مضارع
الجذر: ضرب
الحالة: مبني"
بأرجلهن,"الكلمة: بأرجلهن
الصنف الصرفي: اسم محسوس
الجذر: رجل
الحالة: معرب"
أيه,"الكلمة: أيه
الصنف الصرفي: اسم موصول
الجذر: ّة
الحالة: مبني"
وأنكحوا,"الكلمة: وأنكحوا
الصنف الصرفي: فعل أمر
الجذر: نكح
الحالة: مبني"
عبادكم,"الكلمة: عبادكم
الصنف الصرفي: اسم محسوس
الجذر: عبد
الحالة: معرب"
فقراء,"الكلمة: فقراء
الصنف الصرفي: صفة نوعية
الجذر: فقر
الحالة: معرب"
يغنهم,"الكلمة: يغنهم
الصنف الصرفي: فعل مضارع
الجذر: غنن
الحالة: معرب"
نكاحا,"الكلمة: نكاحا
الصنف الصرفي: مصدر
الجذر: نكح
الحالة: معرب"
فكاتبوهم,"الكلمة: فكاتبوهم
الصنف الصرفي: فعل أمر
الجذر: كتب
الحالة: مبني"
أردن,"الكلمة: أردن
الصنف الصرفي: فعل ماض
الجذر: NTWS
الحالة: مبني"
تحصنا,"الكلمة: تحصنا
الصنف الصرفي: مصدر
الجذر: حصن
الحالة: معرب"
يكرههن,"الكلمة: يكرههن
الصنف الصرفي: فعل مضارع
الجذر: كره
الحالة: معرب"
إكراههن,"الكلمة: إكراههن
الصنف الصرفي: مصدر
الجذر: كره
الحالة: معرب"
ومثلا,"الكلمة: ومثلا
الصنف الصرفي: اسم مجرد
الجذر: مثل
الحالة: معرب"
مصباح,"الكلمة: مصباح
الصنف الصرفي: اسم آلة
الجذر: صبح
الحالة: معرب"
المصباح,"الكلمة: المصباح
الصنف الصرفي: اسم آلة
الجذر: صبح
الحالة: معرب"
زجاجة,"الكلمة: زجاجة
الصنف الصرفي: اسم محسوس
الجذر: زجج
الحالة: معرب"
الزجاجة,"الكلمة: الزجاجة
الصنف الصرفي: اسم محسوس
الجذر: زجج
الحالة: معرب"
مباركة,"الكلمة: مباركة
الصنف الصرفي: اسم مفعول
الجذر: برك
الحالة: معرب"
شرقية,"الكلمة: شرقية
الصنف الصرفي: اسم منسوب
الجذر: شرق
الحالة: معرب"
غربية,"الكلمة: غربية
الصنف الصرفي: اسم منسوب
الجذر: غرب
الحالة: معرب"
تمسسه,"الكلمة: تمسسه
الصنف الصرفي: فعل مضارع
الجذر: مسس
الحالة: معرب"
ويذكر,"الكلمة: ويذكر
الصنف الصرفي: IV_PASS
الجذر: ذكر
الحالة: معرب"
تتقلب,"الكلمة: تتقلب
الصنف الصرفي: فعل مضارع
الجذر: قلب
الحالة: معرب"
كسراب,"الكلمة: كسراب
الصنف الصرفي: اسم مجرد
الجذر: سرب
الحالة: معرب"
يحسبه,"الكلمة: يحسبه
الصنف الصرفي: فعل مضارع
الجذر: حسب
الحالة: معرب"
كظلمات,"الكلمة: كظلمات
الصنف الصرفي: اسم مجرد
الجذر: ظلم
الحالة: معرب"
يغشاه,"الكلمة: يغشاه
الصنف الصرفي: فعل مضارع
الجذر: غشش
الحالة: معرب"
وتسبيحه,"الكلمة: وتسبيحه
الصنف الصرفي: مصدر
الجذر: سبح
الحالة: معرب"
ركاما,"الكلمة: ركاما
الصنف الصرفي: اسم محسوس
الجذر: ركم
الحالة: معرب"
خلاله,"الكلمة: خلاله
الصنف الصرفي: ظرف
الجذر: خلل
الحالة: معرب"
ويصرفه,"الكلمة: ويصرفه
الصنف الصرفي: فعل مضارع
الجذر: صرف
الحالة: معرب"
برقه,"الكلمة: برقه
الصنف الصرفي: اسم محسوس
الجذر: برقة
الحالة: معرب"
بالأبصار,"الكلمة: بالأبصار
الصنف الصرفي: اسم محسوس
الجذر: بصر
الحالة: معرب"
بطنه,"الكلمة: بطنه
الصنف الصرفي: اسم محسوس
الجذر: NTWS
الحالة: معرب"
وبالرسول,"الكلمة: وبالرسول
الصنف الصرفي: اسم محسوس
الجذر: رسل
الحالة: معرب"
مذعنين,"الكلمة: مذعنين
الصنف الصرفي: اسم فاعل
الجذر: ذعن
الحالة: معرب"
أمرتهم,"الكلمة: أمرتهم
الصنف الصرفي: فعل ماض
الجذر: مرر
الحالة: مبني"
ليخرجن,"الكلمة: ليخرجن
الصنف الصرفي: فعل مضارع
الجذر: خرج
الحالة: معرب"
تقسموا,"الكلمة: تقسموا
الصنف الصرفي: فعل مضارع
الجذر: قسم
الحالة: معرب"
معروفة,"الكلمة: معروفة
الصنف الصرفي: اسم مفعول
الجذر: عرف
الحالة: معرب"
حملتم,"الكلمة: حملتم
الصنف الصرفي: فعل ماض مجهول
الجذر: حمل
الحالة: مبني"
ليستخلفنهم,"الكلمة: ليستخلفنهم
الصنف الصرفي: فعل مضارع
الجذر: خلف
الحالة: مبني"
استخلف,"الكلمة: استخلف
الصنف الصرفي: فعل ماض
الجذر: خلف
الحالة: مبني"
وليبدلنهم,"الكلمة: وليبدلنهم
الصنف الصرفي: فعل مضارع
الجذر: بدل
الحالة: مبني"
يعبدونني,"الكلمة: يعبدونني
الصنف الصرفي: فعل مضارع
الجذر: عبد
الحالة: معرب"
يبلغوا,"الكلمة: يبلغوا
الصنف الصرفي: فعل مضارع
الجذر: بلغ
الحالة: معرب"
الحلم,"الكلمة: الحلم
الصنف الصرفي: مصدر
الجذر: حلم
الحالة: معرب"
الظهيرة,"الكلمة: الظهيرة
الصنف الصرفي: اسم مجرد
الجذر: ظهر
الحالة: معرب"
بعدهن,"الكلمة: بعدهن
الصنف الصرفي: ظرف
الجذر: بعد
الحالة: معرب"
الأطفال,"الكلمة: الأطفال
الصنف الصرفي: اسم محسوس
الجذر: طفل
الحالة: معرب"
والقواعد,"الكلمة: والقواعد
الصنف الصرفي: اسم محسوس
الجذر: قعد
الحالة: معرب"
الأعرج,"الكلمة: الأعرج
الصنف الصرفي: صفة نوعية
الجذر: عرج
الحالة: معرب"
المريض,"الكلمة: المريض
الصنف الصرفي: صفة نوعية
الجذر: مرض
الحالة: معرب"
ملكتم,"الكلمة: ملكتم
الصنف الصرفي: فعل ماض
الجذر: ملك
الحالة: مبني"
مفاتحه,"الكلمة: مفاتحه
الصنف الصرفي: اسم آلة
الجذر: فتح
الحالة: معرب"
صديقكم,"الكلمة: صديقكم
الصنف الصرفي: اسم محسوس
الجذر: صدق
الحالة: معرب"
أشتاتا,"الكلمة: أشتاتا
الصنف الصرفي: اسم مجرد
الجذر: شتت
الحالة: معرب"
فسلموا,"الكلمة: فسلموا
الصنف الصرفي: فعل ماض
الجذر: سلم
الحالة: مبني"
يذهبوا,"الكلمة: يذهبوا
الصنف الصرفي: فعل مضارع
الجذر: ذهب
الحالة: معرب"
يتسللون,"الكلمة: يتسللون
الصنف الصرفي: فعل مضارع
الجذر: سلل
الحالة: معرب"
فليحذر,"الكلمة: فليحذر
الصنف الصرفي: فعل مضارع
الجذر: حذر
الحالة: معرب"
يخالفون,"الكلمة: يخالفون
الصنف الصرفي: فعل مضارع
الجذر: خلف"
نذيرا,"الكلمة: نذيرا
الصنف الصرفي: صفة مبالغة
الجذر: نذر
الحالة: معرب"
فقدره,"الكلمة: فقدره
الصنف الصرفي: فعل ماض
الجذر: قدر
الحالة: مبني"
تقديرا,"الكلمة: تقديرا
الصنف الصرفي: مصدر
الجذر: قدر
الحالة: معرب"
نشورا,"الكلمة: نشورا
الصنف الصرفي: مصدر
الجذر: نشر
الحالة: معرب"
اكتتبها,"الكلمة: اكتتبها
الصنف الصرفي: فعل ماض
الجذر: كتب
الحالة: مبني"
وزفيرا,"الكلمة: وزفيرا
الصنف الصرفي: مصدر
الجذر: زفر
الحالة: معرب"
ثبورا,"الكلمة: ثبورا
الصنف الصرفي: مصدر
الجذر: ثبر
الحالة: معرب"
أضللتم,"الكلمة: أضللتم
الصنف الصرفي: فعل ماض
الجذر: ضلل
الحالة: مبني"
متعتهم,"الكلمة: متعتهم
الصنف الصرفي: فعل ماض
الجذر: متع
الحالة: مبني"
بورا,"الكلمة: بورا
الصنف الصرفي: اسم مجرد
الجذر: NTWS
الحالة: معرب"
كذبوكم,"الكلمة: كذبوكم
الصنف الصرفي: فعل ماض
الجذر: كذب
الحالة: مبني"
ويمشون,"الكلمة: ويمشون
الصنف الصرفي: فعل مضارع
الجذر: مشش
الحالة: معرب"
محجورا,"الكلمة: محجورا
الصنف الصرفي: اسم مفعول
الجذر: حجر
الحالة: معرب"
وقدمنا,"الكلمة: وقدمنا
الصنف الصرفي: فعل ماض
الجذر: قدم
الحالة: مبني"
فجعلناه,"الكلمة: فجعلناه
الصنف الصرفي: فعل ماض
الجذر: جعل
الحالة: مبني"
منثورا,"الكلمة: منثورا
الصنف الصرفي: اسم مفعول
الجذر: نثر
الحالة: معرب"
مستقرا,"الكلمة: مستقرا
الصنف الصرفي: اسم زمان أو مكان
الجذر: قرر
الحالة: معرب"
بالغمام,"الكلمة: بالغمام
الصنف الصرفي: اسم محسوس
الجذر: غمم
الحالة: معرب"
عسيرا,"الكلمة: عسيرا
الصنف الصرفي: صفة نوعية
الجذر: عسر
الحالة: معرب"
فلانا,"الكلمة: فلانا
الصنف الصرفي: اسم محسوس
الجذر: فلل
الحالة: معرب"
أضلني,"الكلمة: أضلني
الصنف الصرفي: فعل ماض
الجذر: ضلل
الحالة: مبني"
مهجورا,"الكلمة: مهجورا
الصنف الصرفي: اسم مفعول
الجذر: هجر
الحالة: معرب"
ونصيرا,"الكلمة: ونصيرا
الصنف الصرفي: صفة نوعية
الجذر: نصر
الحالة: معرب"
لنثبت,"الكلمة: لنثبت
الصنف الصرفي: فعل مضارع
الجذر: ثبت
الحالة: معرب"
ورتلناه,"الكلمة: ورتلناه
الصنف الصرفي: فعل ماض
الجذر: رتل
الحالة: مبني"
ترتيلا,"الكلمة: ترتيلا
الصنف الصرفي: مصدر
الجذر: رتل
الحالة: معرب"
تفسيرا,"الكلمة: تفسيرا
الصنف الصرفي: مصدر
الجذر: فسر
الحالة: معرب"
فدمرناهم,"الكلمة: فدمرناهم
الصنف الصرفي: فعل ماض
الجذر: دمر
الحالة: مبني"
أغرقناهم,"الكلمة: أغرقناهم
الصنف الصرفي: فعل ماض
الجذر: غرق
الحالة: مبني"
وقرونا,"الكلمة: وقرونا
الصنف الصرفي: اسم مجرد
الجذر: قرر
الحالة: معرب"
ضربنا,"الكلمة: ضربنا
الصنف الصرفي: فعل ماض
الجذر: ضرب
الحالة: مبني"
تبرنا,"الكلمة: تبرنا
الصنف الصرفي: فعل ماض
الجذر: تبر
الحالة: مبني"
أمطرت,"الكلمة: أمطرت
الصنف الصرفي: فعل ماض مجهول
الجذر: مطر
الحالة: مبني"
ليضلنا,"الكلمة: ليضلنا
الصنف الصرفي: فعل مضارع
الجذر: ضلل
الحالة: معرب"
لجعله,"الكلمة: لجعله
الصنف الصرفي: فعل ماض
الجذر: جعل
الحالة: مبني"
ساكنا,"الكلمة: ساكنا
الصنف الصرفي: اسم فاعل
الجذر: سكن
الحالة: معرب"
دليلا,"الكلمة: دليلا
الصنف الصرفي: اسم مجرد
الجذر: دلل
الحالة: معرب"
قبضناه,"الكلمة: قبضناه
الصنف الصرفي: فعل ماض
الجذر: قبض
الحالة: مبني"
سباتا,"الكلمة: سباتا
الصنف الصرفي: مصدر
الجذر: سبت
الحالة: معرب"
طهورا,"الكلمة: طهورا
الصنف الصرفي: صفة مبالغة
الجذر: طهر
الحالة: معرب"
ونسقيه,"الكلمة: ونسقيه
الصنف الصرفي: فعل مضارع
الجذر: نسق
الحالة: معرب"
أنعاما,"الكلمة: أنعاما
الصنف الصرفي: اسم محسوس
الجذر: نعم
الحالة: معرب"
صرفناه,"الكلمة: صرفناه
الصنف الصرفي: فعل ماض
الجذر: صرف
الحالة: مبني"
لبعثنا,"الكلمة: لبعثنا
الصنف الصرفي: فعل ماض
الجذر: بعث
الحالة: مبني"
وجاهدهم,"الكلمة: وجاهدهم
الصنف الصرفي: فعل أمر
الجذر: جهد
الحالة: مبني"
جهادا,"الكلمة: جهادا
الصنف الصرفي: مصدر
الجذر: جهد
الحالة: معرب"
وحجرا,"الكلمة: وحجرا
الصنف الصرفي: اسم مجرد
الجذر: حجر
الحالة: معرب"
فجعله,"الكلمة: فجعله
الصنف الصرفي: فعل ماض
الجذر: جعل
الحالة: مبني"
وصهرا,"الكلمة: وصهرا
الصنف الصرفي: اسم مجرد
الجذر: صهر
الحالة: معرب"
الكافر,"الكلمة: الكافر
الصنف الصرفي: اسم فاعل
الجذر: كفر
الحالة: معرب"
سراجا,"الكلمة: سراجا
الصنف الصرفي: اسم محسوس
الجذر: سرج
الحالة: معرب"
وقمرا,"الكلمة: وقمرا
الصنف الصرفي: اسم محسوس
الجذر: قمر
الحالة: معرب"
خلفة,"الكلمة: خلفة
الصنف الصرفي: اسم مجرد
الجذر: خلف
الحالة: معرب"
شكورا,"الكلمة: شكورا
الصنف الصرفي: مصدر
الجذر: شكر
الحالة: معرب"
وعباد,"الكلمة: وعباد
الصنف الصرفي: اسم محسوس
الجذر: عبد
الحالة: معرب"
خاطبهم,"الكلمة: خاطبهم
الصنف الصرفي: فعل ماض
الجذر: خطب
الحالة: مبني"
عذابها,"الكلمة: عذابها
الصنف الصرفي: اسم مجرد
الجذر: عذب
الحالة: معرب"
غراما,"الكلمة: غراما
الصنف الصرفي: اسم مجرد
الجذر: غرم
الحالة: معرب"
يسرفوا,"الكلمة: يسرفوا
الصنف الصرفي: فعل مضارع
الجذر: سرف
الحالة: معرب"
يقتروا,"الكلمة: يقتروا
الصنف الصرفي: فعل مضارع
الجذر: قتر
الحالة: معرب"
يزنون,"الكلمة: يزنون
الصنف الصرفي: فعل مضارع
الجذر: زنن
الحالة: معرب"
ويخلد,"الكلمة: ويخلد
الصنف الصرفي: فعل مضارع
الجذر: خلد
الحالة: معرب"
حسنات,"الكلمة: حسنات
الصنف الصرفي: اسم مجرد
الجذر: حسن
الحالة: معرب"
كراما,"الكلمة: كراما
الصنف الصرفي: صفة نوعية
الجذر: كرم
الحالة: معرب"
يخروا,"الكلمة: يخروا
الصنف الصرفي: فعل مضارع
الجذر: خرر
الحالة: معرب"
وذرياتنا,"الكلمة: وذرياتنا
الصنف الصرفي: مصدر مهني (اسم مهنة)
الجذر: ذرر
الحالة: معرب"
الغرفة,"الكلمة: الغرفة
الصنف الصرفي: اسم محسوس
الجذر: غرف
الحالة: معرب"
خاضعين,"الكلمة: خاضعين
الصنف الصرفي: اسم فاعل
الجذر: خضع
الحالة: معرب"
أنبتنا,"الكلمة: أنبتنا
الصنف الصرفي: فعل ماض
الجذر: نبت
الحالة: مبني"
ينطلق,"الكلمة: ينطلق
الصنف الصرفي: فعل مضارع
الجذر: طلق
الحالة: معرب"
يقتلون,"الكلمة: يقتلون
الصنف الصرفي: IV_PASS
الجذر: قتل
الحالة: معرب"
فاذهبا,"الكلمة: فاذهبا
الصنف الصرفي: فعل أمر
الجذر: ذهب
الحالة: مبني"
مستمعون,"الكلمة: مستمعون
الصنف الصرفي: اسم فاعل
الجذر: سمع
الحالة: معرب"
ولبثت,"الكلمة: ولبثت
الصنف الصرفي: فعل ماض
الجذر: لبث
الحالة: مبني"
وفعلت,"الكلمة: وفعلت
الصنف الصرفي: فعل ماض
الجذر: فعل
الحالة: مبني"
فعلتك,"الكلمة: فعلتك
الصنف الصرفي: اسم مجرد
الجذر: فعل
الحالة: معرب"
فعلتها,"الكلمة: فعلتها
الصنف الصرفي: فعل ماض
الجذر: فعل
الحالة: مبني"
ففررت,"الكلمة: ففررت
الصنف الصرفي: فعل ماض
الجذر: فرر
الحالة: مبني"
خفتكم,"الكلمة: خفتكم
الصنف الصرفي: فعل ماض
الجذر: خفف
الحالة: مبني"
تمنها,"الكلمة: تمنها
الصنف الصرفي: فعل مضارع
الجذر: تمن
الحالة: معرب"
تستمعون,"الكلمة: تستمعون
الصنف الصرفي: فعل مضارع
الجذر: سمع
الحالة: معرب"
المسجونين,"الكلمة: المسجونين
الصنف الصرفي: اسم مفعول
الجذر: سجن
الحالة: معرب"
بسحره,"الكلمة: بسحره
الصنف الصرفي: مصدر
الجذر: سحر
الحالة: معرب"
مجتمعون,"الكلمة: مجتمعون
الصنف الصرفي: اسم فاعل
الجذر: جمع
الحالة: معرب"
لعلنا,"الكلمة: لعلنا
الصنف الصرفي: حرف ناسخ
الجذر: علل
الحالة: مبني"
متبعون,"الكلمة: متبعون
الصنف الصرفي: اسم مفعول
الجذر: تبع
الحالة: معرب"
فأرسل,"الكلمة: فأرسل
الصنف الصرفي: فعل ماض
الجذر: رسل
الحالة: مبني"
لجميع,"الكلمة: لجميع
الصنف الصرفي: اسم مجرد
الجذر: جمع
الحالة: معرب"
فأخرجناهم,"الكلمة: فأخرجناهم
الصنف الصرفي: فعل ماض
الجذر: خرج
الحالة: مبني"
ومقام,"الكلمة: ومقام
الصنف الصرفي: اسم زمان أو مكان
الجذر: قمم
الحالة: معرب"
فأتبعوهم,"الكلمة: فأتبعوهم
الصنف الصرفي: فعل ماض
الجذر: تبع
الحالة: مبني"
لمدركون,"الكلمة: لمدركون
الصنف الصرفي: اسم مفعول
الجذر: درك
الحالة: معرب"
فانفلق,"الكلمة: فانفلق
الصنف الصرفي: فعل ماض
الجذر: فلق
الحالة: مبني"
وأزلفنا,"الكلمة: وأزلفنا
الصنف الصرفي: فعل ماض
الجذر: زلف
الحالة: مبني"
أغرقنا,"الكلمة: أغرقنا
الصنف الصرفي: فعل ماض
الجذر: غرق
الحالة: مبني"
يسمعونكم,"الكلمة: يسمعونكم
الصنف الصرفي: فعل مضارع
الجذر: سمع
الحالة: معرب"
ينفعونكم,"الكلمة: ينفعونكم
الصنف الصرفي: فعل مضارع
الجذر: نفع
الحالة: معرب"
يضرون,"الكلمة: يضرون
الصنف الصرفي: فعل مضارع
الجذر: ضرر
الحالة: معرب"
الأقدمون,"الكلمة: الأقدمون
الصنف الصرفي: صفة مقارنة
الجذر: قدم
الحالة: معرب"
خلقني,"الكلمة: خلقني
الصنف الصرفي: فعل ماض
الجذر: خلق
الحالة: مبني"
يطعمني,"الكلمة: يطعمني
الصنف الصرفي: فعل مضارع
الجذر: طعم
الحالة: معرب"
لأبي,"الكلمة: لأبي
الصنف الصرفي: اسم محسوس
الجذر: NTWS
الحالة: معرب"
تخزني,"الكلمة: تخزني
الصنف الصرفي: فعل مضارع
الجذر: خزز
الحالة: معرب"
بنون,"الكلمة: بنون
الصنف الصرفي: اسم محسوس
الجذر: بنن
الحالة: معرب"
وأزلفت,"الكلمة: وأزلفت
الصنف الصرفي: فعل ماض مجهول
الجذر: زلف
الحالة: مبني"
وبرزت,"الكلمة: وبرزت
الصنف الصرفي: فعل ماض
الجذر: برز
الحالة: مبني"
ينصرونكم,"الكلمة: ينصرونكم
الصنف الصرفي: فعل مضارع
الجذر: نصر
الحالة: معرب"
ينتصرون,"الكلمة: ينتصرون
الصنف الصرفي: فعل مضارع
الجذر: نصر"
فكبكبوا,"الكلمة: فكبكبوا
الصنف الصرفي: فعل ماض مجهول
الجذر: كبكب
الحالة: مبني"
وجنود,"الكلمة: وجنود
الصنف الصرفي: اسم منسوب
الجذر: جند
الحالة: معرب"
أضلنا,"الكلمة: أضلنا
الصنف الصرفي: فعل ماض
الجذر: ضلل
الحالة: مبني"
شافعين,"الكلمة: شافعين
الصنف الصرفي: اسم فاعل
الجذر: شفع
الحالة: معرب"
واتبعك,"الكلمة: واتبعك
الصنف الصرفي: فعل ماض
الجذر: تبع
الحالة: مبني"
فافتح,"الكلمة: فافتح
الصنف الصرفي: فعل أمر
الجذر: فتح
الحالة: مبني"
المشحون,"الكلمة: المشحون
الصنف الصرفي: اسم مفعول
الجذر: شحن
الحالة: معرب"
تعبثون,"الكلمة: تعبثون
الصنف الصرفي: فعل مضارع
الجذر: عبث"
مصانع,"الكلمة: مصانع
الصنف الصرفي: اسم زمان أو مكان
الجذر: صنع
الحالة: معرب"
تخلدون,"الكلمة: تخلدون
الصنف الصرفي: فعل مضارع
الجذر: خلد"
بطشتم,"الكلمة: بطشتم
الصنف الصرفي: فعل ماض
الجذر: بطش
الحالة: مبني"
أمدكم,"الكلمة: أمدكم
الصنف الصرفي: فعل مضارع
الجذر: مدد
الحالة: مبني"
بأنعام,"الكلمة: بأنعام
الصنف الصرفي: اسم محسوس
الجذر: نعم
الحالة: معرب"
بمعذبين,"الكلمة: بمعذبين
الصنف الصرفي: اسم مفعول
الجذر: عذب
الحالة: معرب"
فارهين,"الكلمة: فارهين
الصنف الصرفي: اسم فاعل
الجذر: فره
الحالة: معرب"
يصلحون,"الكلمة: يصلحون
الصنف الصرفي: فعل مضارع
الجذر: صلح
الحالة: معرب"
الذكران,"الكلمة: الذكران
الصنف الصرفي: اسم محسوس
الجذر: ذكر
الحالة: معرب"
وتذرون,"الكلمة: وتذرون
الصنف الصرفي: فعل مضارع
الجذر: ذرر
الحالة: معرب"
المخرجين,"الكلمة: المخرجين
الصنف الصرفي: اسم مفعول
الجذر: خرج
الحالة: معرب"
لعملكم,"الكلمة: لعملكم
الصنف الصرفي: مصدر
الجذر: عمل
الحالة: معرب"
عجوزا,"الكلمة: عجوزا
الصنف الصرفي: صفة نوعية
الجذر: عجز
الحالة: معرب"
دمرنا,"الكلمة: دمرنا
الصنف الصرفي: فعل ماض
الجذر: دمر
الحالة: مبني"
المخسرين,"الكلمة: المخسرين
الصنف الصرفي: اسم فاعل
الجذر: خسر
الحالة: معرب"
والجبلة,"الكلمة: والجبلة
الصنف الصرفي: اسم محسوس
الجذر: جبل
الحالة: معرب"
فأسقط,"الكلمة: فأسقط
الصنف الصرفي: فعل أمر
الجذر: سقط
الحالة: مبني"
الظلة,"الكلمة: الظلة
الصنف الصرفي: اسم مجرد
الجذر: ظلل
الحالة: معرب"
لتنزيل,"الكلمة: لتنزيل
الصنف الصرفي: مصدر
الجذر: نزل
الحالة: معرب"
علماء,"الكلمة: علماء
الصنف الصرفي: اسم فاعل
الجذر: علم
الحالة: معرب"
نزلناه,"الكلمة: نزلناه
الصنف الصرفي: فعل ماض
الجذر: نزل
الحالة: مبني"
الأعجمين,"الكلمة: الأعجمين
الصنف الصرفي: اسم منسوب
الجذر: عجم
الحالة: معرب"
فقرأه,"الكلمة: فقرأه
الصنف الصرفي: فعل ماض
الجذر: قرر
الحالة: مبني"
سلكناه,"الكلمة: سلكناه
الصنف الصرفي: فعل ماض
الجذر: سلك
الحالة: مبني"
يستعجلون,"الكلمة: يستعجلون
الصنف الصرفي: فعل مضارع
الجذر: عجل"
متعناهم,"الكلمة: متعناهم
الصنف الصرفي: فعل ماض
الجذر: متع
الحالة: مبني"
يمتعون,"الكلمة: يمتعون
الصنف الصرفي: IV_PASS
الجذر: متع
الحالة: معرب"
منذرون,"الكلمة: منذرون
الصنف الصرفي: اسم فاعل
الجذر: نذر
الحالة: معرب"
تنزلت,"الكلمة: تنزلت
الصنف الصرفي: فعل ماض
الجذر: نزل
الحالة: مبني"
لمعزولون,"الكلمة: لمعزولون
الصنف الصرفي: اسم مفعول
الجذر: عزل
الحالة: معرب"
المعذبين,"الكلمة: المعذبين
الصنف الصرفي: اسم مفعول
الجذر: عذب
الحالة: معرب"
عشيرتك,"الكلمة: عشيرتك
الصنف الصرفي: اسم محسوس
الجذر: عشر
الحالة: معرب"
الأقربين,"الكلمة: الأقربين
الصنف الصرفي: صفة مقارنة
الجذر: قرب
الحالة: معرب"
جناحك,"الكلمة: جناحك
الصنف الصرفي: اسم مجرد
الجذر: جنح
الحالة: معرب"
وتقلبك,"الكلمة: وتقلبك
الصنف الصرفي: مصدر
الجذر: قلب
الحالة: معرب"
كاذبون,"الكلمة: كاذبون
الصنف الصرفي: اسم فاعل
الجذر: كذب
الحالة: معرب"
والشعراء,"الكلمة: والشعراء
الصنف الصرفي: اسم فاعل
الجذر: شعر
الحالة: معرب"
يتبعهم,"الكلمة: يتبعهم
الصنف الصرفي: فعل مضارع
الجذر: تبع
الحالة: معرب"
وذكروا,"الكلمة: وذكروا
الصنف الصرفي: فعل ماض
الجذر: ذكر
الحالة: مبني"
وانتصروا,"الكلمة: وانتصروا
الصنف الصرفي: فعل ماض
الجذر: نصر
الحالة: مبني"
منقلب,"الكلمة: منقلب
الصنف الصرفي: اسم زمان أو مكان
الجذر: قلب
الحالة: معرب"
ينقلبون,"الكلمة: ينقلبون
الصنف الصرفي: فعل مضارع
الجذر: قلب
الحالة: معرب"
سآتيكم,"الكلمة: سآتيكم
الصنف الصرفي: فعل ماض
الجذر: ستت
الحالة: معرب"
بشهاب,"الكلمة: بشهاب
الصنف الصرفي: اسم محسوس
الجذر: شهب
الحالة: معرب"
بورك,"الكلمة: بورك
الصنف الصرفي: فعل ماض مجهول
الجذر: NTWS
الحالة: مبني"
ومن,"الكلمة: ومن
الصنف الصرفي: حرف جر
الجذر: من"
ولى,"الكلمة: ولى
الصنف الصرفي: فعل ماض
الجذر: ل
الحالة: مبني"
مدبرا,"الكلمة: مدبرا
الصنف الصرفي: اسم فاعل
الجذر: دبر
الحالة: معرب"
وأدخل,"الكلمة: وأدخل
الصنف الصرفي: فعل أمر
الجذر: دخل
الحالة: مبني"
وجحدوا,"الكلمة: وجحدوا
الصنف الصرفي: فعل ماض
الجذر: جحد
الحالة: مبني"
علمنا,"الكلمة: علمنا
الصنف الصرفي: فعل ماض مجهول
الجذر: علم
الحالة: مبني"
لسليمان,"الكلمة: لسليمان
الصنف الصرفي: اسم علم أعجمي
الجذر: سلم
الحالة: معرب"
جنوده,"الكلمة: جنوده
الصنف الصرفي: اسم منسوب
الجذر: جند
الحالة: معرب"
النمل,"الكلمة: النمل
الصنف الصرفي: اسم محسوس
الجذر: نمل
الحالة: معرب"
مساكنكم,"الكلمة: مساكنكم
الصنف الصرفي: اسم زمان أو مكان
الجذر: سكن
الحالة: معرب"
يحطمنكم,"الكلمة: يحطمنكم
الصنف الصرفي: فعل مضارع
الجذر: حطم
الحالة: مبني"
فتبسم,"الكلمة: فتبسم
الصنف الصرفي: فعل ماض
الجذر: بسم
الحالة: مبني"
ضاحكا,"الكلمة: ضاحكا
الصنف الصرفي: اسم فاعل
الجذر: ضحك
الحالة: معرب"
نعمتك,"الكلمة: نعمتك
الصنف الصرفي: اسم مجرد
الجذر: نعم
الحالة: معرب"
والدي,"الكلمة: والدي
الصنف الصرفي: اسم فاعل
الجذر: لدد
الحالة: معرب"
ترضاه,"الكلمة: ترضاه
الصنف الصرفي: فعل مضارع
الجذر: رضض
الحالة: معرب"
وأدخلني,"الكلمة: وأدخلني
الصنف الصرفي: فعل أمر
الجذر: دخل
الحالة: مبني"
وتفقد,"الكلمة: وتفقد
الصنف الصرفي: فعل ماض
الجذر: فقد
الحالة: مبني"
لأعذبنه,"الكلمة: لأعذبنه
الصنف الصرفي: فعل مضارع
الجذر: عذب
الحالة: مبني"
تملكهم,"الكلمة: تملكهم
الصنف الصرفي: فعل مضارع
الجذر: ملك
الحالة: معرب"
وجدتها,"الكلمة: وجدتها
الصنف الصرفي: فعل ماض
الجذر: جدد
الحالة: مبني"
فصدهم,"الكلمة: فصدهم
الصنف الصرفي: فعل ماض
الجذر: فصد
الحالة: مبني"
يسجدوا,"الكلمة: يسجدوا
الصنف الصرفي: فعل مضارع
الجذر: سجد
الحالة: معرب"
سننظر,"الكلمة: سننظر
الصنف الصرفي: فعل مضارع
الجذر: نظر
الحالة: معرب"
بكتابي,"الكلمة: بكتابي
الصنف الصرفي: اسم محسوس
الجذر: كتب
الحالة: معرب"
فألقه,"الكلمة: فألقه
الصنف الصرفي: فعل أمر
الجذر: فلق
الحالة: مبني"
قاطعة,"الكلمة: قاطعة
الصنف الصرفي: اسم فاعل
الجذر: قطع
الحالة: معرب"
تشهدون,"الكلمة: تشهدون
الصنف الصرفي: فعل مضارع
الجذر: شهد
الحالة: معرب"
فانظري,"الكلمة: فانظري
الصنف الصرفي: فعل أمر
الجذر: نظر
الحالة: مبني"
الملوك,"الكلمة: الملوك
الصنف الصرفي: صفة نوعية
الجذر: ملك
الحالة: معرب"
أفسدوها,"الكلمة: أفسدوها
الصنف الصرفي: فعل ماض
الجذر: فسد
الحالة: مبني"
مرسلة,"الكلمة: مرسلة
الصنف الصرفي: اسم فاعل
الجذر: رسل
الحالة: معرب"
فناظرة,"الكلمة: فناظرة
الصنف الصرفي: اسم فاعل
الجذر: نظر
الحالة: معرب"
تفرحون,"الكلمة: تفرحون
الصنف الصرفي: فعل مضارع
الجذر: فرح"
مقامك,"الكلمة: مقامك
الصنف الصرفي: اسم زمان أو مكان
الجذر: قمم
الحالة: معرب"
مستقرا,"الكلمة: مستقرا
الصنف الصرفي: اسم فاعل
الجذر: قرر
الحالة: معرب"
ليبلوني,"الكلمة: ليبلوني
الصنف الصرفي: فعل مضارع
الجذر: بلل
الحالة: معرب"
نكروا,"الكلمة: نكروا
الصنف الصرفي: فعل ماض
الجذر: نكر
الحالة: مبني"
عرشها,"الكلمة: عرشها
الصنف الصرفي: اسم محسوس
الجذر: عرش
الحالة: معرب"
وصدها,"الكلمة: وصدها
الصنف الصرفي: فعل ماض
الجذر: صدد
الحالة: مبني"
الصرح,"الكلمة: الصرح
الصنف الصرفي: اسم محسوس
الجذر: صرح
الحالة: معرب"
حسبته,"الكلمة: حسبته
الصنف الصرفي: فعل ماض
الجذر: حسب
الحالة: مبني"
وكشفت,"الكلمة: وكشفت
الصنف الصرفي: فعل ماض
الجذر: كشف
الحالة: مبني"
قوارير,"الكلمة: قوارير
الصنف الصرفي: اسم محسوس
الجذر: قرر
الحالة: معرب"
وأسلمت,"الكلمة: وأسلمت
الصنف الصرفي: فعل ماض
الجذر: سلم
الحالة: مبني"
فريقان,"الكلمة: فريقان
الصنف الصرفي: اسم محسوس
الجذر: فرق
الحالة: معرب"
تستغفرون,"الكلمة: تستغفرون
الصنف الصرفي: فعل مضارع
الجذر: غفر
الحالة: معرب"
وبمن,"الكلمة: وبمن
الصنف الصرفي: اسم موصول
الجذر: من"
تفتنون,"الكلمة: تفتنون
الصنف الصرفي: IV_PASS
الجذر: فتن"
تقاسموا,"الكلمة: تقاسموا
الصنف الصرفي: فعل ماض
الجذر: قسم
الحالة: مبني"
ومكرنا,"الكلمة: ومكرنا
الصنف الصرفي: فعل ماض
الجذر: مكر
الحالة: مبني"
دمرناهم,"الكلمة: دمرناهم
الصنف الصرفي: فعل ماض
الجذر: دمر
الحالة: مبني"
قدرناها,"الكلمة: قدرناها
الصنف الصرفي: فعل ماض
الجذر: قدر
الحالة: مبني"
فأنبتنا,"الكلمة: فأنبتنا
الصنف الصرفي: فعل ماض
الجذر: نبت
الحالة: مبني"
حدائق,"الكلمة: حدائق
الصنف الصرفي: اسم محسوس
الجذر: حدق
الحالة: معرب"
تنبتوا,"الكلمة: تنبتوا
الصنف الصرفي: فعل مضارع
الجذر: بتت
الحالة: معرب"
شجرها,"الكلمة: شجرها
الصنف الصرفي: اسم محسوس
الجذر: شجر
الحالة: معرب"
قرارا,"الكلمة: قرارا
الصنف الصرفي: مصدر
الجذر: قرر
الحالة: معرب"
أنهارا,"الكلمة: أنهارا
الصنف الصرفي: اسم محسوس
الجذر: نهر
الحالة: معرب"
حاجزا,"الكلمة: حاجزا
الصنف الصرفي: اسم محسوس
الجذر: حجز
الحالة: معرب"
المضطر,"الكلمة: المضطر
الصنف الصرفي: اسم مفعول
الجذر: ضرر
الحالة: معرب"
ويكشف,"الكلمة: ويكشف
الصنف الصرفي: فعل مضارع
الجذر: كشف
الحالة: معرب"
ويجعلكم,"الكلمة: ويجعلكم
الصنف الصرفي: فعل مضارع
الجذر: جعل
الحالة: معرب"
ادارك,"الكلمة: ادارك
الصنف الصرفي: فعل ماض
الجذر: درك
الحالة: مبني"
علمهم,"الكلمة: علمهم
الصنف الصرفي: مصدر
الجذر: علم
الحالة: معرب"
لمخرجون,"الكلمة: لمخرجون
الصنف الصرفي: اسم مفعول
الجذر: خرج
الحالة: معرب"
بحكمه,"الكلمة: بحكمه
الصنف الصرفي: مصدر
الجذر: حكم
الحالة: معرب"
ضلالتهم,"الكلمة: ضلالتهم
الصنف الصرفي: مصدر
الجذر: ضلل
الحالة: معرب"
تكلمهم,"الكلمة: تكلمهم
الصنف الصرفي: فعل مضارع
الجذر: كلم
الحالة: معرب"
أكذبتم,"الكلمة: أكذبتم
الصنف الصرفي: فعل مضارع
الجذر: كذب
الحالة: مبني"
ليسكنوا,"الكلمة: ليسكنوا
الصنف الصرفي: فعل مضارع
الجذر: سكن
الحالة: معرب"
تحسبها,"الكلمة: تحسبها
الصنف الصرفي: فعل مضارع
الجذر: حسب
الحالة: معرب"
جامدة,"الكلمة: جامدة
الصنف الصرفي: اسم فاعل
الجذر: جمد
الحالة: معرب"
حرمها,"الكلمة: حرمها
الصنف الصرفي: فعل ماض
الجذر: حرم
الحالة: مبني"
فتعرفونها,"الكلمة: فتعرفونها
الصنف الصرفي: فعل مضارع
الجذر: عرف
الحالة: معرب"
يستضعف,"الكلمة: يستضعف
الصنف الصرفي: فعل مضارع
الجذر: ضعف
الحالة: معرب"
ونجعلهم,"الكلمة: ونجعلهم
الصنف الصرفي: فعل مضارع
الجذر: جعل
الحالة: معرب"
ونمكن,"الكلمة: ونمكن
الصنف الصرفي: فعل مضارع
الجذر: نمم
الحالة: معرب"
وهامان,"الكلمة: وهامان
الصنف الصرفي: اسم علم أعجمي
الجذر: همم
الحالة: معرب"
وجنودهما,"الكلمة: وجنودهما
الصنف الصرفي: اسم منسوب
الجذر: جند
الحالة: معرب"
فألقيه,"الكلمة: فألقيه
الصنف الصرفي: فعل أمر
الجذر: فلق
الحالة: مبني"
وجاعلوه,"الكلمة: وجاعلوه
الصنف الصرفي: اسم فاعل
الجذر: جعل
الحالة: معرب"
فالتقطه,"الكلمة: فالتقطه
الصنف الصرفي: فعل ماض
الجذر: لقط
الحالة: مبني"
وحزنا,"الكلمة: وحزنا
الصنف الصرفي: مصدر
الجذر: حزز
الحالة: معرب"
ولك,"الكلمة: ولك
الصنف الصرفي: حرف جر
الجذر: ل
الحالة: مبني"
تقتلوه,"الكلمة: تقتلوه
الصنف الصرفي: فعل مضارع
الجذر: قتل
الحالة: معرب"
وأصبح,"الكلمة: وأصبح
الصنف الصرفي: فعل ماض
الجذر: صبح
الحالة: مبني"
فارغا,"الكلمة: فارغا
الصنف الصرفي: اسم فاعل
الجذر: فرغ
الحالة: معرب"
لتبدي,"الكلمة: لتبدي
الصنف الصرفي: فعل مضارع
الجذر: بدد
الحالة: معرب"
ربطنا,"الكلمة: ربطنا
الصنف الصرفي: فعل مضارع
الجذر: ربط
الحالة: مبني"
قلبها,"الكلمة: قلبها
الصنف الصرفي: اسم مجرد
الجذر: قلب
الحالة: معرب"
فبصرت,"الكلمة: فبصرت
الصنف الصرفي: فعل ماض
الجذر: بصر
الحالة: مبني"
وحرمنا,"الكلمة: وحرمنا
الصنف الصرفي: فعل ماض
الجذر: حرم
الحالة: مبني"
يكفلونه,"الكلمة: يكفلونه
الصنف الصرفي: فعل مضارع
الجذر: كفل
الحالة: معرب"
ناصحون,"الكلمة: ناصحون
الصنف الصرفي: اسم فاعل
الجذر: نصح
الحالة: معرب"
فرددناه,"الكلمة: فرددناه
الصنف الصرفي: فعل ماض
الجذر: ردد
الحالة: مبني"
ولتعلم,"الكلمة: ولتعلم
الصنف الصرفي: فعل مضارع
الجذر: علم
الحالة: معرب"
يقتتلان,"الكلمة: يقتتلان
الصنف الصرفي: فعل مضارع
الجذر: قتل"
يترقب,"الكلمة: يترقب
الصنف الصرفي: فعل مضارع
الجذر: رقب
الحالة: معرب"
استنصره,"الكلمة: استنصره
الصنف الصرفي: فعل ماض
الجذر: نصر
الحالة: مبني"
يستصرخه,"الكلمة: يستصرخه
الصنف الصرفي: فعل مضارع
الجذر: صرخ
الحالة: معرب"
تقتلني,"الكلمة: تقتلني
الصنف الصرفي: فعل مضارع
الجذر: قتل
الحالة: معرب"
ليقتلوك,"الكلمة: ليقتلوك
الصنف الصرفي: فعل مضارع
الجذر: قتل
الحالة: معرب"
خطبكما,"الكلمة: خطبكما
الصنف الصرفي: اسم مجرد
الجذر: خطب
الحالة: معرب"
يدعوك,"الكلمة: يدعوك
الصنف الصرفي: فعل مضارع
الجذر: دعع
الحالة: معرب"
أنكحك,"الكلمة: أنكحك
الصنف الصرفي: فعل مضارع
الجذر: نكح
الحالة: معرب"
هاتين,"الكلمة: هاتين
الصنف الصرفي: اسم إشارة
الجذر: ه"
تأجرني,"الكلمة: تأجرني
الصنف الصرفي: فعل مضارع
الجذر: تجر
الحالة: معرب"
ثماني,"الكلمة: ثماني
الصنف الصرفي: اسم عدد
الجذر: ثمن
الحالة: معرب"
أتممت,"الكلمة: أتممت
الصنف الصرفي: فعل ماض
الجذر: تمم
الحالة: معرب"
أيما,"الكلمة: أيما
الصنف الصرفي: أداة استفهام
الجذر: NTWS"
بأهله,"الكلمة: بأهله
الصنف الصرفي: اسم محسوس
الجذر: بهل
الحالة: معرب"
البقعة,"الكلمة: البقعة
الصنف الصرفي: اسم محسوس
الجذر: بقع
الحالة: معرب"
المباركة,"الكلمة: المباركة
الصنف الصرفي: اسم مفعول
الجذر: برك
الحالة: معرب"
الرهب,"الكلمة: الرهب
الصنف الصرفي: مصدر
الجذر: رهب
الحالة: معرب"
برهانان,"الكلمة: برهانان
الصنف الصرفي: اسم مجرد
الجذر: برهن
الحالة: معرب"
لسانا,"الكلمة: لسانا
الصنف الصرفي: اسم محسوس
الجذر: لسن
الحالة: معرب"
فأرسله,"الكلمة: فأرسله
الصنف الصرفي: فعل أمر
الجذر: رسل
الحالة: مبني"
يصدقني,"الكلمة: يصدقني
الصنف الصرفي: فعل مضارع
الجذر: صدق
الحالة: معرب"
ونجعل,"الكلمة: ونجعل
الصنف الصرفي: فعل مضارع
الجذر: جعل
الحالة: معرب"
اتبعكما,"الكلمة: اتبعكما
الصنف الصرفي: فعل ماض
الجذر: تبع
الحالة: مبني"
مفترى,"الكلمة: مفترى
الصنف الصرفي: اسم مفعول
الجذر: فرر
الحالة: معرب"
هامان,"الكلمة: هامان
الصنف الصرفي: اسم علم أعجمي
الجذر: همم
الحالة: مبني"
لأظنه,"الكلمة: لأظنه
الصنف الصرفي: فعل ماض
الجذر: ظنن
الحالة: معرب"
فنبذناهم,"الكلمة: فنبذناهم
الصنف الصرفي: فعل ماض
الجذر: نبذ
الحالة: مبني"
وأتبعناهم,"الكلمة: وأتبعناهم
الصنف الصرفي: فعل ماض
الجذر: تبع
الحالة: مبني"
بجانب,"الكلمة: بجانب
الصنف الصرفي: اسم مجرد
الجذر: جنب
الحالة: معرب"
الغربي,"الكلمة: الغربي
الصنف الصرفي: اسم منسوب
الجذر: غرب
الحالة: معرب"
مرسلين,"الكلمة: مرسلين
الصنف الصرفي: اسم فاعل
الجذر: رسل
الحالة: معرب"
تظاهرا,"الكلمة: تظاهرا
الصنف الصرفي: فعل ماض
الجذر: ظهر
الحالة: مبني"
أتبعه,"الكلمة: أتبعه
الصنف الصرفي: فعل مضارع
الجذر: تبع
الحالة: معرب"
أعرضوا,"الكلمة: أعرضوا
الصنف الصرفي: فعل ماض
الجذر: عرض
الحالة: مبني"
أحببت,"الكلمة: أحببت
الصنف الصرفي: فعل ماض
الجذر: حبب
الحالة: مبني"
نتخطف,"الكلمة: نتخطف
الصنف الصرفي: IV_PASS
الجذر: خطف
الحالة: معرب"
مهلكي,"الكلمة: مهلكي
الصنف الصرفي: اسم فاعل
الجذر: هلك
الحالة: معرب"
فمتاع,"الكلمة: فمتاع
الصنف الصرفي: اسم مجرد
الجذر: متع
الحالة: معرب"
متعناه,"الكلمة: متعناه
الصنف الصرفي: فعل ماض
الجذر: متع
الحالة: مبني"
المحضرين,"الكلمة: المحضرين
الصنف الصرفي: اسم مفعول
الجذر: حضر
الحالة: معرب"
تبرأنا,"الكلمة: تبرأنا
الصنف الصرفي: فعل ماض
الجذر: تبر
الحالة: مبني"
المفلحين,"الكلمة: المفلحين
الصنف الصرفي: اسم فاعل
الجذر: فلح
الحالة: معرب"
تسكنون,"الكلمة: تسكنون
الصنف الصرفي: فعل مضارع
الجذر: سكن"
فعلموا,"الكلمة: فعلموا
الصنف الصرفي: فعل ماض
الجذر: علم
الحالة: مبني"
قارون,"الكلمة: قارون
الصنف الصرفي: اسم علم أعجمي
الجذر: قرن
الحالة: معرب"
بالعصبة,"الكلمة: بالعصبة
الصنف الصرفي: اسم محسوس
الجذر: عصب
الحالة: معرب"
نصيبك,"الكلمة: نصيبك
الصنف الصرفي: اسم مجرد
الجذر: نصب
الحالة: معرب"
وأحسن,"الكلمة: وأحسن
الصنف الصرفي: صفة مقارنة
الجذر: حسن
الحالة: مبني"
الصابرون,"الكلمة: الصابرون
الصنف الصرفي: اسم فاعل
الجذر: صبر
الحالة: معرب"
فخسفنا,"الكلمة: فخسفنا
الصنف الصرفي: فعل ماض
الجذر: خسف
الحالة: مبني"
وبداره,"الكلمة: وبداره
الصنف الصرفي: اسم محسوس
الجذر: بدر
الحالة: معرب"
المنتصرين,"الكلمة: المنتصرين
الصنف الصرفي: اسم فاعل
الجذر: نصر
الحالة: معرب"
نجعلها,"الكلمة: نجعلها
الصنف الصرفي: فعل مضارع
الجذر: جعل
الحالة: معرب"
يتركوا,"الكلمة: يتركوا
الصنف الصرفي: IV_PASS
الجذر: ترك
الحالة: معرب"
فليعلمن,"الكلمة: فليعلمن
الصنف الصرفي: فعل مضارع
الجذر: علم
الحالة: مبني"
وليعلمن,"الكلمة: وليعلمن
الصنف الصرفي: فعل مضارع
الجذر: علم
الحالة: مبني"
يسبقونا,"الكلمة: يسبقونا
الصنف الصرفي: فعل مضارع
الجذر: سبق
الحالة: معرب"
يجاهد,"الكلمة: يجاهد
الصنف الصرفي: فعل مضارع
الجذر: جهد
الحالة: معرب"
جاهداك,"الكلمة: جاهداك
الصنف الصرفي: فعل ماض
الجذر: جهد
الحالة: مبني"
لتشرك,"الكلمة: لتشرك
الصنف الصرفي: فعل مضارع
الجذر: شرك
الحالة: معرب"
كعذاب,"الكلمة: كعذاب
الصنف الصرفي: مصدر
الجذر: عذب
الحالة: معرب"
سبيلنا,"الكلمة: سبيلنا
الصنف الصرفي: اسم مجرد
الجذر: سبل
الحالة: معرب"
ولنحمل,"الكلمة: ولنحمل
الصنف الصرفي: فعل مضارع
الجذر: حمل
الحالة: معرب"
بحاملين,"الكلمة: بحاملين
الصنف الصرفي: اسم فاعل
الجذر: حمل
الحالة: معرب"
وليحملن,"الكلمة: وليحملن
الصنف الصرفي: فعل مضارع
الجذر: حمل
الحالة: معرب"
أثقالهم,"الكلمة: أثقالهم
الصنف الصرفي: اسم مجرد
الجذر: ثقل
الحالة: معرب"
وأثقالا,"الكلمة: وأثقالا
الصنف الصرفي: اسم مجرد
الجذر: ثقل
الحالة: معرب"
خمسين,"الكلمة: خمسين
الصنف الصرفي: اسم عدد
الجذر: خمس
الحالة: معرب"
وإبراهيم,"الكلمة: وإبراهيم
الصنف الصرفي: اسم علم أعجمي
الجذر: NTWS
الحالة: معرب"
وتخلقون,"الكلمة: وتخلقون
الصنف الصرفي: فعل مضارع
الجذر: خلق
الحالة: معرب"
تكذبوا,"الكلمة: تكذبوا
الصنف الصرفي: فعل مضارع
الجذر: كذب
الحالة: معرب"
ويرحم,"الكلمة: ويرحم
الصنف الصرفي: فعل مضارع
الجذر: رحم
الحالة: معرب"
تقلبون,"الكلمة: تقلبون
الصنف الصرفي: IV_PASS
الجذر: قلب"
رحمتي,"الكلمة: رحمتي
الصنف الصرفي: مصدر
الجذر: رحم
الحالة: معرب"
ويلعن,"الكلمة: ويلعن
الصنف الصرفي: فعل مضارع
الجذر: لعن
الحالة: معرب"
مهاجر,"الكلمة: مهاجر
الصنف الصرفي: اسم فاعل
الجذر: هجر
الحالة: معرب"
وتقطعون,"الكلمة: وتقطعون
الصنف الصرفي: فعل مضارع
الجذر: قطع
الحالة: معرب"
مهلكو,"الكلمة: مهلكو
الصنف الصرفي: اسم فاعل
الجذر: هلك
الحالة: معرب"
تركنا,"الكلمة: تركنا
الصنف الصرفي: فعل ماض
الجذر: ترك
الحالة: مبني"
وقارون,"الكلمة: وقارون
الصنف الصرفي: اسم علم أعجمي
الجذر: قرن
الحالة: معرب"
سابقين,"الكلمة: سابقين
الصنف الصرفي: اسم فاعل
الجذر: سبق
الحالة: معرب"
بذنبه,"الكلمة: بذنبه
الصنف الصرفي: اسم مجرد
الجذر: ذنب
الحالة: معرب"
خسفنا,"الكلمة: خسفنا
الصنف الصرفي: فعل ماض
الجذر: خسف
الحالة: مبني"
بيتا,"الكلمة: بيتا
الصنف الصرفي: اسم محسوس
الجذر: NTWS
الحالة: معرب"
نضربها,"الكلمة: نضربها
الصنف الصرفي: فعل مضارع
الجذر: ضرب
الحالة: معرب"
يعقلها,"الكلمة: يعقلها
الصنف الصرفي: فعل مضارع
الجذر: عقل
الحالة: معرب"
العالمون,"الكلمة: العالمون
الصنف الصرفي: اسم فاعل
الجذر: علم
الحالة: معرب"
ولذكر,"الكلمة: ولذكر
الصنف الصرفي: مصدر
الجذر: ذكر
الحالة: معرب"
تصنعون,"الكلمة: تصنعون
الصنف الصرفي: فعل مضارع
الجذر: صنع"
تجادلوا,"الكلمة: تجادلوا
الصنف الصرفي: فعل مضارع
الجذر: جدل
الحالة: معرب"
يكفهم,"الكلمة: يكفهم
الصنف الصرفي: فعل مضارع
الجذر: كفف
الحالة: معرب"
لرحمة,"الكلمة: لرحمة
الصنف الصرفي: مصدر
الجذر: رحم
الحالة: معرب"
يستعجلونك,"الكلمة: يستعجلونك
الصنف الصرفي: فعل مضارع
الجذر: عجل
الحالة: معرب"
يغشاهم,"الكلمة: يغشاهم
الصنف الصرفي: فعل مضارع
الجذر: غشش
الحالة: معرب"
رزقها,"الكلمة: رزقها
الصنف الصرفي: اسم محسوس
الجذر: رزق
الحالة: معرب"
يرزقها,"الكلمة: يرزقها
الصنف الصرفي: فعل مضارع
الجذر: رزق
الحالة: معرب"
ركبوا,"الكلمة: ركبوا
الصنف الصرفي: فعل ماض
الجذر: ركب
الحالة: مبني"
وليتمتعوا,"الكلمة: وليتمتعوا
الصنف الصرفي: فعل مضارع
الجذر: متع
الحالة: معرب"
ويتخطف,"الكلمة: ويتخطف
الصنف الصرفي: IV_PASS
الجذر: خطف
الحالة: معرب"
وبنعمة,"الكلمة: وبنعمة
الصنف الصرفي: اسم مجرد
الجذر: نعم
الحالة: معرب"
غلبهم,"الكلمة: غلبهم
الصنف الصرفي: مصدر
الجذر: غلب
الحالة: معرب"
سيغلبون,"الكلمة: سيغلبون
الصنف الصرفي: IV_PASS
الجذر: غلب
الحالة: معرب"
لكافرون,"الكلمة: لكافرون
الصنف الصرفي: اسم فاعل
الجذر: كفر
الحالة: معرب"
وعمروها,"الكلمة: وعمروها
الصنف الصرفي: فعل ماض
الجذر: عمر
الحالة: مبني"
عمروها,"الكلمة: عمروها
الصنف الصرفي: فعل ماض
الجذر: عمر
الحالة: مبني"
بشركائهم,"الكلمة: بشركائهم
الصنف الصرفي: اسم محسوس
الجذر: شرك
الحالة: معرب"
يتفرقون,"الكلمة: يتفرقون
الصنف الصرفي: فعل مضارع
الجذر: فرق
الحالة: معرب"
يحبرون,"الكلمة: يحبرون
الصنف الصرفي: IV_PASS
الجذر: حبر"
محضرون,"الكلمة: محضرون
الصنف الصرفي: اسم مفعول
الجذر: حضر
الحالة: معرب"
تمسون,"الكلمة: تمسون
الصنف الصرفي: فعل مضارع
الجذر: مسس"
تصبحون,"الكلمة: تصبحون
الصنف الصرفي: فعل مضارع
الجذر: صبح"
تظهرون,"الكلمة: تظهرون
الصنف الصرفي: فعل مضارع
الجذر: ظهر"
تنتشرون,"الكلمة: تنتشرون
الصنف الصرفي: فعل مضارع
الجذر: نشر"
فيحيي,"الكلمة: فيحيي
الصنف الصرفي: فعل مضارع
الجذر: NTWS
الحالة: معرب"
يتكلم,"الكلمة: يتكلم
الصنف الصرفي: فعل مضارع
الجذر: كلم
الحالة: معرب"
يقنطون,"الكلمة: يقنطون
الصنف الصرفي: فعل مضارع
الجذر: قنط"
أيدي,"الكلمة: أيدي
الصنف الصرفي: اسم محسوس
الجذر: NTWS
الحالة: معرب"
يصدعون,"الكلمة: يصدعون
الصنف الصرفي: فعل مضارع
الجذر: صدع
الحالة: معرب"
فلأنفسهم,"الكلمة: فلأنفسهم
الصنف الصرفي: اسم محسوس
الجذر: نفس
الحالة: معرب"
يمهدون,"الكلمة: يمهدون
الصنف الصرفي: فعل مضارع
الجذر: مهد"
مبشرات,"الكلمة: مبشرات
الصنف الصرفي: اسم فاعل
الجذر: بشر
الحالة: معرب"
ولتجري,"الكلمة: ولتجري
الصنف الصرفي: فعل مضارع
الجذر: جرر
الحالة: معرب"
فيبسطه,"الكلمة: فيبسطه
الصنف الصرفي: فعل مضارع
الجذر: بسط
الحالة: معرب"
ويجعله,"الكلمة: ويجعله
الصنف الصرفي: فعل مضارع
الجذر: جعل
الحالة: معرب"
مصفرا,"الكلمة: مصفرا
الصنف الصرفي: اسم مفعول
الجذر: صفر
الحالة: معرب"
لظلوا,"الكلمة: لظلوا
الصنف الصرفي: فعل ماض
الجذر: ظلل
الحالة: مبني"
وشيبة,"الكلمة: وشيبة
الصنف الصرفي: مصدر
الجذر: شبة
الحالة: معرب"
القدير,"الكلمة: القدير
الصنف الصرفي: اسم علم
الجذر: قدر
الحالة: معرب"
فهذا,"الكلمة: فهذا
الصنف الصرفي: اسم إشارة
الجذر: ه"
ولكنكم,"الكلمة: ولكنكم
الصنف الصرفي: حرف ناسخ
الجذر: لكن
الحالة: مبني"
معذرتهم,"الكلمة: معذرتهم
الصنف الصرفي: مصدر ميمي
الجذر: عذر
الحالة: معرب"
مبطلون,"الكلمة: مبطلون
الصنف الصرفي: اسم فاعل
الجذر: بطل
الحالة: معرب"
الحكيم,"الكلمة: الحكيم
الصنف الصرفي: صفة نوعية
الجذر: حكم
الحالة: معرب"
يسمعها,"الكلمة: يسمعها
الصنف الصرفي: فعل مضارع
الجذر: سمع
الحالة: معرب"
فبشره,"الكلمة: فبشره
الصنف الصرفي: فعل أمر
الجذر: بشر
الحالة: مبني"
لقمان,"الكلمة: لقمان
الصنف الصرفي: اسم علم
الجذر: لقم
الحالة: معرب"
الشرك,"الكلمة: الشرك
الصنف الصرفي: اسم مجرد
الجذر: شرك
الحالة: معرب"
وهن,"الكلمة: وهن
الصنف الصرفي: مصدر
الجذر: ه
الحالة: معرب"
عامين,"الكلمة: عامين
الصنف الصرفي: اسم مجرد
الجذر: عمم
الحالة: معرب"
وصاحبهما,"الكلمة: وصاحبهما
الصنف الصرفي: فعل أمر
الجذر: صحب
الحالة: مبني"
واقصد,"الكلمة: واقصد
الصنف الصرفي: فعل أمر
الجذر: قصد
الحالة: مبني"
واغضض,"الكلمة: واغضض
الصنف الصرفي: فعل أمر
الجذر: غضض
الحالة: مبني"
الحمير,"الكلمة: الحمير
الصنف الصرفي: اسم محسوس
الجذر: حمر
الحالة: معرب"
وأسبغ,"الكلمة: وأسبغ
الصنف الصرفي: فعل ماض
الجذر: سبغ
الحالة: مبني"
يدعوهم,"الكلمة: يدعوهم
الصنف الصرفي: فعل مضارع
الجذر: دعع
الحالة: معرب"
نمتعهم,"الكلمة: نمتعهم
الصنف الصرفي: فعل مضارع
الجذر: متع
الحالة: معرب"
نضطرهم,"الكلمة: نضطرهم
الصنف الصرفي: فعل مضارع
الجذر: ضرر
الحالة: معرب"
أقلام,"الكلمة: أقلام
الصنف الصرفي: اسم محسوس
الجذر: قلم
الحالة: معرب"
خلقكم,"الكلمة: خلقكم
الصنف الصرفي: مصدر
الجذر: خلق
الحالة: معرب"
بعثكم,"الكلمة: بعثكم
الصنف الصرفي: مصدر
الجذر: بعث
الحالة: معرب"
كالظلل,"الكلمة: كالظلل
الصنف الصرفي: اسم مجرد
الجذر: ظلل
الحالة: معرب"
والده,"الكلمة: والده
الصنف الصرفي: اسم فاعل
الجذر: لدد
الحالة: معرب"
تنزيل,"الكلمة: تنزيل
الصنف الصرفي: مصدر
الجذر: نزل
الحالة: معرب"
مقداره,"الكلمة: مقداره
الصنف الصرفي: اسم مجرد
الجذر: قدر
الحالة: معرب"
ضللنا,"الكلمة: ضللنا
الصنف الصرفي: فعل ماض
الجذر: ضلل
الحالة: مبني"
أبصرنا,"الكلمة: أبصرنا
الصنف الصرفي: فعل ماض
الجذر: بصر
الحالة: مبني"
وسمعنا,"الكلمة: وسمعنا
الصنف الصرفي: فعل ماض
الجذر: سمع
الحالة: مبني"
فارجعنا,"الكلمة: فارجعنا
الصنف الصرفي: فعل أمر
الجذر: رجع
الحالة: مبني"
هداها,"الكلمة: هداها
الصنف الصرفي: مصدر
الجذر: هدد
الحالة: معرب"
وسبحوا,"الكلمة: وسبحوا
الصنف الصرفي: فعل ماض
الجذر: سبح
الحالة: مبني"
أخفي,"الكلمة: أخفي
الصنف الصرفي: فعل ماض مجهول
الجذر: خفّ
الحالة: مبني"
فاسقا,"الكلمة: فاسقا
الصنف الصرفي: اسم فاعل
الجذر: فسق
الحالة: معرب"
منتقمون,"الكلمة: منتقمون
الصنف الصرفي: اسم فاعل
الجذر: نقم
الحالة: معرب"
الجرز,"الكلمة: الجرز
الصنف الصرفي: صفة نوعية
الجذر: جرز
الحالة: معرب"
فنخرج,"الكلمة: فنخرج
الصنف الصرفي: فعل مضارع
الجذر: خرج
الحالة: معرب"
أنعامهم,"الكلمة: أنعامهم
الصنف الصرفي: اسم محسوس
الجذر: نعم
الحالة: معرب"
وانتظر,"الكلمة: وانتظر
الصنف الصرفي: فعل أمر
الجذر: نظر
الحالة: مبني"
قلبين,"الكلمة: قلبين
الصنف الصرفي: اسم مجرد
الجذر: قلب
الحالة: معرب"
تعمدت,"الكلمة: تعمدت
الصنف الصرفي: فعل ماض
الجذر: عمد
الحالة: مبني"
ومنك,"الكلمة: ومنك
الصنف الصرفي: حرف جر
الجذر: من
الحالة: مبني"
وجنودا,"الكلمة: وجنودا
الصنف الصرفي: اسم منسوب
الجذر: جند
الحالة: معرب"
وبلغت,"الكلمة: وبلغت
الصنف الصرفي: فعل ماض
الجذر: بلغ
الحالة: مبني"
الحناجر,"الكلمة: الحناجر
الصنف الصرفي: اسم محسوس
الجذر: حنجر
الحالة: معرب"
أقطارها,"الكلمة: أقطارها
الصنف الصرفي: اسم محسوس
الجذر: قطر
الحالة: معرب"
تلبثوا,"الكلمة: تلبثوا
الصنف الصرفي: فعل مضارع
الجذر: لبث
الحالة: مبني"
الفرار,"الكلمة: الفرار
الصنف الصرفي: مصدر
الجذر: فرر
الحالة: معرب"
فررتم,"الكلمة: فررتم
الصنف الصرفي: فعل ماض
الجذر: فرر
الحالة: مبني"
تمتعون,"الكلمة: تمتعون
الصنف الصرفي: IV_PASS
الجذر: متع"
يعصمكم,"الكلمة: يعصمكم
الصنف الصرفي: فعل مضارع
الجذر: عصم
الحالة: معرب"
سلقوكم,"الكلمة: سلقوكم
الصنف الصرفي: فعل ماض
الجذر: سلق
الحالة: مبني"
بألسنة,"الكلمة: بألسنة
الصنف الصرفي: اسم محسوس
الجذر: لسن
الحالة: معرب"
فأحبط,"الكلمة: فأحبط
الصنف الصرفي: فعل ماض
الجذر: حبط
الحالة: مبني"
قاتلوا,"الكلمة: قاتلوا
الصنف الصرفي: فعل ماض
الجذر: قتل
الحالة: مبني"
وتسليما,"الكلمة: وتسليما
الصنف الصرفي: مصدر
الجذر: سلم
الحالة: معرب"
ينتظر,"الكلمة: ينتظر
الصنف الصرفي: فعل مضارع
الجذر: نظر
الحالة: معرب"
تبديلا,"الكلمة: تبديلا
الصنف الصرفي: مصدر
الجذر: بدل
الحالة: معرب"
بصدقهم,"الكلمة: بصدقهم
الصنف الصرفي: مصدر
الجذر: صدق
الحالة: معرب"
ظاهروهم,"الكلمة: ظاهروهم
الصنف الصرفي: فعل ماض
الجذر: ظهر
الحالة: مبني"
أمتعكن,"الكلمة: أمتعكن
الصنف الصرفي: فعل مضارع
الجذر: متع
الحالة: معرب"
وأسرحكن,"الكلمة: وأسرحكن
الصنف الصرفي: فعل مضارع
الجذر: سرح
الحالة: معرب"
سراحا,"الكلمة: سراحا
الصنف الصرفي: مصدر
الجذر: سرح
الحالة: معرب"
جميلا,"الكلمة: جميلا
الصنف الصرفي: صفة نوعية
الجذر: جمل
الحالة: معرب"
منكن,"الكلمة: منكن
الصنف الصرفي: حرف جر
الجذر: من
الحالة: مبني"
وتعمل,"الكلمة: وتعمل
الصنف الصرفي: فعل مضارع
الجذر: عمل
الحالة: معرب"
أجرها,"الكلمة: أجرها
الصنف الصرفي: اسم مجرد
الجذر: جرر
الحالة: معرب"
تخضعن,"الكلمة: تخضعن
الصنف الصرفي: فعل مضارع
الجذر: خضع
الحالة: مبني"
فيطمع,"الكلمة: فيطمع
الصنف الصرفي: فعل مضارع
الجذر: طمع
الحالة: معرب"
تبرجن,"الكلمة: تبرجن
الصنف الصرفي: فعل مضارع
الجذر: برج
الحالة: مبني"
وأطعن,"الكلمة: وأطعن
الصنف الصرفي: فعل أمر
الجذر: طعن
الحالة: مبني"
ليذهب,"الكلمة: ليذهب
الصنف الصرفي: فعل مضارع
الجذر: ذهب
الحالة: معرب"
ويطهركم,"الكلمة: ويطهركم
الصنف الصرفي: فعل مضارع
الجذر: طهر
الحالة: معرب"
تطهيرا,"الكلمة: تطهيرا
الصنف الصرفي: مصدر
الجذر: طهر
الحالة: معرب"
واذكرن,"الكلمة: واذكرن
الصنف الصرفي: فعل أمر
الجذر: ذكر
الحالة: مبني"
لطيفا,"الكلمة: لطيفا
الصنف الصرفي: صفة نوعية
الجذر: لطف
الحالة: معرب"
والمسلمات,"الكلمة: والمسلمات
الصنف الصرفي: اسم فاعل
الجذر: سلم
الحالة: معرب"
والصابرات,"الكلمة: والصابرات
الصنف الصرفي: اسم فاعل
الجذر: صبر
الحالة: معرب"
والخاشعين,"الكلمة: والخاشعين
الصنف الصرفي: اسم فاعل
الجذر: خشع
الحالة: معرب"
والخاشعات,"الكلمة: والخاشعات
الصنف الصرفي: اسم فاعل
الجذر: خشع
الحالة: معرب"
والمتصدقين,"الكلمة: والمتصدقين
الصنف الصرفي: اسم فاعل
الجذر: صدق
الحالة: معرب"
والمتصدقات,"الكلمة: والمتصدقات
الصنف الصرفي: اسم فاعل
الجذر: صدق
الحالة: معرب"
والحافظين,"الكلمة: والحافظين
الصنف الصرفي: اسم فاعل
الجذر: حفظ
الحالة: معرب"
والحافظات,"الكلمة: والحافظات
الصنف الصرفي: اسم فاعل
الجذر: حفظ
الحالة: معرب"
وأجرا,"الكلمة: وأجرا
الصنف الصرفي: مصدر
الجذر: جرر
الحالة: معرب"
وأنعمت,"الكلمة: وأنعمت
الصنف الصرفي: فعل ماض
الجذر: نعم
الحالة: مبني"
وتخفي,"الكلمة: وتخفي
الصنف الصرفي: فعل مضارع
الجذر: خفف
الحالة: معرب"
وتخشى,"الكلمة: وتخشى
الصنف الصرفي: فعل مضارع
الجذر: خشش
الحالة: معرب"
تخشاه,"الكلمة: تخشاه
الصنف الصرفي: فعل مضارع
الجذر: خشش
الحالة: معرب"
مقدورا,"الكلمة: مقدورا
الصنف الصرفي: اسم مفعول
الجذر: قدر
الحالة: معرب"
يبلغون,"الكلمة: يبلغون
الصنف الصرفي: فعل مضارع
الجذر: بلغ"
ويخشونه,"الكلمة: ويخشونه
الصنف الصرفي: فعل مضارع
الجذر: خشش
الحالة: معرب"
وخاتم,"الكلمة: وخاتم
الصنف الصرفي: اسم مجرد
الجذر: ختم
الحالة: معرب"
وسبحوه,"الكلمة: وسبحوه
الصنف الصرفي: فعل ماض
الجذر: سبح
الحالة: مبني"
ليخرجكم,"الكلمة: ليخرجكم
الصنف الصرفي: فعل مضارع
الجذر: خرج
الحالة: معرب"
شاهدا,"الكلمة: شاهدا
الصنف الصرفي: اسم فاعل
الجذر: شهد
الحالة: معرب"
ومبشرا,"الكلمة: ومبشرا
الصنف الصرفي: اسم فاعل
الجذر: بشر
الحالة: معرب"
وسراجا,"الكلمة: وسراجا
الصنف الصرفي: اسم مجرد
الجذر: سرج
الحالة: معرب"
نكحتم,"الكلمة: نكحتم
الصنف الصرفي: فعل ماض
الجذر: نكح
الحالة: مبني"
تعتدونها,"الكلمة: تعتدونها
الصنف الصرفي: فعل مضارع
الجذر: عدد
الحالة: معرب"
فمتعوهن,"الكلمة: فمتعوهن
الصنف الصرفي: فعل أمر
الجذر: متع
الحالة: مبني"
وسرحوهن,"الكلمة: وسرحوهن
الصنف الصرفي: فعل أمر
الجذر: سرح
الحالة: مبني"
أحللنا,"الكلمة: أحللنا
الصنف الصرفي: فعل ماض
الجذر: حلل
الحالة: مبني"
هاجرن,"الكلمة: هاجرن
الصنف الصرفي: فعل ماض
الجذر: هجر
الحالة: مبني"
وامرأة,"الكلمة: وامرأة
الصنف الصرفي: اسم محسوس
الجذر: مرر
الحالة: معرب"
فرضنا,"الكلمة: فرضنا
الصنف الصرفي: فعل ماض
الجذر: فرض
الحالة: مبني"
حسنهن,"الكلمة: حسنهن
الصنف الصرفي: اسم مجرد
الجذر: حسن
الحالة: معرب"
ناظرين,"الكلمة: ناظرين
الصنف الصرفي: اسم فاعل
الجذر: نظر
الحالة: معرب"
طعمتم,"الكلمة: طعمتم
الصنف الصرفي: فعل ماض
الجذر: طعم
الحالة: مبني"
فانتشروا,"الكلمة: فانتشروا
الصنف الصرفي: فعل أمر
الجذر: نشر
الحالة: مبني"
لحديث,"الكلمة: لحديث
الصنف الصرفي: اسم مجرد
الجذر: حدث
الحالة: معرب"
لقلوبكم,"الكلمة: لقلوبكم
الصنف الصرفي: اسم مجرد
الجذر: قلب
الحالة: معرب"
وقلوبهن,"الكلمة: وقلوبهن
الصنف الصرفي: اسم مجرد
الجذر: قلب
الحالة: معرب"
وسلموا,"الكلمة: وسلموا
الصنف الصرفي: فعل أمر
الجذر: سلم
الحالة: مبني"
احتملوا,"الكلمة: احتملوا
الصنف الصرفي: فعل ماض
الجذر: حمل
الحالة: مبني"
جلابيبهن,"الكلمة: جلابيبهن
الصنف الصرفي: اسم محسوس
الجذر: جلب
الحالة: معرب"
يعرفن,"الكلمة: يعرفن
الصنف الصرفي: IV_PASS
الجذر: عرف
الحالة: مبني"
ملعونين,"الكلمة: ملعونين
الصنف الصرفي: اسم مفعول
الجذر: لعن
الحالة: معرب"
تقتيلا,"الكلمة: تقتيلا
الصنف الصرفي: مصدر
الجذر: قتل
الحالة: معرب"
سادتنا,"الكلمة: سادتنا
الصنف الصرفي: اسم محسوس
الجذر: سدد
الحالة: معرب"
وكبراءنا,"الكلمة: وكبراءنا
الصنف الصرفي: صفة نوعية
الجذر: كبر
الحالة: معرب"
فأضلونا,"الكلمة: فأضلونا
الصنف الصرفي: فعل ماض
الجذر: فضل
الحالة: مبني"
والعنهم,"الكلمة: والعنهم
الصنف الصرفي: فعل أمر
الجذر: لعن
الحالة: مبني"
عرضنا,"الكلمة: عرضنا
الصنف الصرفي: فعل ماض
الجذر: عرض
الحالة: مبني"
يحملنها,"الكلمة: يحملنها
الصنف الصرفي: فعل مضارع
الجذر: حمل
الحالة: مبني"
وأشفقن,"الكلمة: وأشفقن
الصنف الصرفي: فعل ماض
الجذر: شفق
الحالة: مبني"
وحملها,"الكلمة: وحملها
الصنف الصرفي: فعل ماض
الجذر: حمل
الحالة: مبني"
جهولا,"الكلمة: جهولا
الصنف الصرفي: صفة مبالغة
الجذر: جهل
الحالة: معرب"
ليعذب,"الكلمة: ليعذب
الصنف الصرفي: فعل مضارع
الجذر: عذب
الحالة: معرب"
والمشركين,"الكلمة: والمشركين
الصنف الصرفي: اسم فاعل
الجذر: شرك
الحالة: معرب"
والمشركات,"الكلمة: والمشركات
الصنف الصرفي: اسم فاعل
الجذر: شرك
الحالة: معرب"
ندلكم,"الكلمة: ندلكم
الصنف الصرفي: فعل مضارع
الجذر: ندل
الحالة: معرب"
مزقتم,"الكلمة: مزقتم
الصنف الصرفي: فعل ماض مجهول
الجذر: مزق
الحالة: مبني"
سابغات,"الكلمة: سابغات
الصنف الصرفي: اسم فاعل
الجذر: سبغ
الحالة: معرب"
السرد,"الكلمة: السرد
الصنف الصرفي: اسم محسوس
الجذر: سرد
الحالة: معرب"
القطر,"الكلمة: القطر
الصنف الصرفي: اسم محسوس
الجذر: قطر
الحالة: معرب"
وتماثيل,"الكلمة: وتماثيل
الصنف الصرفي: اسم محسوس
الجذر: مثل
الحالة: معرب"
وجفان,"الكلمة: وجفان
الصنف الصرفي: اسم محسوس
الجذر: جفن
الحالة: معرب"
وقدور,"الكلمة: وقدور
الصنف الصرفي: اسم محسوس
الجذر: قدر
الحالة: معرب"
الشكور,"الكلمة: الشكور
الصنف الصرفي: صفة مبالغة
الجذر: شكر
الحالة: معرب"
مسكنهم,"الكلمة: مسكنهم
الصنف الصرفي: اسم زمان أو مكان
الجذر: مسك
الحالة: معرب"
جنتان,"الكلمة: جنتان
الصنف الصرفي: اسم محسوس
الجذر: جنن
الحالة: معرب"
العرم,"الكلمة: العرم
الصنف الصرفي: اسم محسوس
الجذر: عرم
الحالة: معرب"
وبدلناهم,"الكلمة: وبدلناهم
الصنف الصرفي: فعل ماض
الجذر: بدل
الحالة: مبني"
بجنتيهم,"الكلمة: بجنتيهم
الصنف الصرفي: اسم محسوس
الجذر: جنن
الحالة: معرب"
ذواتي,"الكلمة: ذواتي
الصنف الصرفي: اسم من الأسماء الخمسة
الجذر: NTWS
الحالة: معرب"
نجازي,"الكلمة: نجازي
الصنف الصرفي: فعل مضارع
الجذر: نجز
الحالة: معرب"
وقدرنا,"الكلمة: وقدرنا
الصنف الصرفي: فعل ماض
الجذر: قدر
الحالة: مبني"
أسفارنا,"الكلمة: أسفارنا
الصنف الصرفي: اسم مجرد
الجذر: سفر
الحالة: معرب"
ومزقناهم,"الكلمة: ومزقناهم
الصنف الصرفي: فعل ماض
الجذر: مزق
الحالة: مبني"
فاتبعوه,"الكلمة: فاتبعوه
الصنف الصرفي: فعل ماض
الجذر: تبع
الحالة: مبني"
إياكم,"الكلمة: إياكم
الصنف الصرفي: ضمير
الجذر: ّكم"
أجرمنا,"الكلمة: أجرمنا
الصنف الصرفي: فعل ماض
الجذر: جرم
الحالة: مبني"
الفتاح,"الكلمة: الفتاح
الصنف الصرفي: اسم علم
الجذر: فتح
الحالة: معرب"
ألحقتم,"الكلمة: ألحقتم
الصنف الصرفي: فعل ماض
الجذر: لحق
الحالة: مبني"
تستقدمون,"الكلمة: تستقدمون
الصنف الصرفي: فعل مضارع
الجذر: قدم"
صددناكم,"الكلمة: صددناكم
الصنف الصرفي: فعل ماض
الجذر: صدد
الحالة: مبني"
أعناق,"الكلمة: أعناق
الصنف الصرفي: اسم محسوس
الجذر: عنق
الحالة: معرب"
مترفوها,"الكلمة: مترفوها
الصنف الصرفي: اسم مفعول
الجذر: ترف
الحالة: معرب"
تقربكم,"الكلمة: تقربكم
الصنف الصرفي: فعل مضارع
الجذر: قرب
الحالة: معرب"
الضعف,"الكلمة: الضعف
الصنف الصرفي: اسم مجرد
الجذر: ضعف
الحالة: معرب"
يخلفه,"الكلمة: يخلفه
الصنف الصرفي: فعل مضارع
الجذر: خلف
الحالة: معرب"
يصدكم,"الكلمة: يصدكم
الصنف الصرفي: فعل مضارع
الجذر: صدد
الحالة: معرب"
يدرسونها,"الكلمة: يدرسونها
الصنف الصرفي: فعل مضارع
الجذر: درس
الحالة: معرب"
معشار,"الكلمة: معشار
الصنف الصرفي: اسم مجرد
الجذر: عشر
الحالة: معرب"
فكذبوا,"الكلمة: فكذبوا
الصنف الصرفي: فعل ماض
الجذر: كذب
الحالة: مبني"
وفرادى,"الكلمة: وفرادى
الصنف الصرفي: اسم محسوس
الجذر: فرد
الحالة: معرب"
تتفكروا,"الكلمة: تتفكروا
الصنف الصرفي: فعل مضارع
الجذر: فكر
الحالة: معرب"
بصاحبكم,"الكلمة: بصاحبكم
الصنف الصرفي: اسم فاعل
الجذر: صحب
الحالة: معرب"
فبما,"الكلمة: فبما
الصنف الصرفي: اسم موصول
الجذر: بم"
فزعوا,"الكلمة: فزعوا
الصنف الصرفي: فعل ماض
الجذر: فزع
الحالة: مبني"
وأنى,"الكلمة: وأنى
الصنف الصرفي: اسم استفهام
الجذر: نّ"
ويقذفون,"الكلمة: ويقذفون
الصنف الصرفي: فعل مضارع
الجذر: قذف
الحالة: معرب"
أجنحة,"الكلمة: أجنحة
الصنف الصرفي: اسم محسوس
الجذر: جنح
الحالة: معرب"
يكذبوك,"الكلمة: يكذبوك
الصنف الصرفي: فعل مضارع
الجذر: كذب
الحالة: معرب"
فسقناه,"الكلمة: فسقناه
الصنف الصرفي: فعل ماض
الجذر: فسق
الحالة: مبني"
النشور,"الكلمة: النشور
الصنف الصرفي: مصدر
الجذر: نشر
الحالة: معرب"
والعمل,"الكلمة: والعمل
الصنف الصرفي: مصدر
الجذر: عمل
الحالة: معرب"
الصالح,"الكلمة: الصالح
الصنف الصرفي: اسم فاعل
الجذر: صلح
الحالة: معرب"
يرفعه,"الكلمة: يرفعه
الصنف الصرفي: فعل مضارع
الجذر: رفع
الحالة: معرب"
البحران,"الكلمة: البحران
الصنف الصرفي: اسم محسوس
الجذر: بحر
الحالة: معرب"
شرابه,"الكلمة: شرابه
الصنف الصرفي: اسم محسوس
الجذر: شرب
الحالة: معرب"
وتستخرجون,"الكلمة: وتستخرجون
الصنف الصرفي: فعل مضارع
الجذر: خرج
الحالة: معرب"
بشرككم,"الكلمة: بشرككم
الصنف الصرفي: مصدر
الجذر: شرك
الحالة: معرب"
مثقلة,"الكلمة: مثقلة
الصنف الصرفي: اسم مفعول
الجذر: ثقل
الحالة: معرب"
الحرور,"الكلمة: الحرور
الصنف الصرفي: اسم مجرد
الجذر: حرر
الحالة: معرب"
بمسمع,"الكلمة: بمسمع
الصنف الصرفي: اسم فاعل
الجذر: سمع
الحالة: معرب"
وبالزبر,"الكلمة: وبالزبر
الصنف الصرفي: اسم علم
الجذر: زبر
الحالة: معرب"
وبالكتاب,"الكلمة: وبالكتاب
الصنف الصرفي: اسم محسوس
الجذر: كتب
الحالة: معرب"
العلماء,"الكلمة: العلماء
الصنف الصرفي: اسم فاعل
الجذر: علم
الحالة: معرب"
لخبير,"الكلمة: لخبير
الصنف الصرفي: صفة مبالغة
الجذر: خبر
الحالة: معرب"
أحلنا,"الكلمة: أحلنا
الصنف الصرفي: فعل ماض
الجذر: حلل
الحالة: مبني"
يمسنا,"الكلمة: يمسنا
الصنف الصرفي: فعل مضارع
الجذر: مسس
الحالة: معرب"
نعمركم,"الكلمة: نعمركم
الصنف الصرفي: فعل مضارع
الجذر: عمر
الحالة: معرب"
كفرهم,"الكلمة: كفرهم
الصنف الصرفي: مصدر
الجذر: كفر
الحالة: معرب"
أمسكهما,"الكلمة: أمسكهما
الصنف الصرفي: فعل ماض
الجذر: مسك
الحالة: مبني"
ليعجزه,"الكلمة: ليعجزه
الصنف الصرفي: فعل مضارع
الجذر: عجز
الحالة: معرب"
أغلالا,"الكلمة: أغلالا
الصنف الصرفي: اسم محسوس
الجذر: غلل
الحالة: معرب"
الأذقان,"الكلمة: الأذقان
الصنف الصرفي: اسم محسوس
الجذر: ذقن
الحالة: معرب"
بمغفرة,"الكلمة: بمغفرة
الصنف الصرفي: مصدر
الجذر: غفر
الحالة: معرب"
ونكتب,"الكلمة: ونكتب
الصنف الصرفي: فعل مضارع
الجذر: كتب
الحالة: معرب"
قدموا,"الكلمة: قدموا
الصنف الصرفي: فعل ماض
الجذر: قدم
الحالة: مبني"
إمام,"الكلمة: إمام
الصنف الصرفي: اسم محسوس
الجذر: مم
الحالة: معرب"
فعززنا,"الكلمة: فعززنا
الصنف الصرفي: فعل ماض
الجذر: عزز
الحالة: مبني"
بثالث,"الكلمة: بثالث
الصنف الصرفي: اسم عدد
الجذر: ثلث
الحالة: معرب"
مرسلون,"الكلمة: مرسلون
الصنف الصرفي: اسم مفعول
الجذر: رسل
الحالة: معرب"
لمرسلون,"الكلمة: لمرسلون
الصنف الصرفي: اسم مفعول
الجذر: رسل
الحالة: معرب"
ذكرتم,"الكلمة: ذكرتم
الصنف الصرفي: فعل ماض مجهول
الجذر: ذكر
الحالة: مبني"
شفاعتهم,"الكلمة: شفاعتهم
الصنف الصرفي: اسم مجرد
الجذر: شفع
الحالة: معرب"
ينقذون,"الكلمة: ينقذون
الصنف الصرفي: فعل مضارع
الجذر: نقذ
الحالة: معرب"
المكرمين,"الكلمة: المكرمين
الصنف الصرفي: اسم مفعول
الجذر: كرم
الحالة: معرب"
منزلين,"الكلمة: منزلين
الصنف الصرفي: اسم فاعل
الجذر: نزل
الحالة: معرب"
خامدون,"الكلمة: خامدون
الصنف الصرفي: اسم فاعل
الجذر: خمد
الحالة: معرب"
العباد,"الكلمة: العباد
الصنف الصرفي: اسم محسوس
الجذر: عبد
الحالة: معرب"
وأخرجنا,"الكلمة: وأخرجنا
الصنف الصرفي: فعل ماض
الجذر: خرج
الحالة: مبني"
فمنه,"الكلمة: فمنه
الصنف الصرفي: حرف جر
الجذر: من
الحالة: مبني"
عملته,"الكلمة: عملته
الصنف الصرفي: فعل ماض
الجذر: عمل
الحالة: مبني"
مظلمون,"الكلمة: مظلمون
الصنف الصرفي: اسم فاعل
الجذر: ظلم
الحالة: معرب"
لمستقر,"الكلمة: لمستقر
الصنف الصرفي: اسم زمان أو مكان
الجذر: قرر
الحالة: معرب"
قدرناه,"الكلمة: قدرناه
الصنف الصرفي: فعل ماض
الجذر: قدر
الحالة: مبني"
كالعرجون,"الكلمة: كالعرجون
الصنف الصرفي: اسم محسوس
الجذر: عرجن
الحالة: معرب"
وخلقنا,"الكلمة: وخلقنا
الصنف الصرفي: فعل ماض
الجذر: خلق
الحالة: مبني"
يركبون,"الكلمة: يركبون
الصنف الصرفي: فعل مضارع
الجذر: ركب
الحالة: معرب"
نغرقهم,"الكلمة: نغرقهم
الصنف الصرفي: فعل مضارع
الجذر: غرق
الحالة: معرب"
ينقذون,"الكلمة: ينقذون
الصنف الصرفي: فعل مضارع
الجذر: نقذ"
خلفكم,"الكلمة: خلفكم
الصنف الصرفي: ظرف
الجذر: خلف
الحالة: معرب"
أطعمه,"الكلمة: أطعمه
الصنف الصرفي: فعل ماض
الجذر: طعم
الحالة: مبني"
يخصمون,"الكلمة: يخصمون
الصنف الصرفي: فعل مضارع
الجذر: خصم"
الأجداث,"الكلمة: الأجداث
الصنف الصرفي: اسم محسوس
الجذر: جدث
الحالة: معرب"
مرقدنا,"الكلمة: مرقدنا
الصنف الصرفي: اسم زمان أو مكان
الجذر: رقد
الحالة: معرب"
فاكهون,"الكلمة: فاكهون
الصنف الصرفي: اسم فاعل
الجذر: فكه
الحالة: معرب"
فاكهة,"الكلمة: فاكهة
الصنف الصرفي: اسم محسوس
الجذر: فكه
الحالة: معرب"
وتكلمنا,"الكلمة: وتكلمنا
الصنف الصرفي: فعل مضارع
الجذر: كلم
الحالة: معرب"
وتشهد,"الكلمة: وتشهد
الصنف الصرفي: فعل مضارع
الجذر: شهد
الحالة: معرب"
لطمسنا,"الكلمة: لطمسنا
الصنف الصرفي: فعل ماض
الجذر: طمس
الحالة: مبني"
فاستبقوا,"الكلمة: فاستبقوا
الصنف الصرفي: فعل ماض
الجذر: سبق
الحالة: مبني"
لمسخناهم,"الكلمة: لمسخناهم
الصنف الصرفي: فعل ماض
الجذر: مسخ
الحالة: مبني"
نعمره,"الكلمة: نعمره
الصنف الصرفي: فعل مضارع
الجذر: عمر
الحالة: معرب"
ننكسه,"الكلمة: ننكسه
الصنف الصرفي: فعل مضارع
الجذر: نكس
الحالة: معرب"
مالكون,"الكلمة: مالكون
الصنف الصرفي: اسم فاعل
الجذر: ملك
الحالة: معرب"
وذللناها,"الكلمة: وذللناها
الصنف الصرفي: فعل ماض
الجذر: ذلل
الحالة: مبني"
فمنها,"الكلمة: فمنها
الصنف الصرفي: حرف جر
الجذر: من
الحالة: مبني"
ركوبهم,"الكلمة: ركوبهم
الصنف الصرفي: اسم محسوس
الجذر: ركب
الحالة: معرب"
ومشارب,"الكلمة: ومشارب
الصنف الصرفي: اسم زمان أو مكان
الجذر: شرب
الحالة: معرب"
أنشأها,"الكلمة: أنشأها
الصنف الصرفي: فعل ماض
الجذر: NTWS
الحالة: مبني"
بقادر,"الكلمة: بقادر
الصنف الصرفي: اسم فاعل
الجذر: قدر
الحالة: معرب"
المشارق,"الكلمة: المشارق
الصنف الصرفي: اسم زمان أو مكان
الجذر: شرق
الحالة: معرب"
وحفظا,"الكلمة: وحفظا
الصنف الصرفي: مصدر
الجذر: حفظ
الحالة: معرب"
ويقذفون,"الكلمة: ويقذفون
الصنف الصرفي: IV_PASS
الجذر: قذف
الحالة: معرب"
الخطفة,"الكلمة: الخطفة
الصنف الصرفي: مصدر لحظي
الجذر: خطف
الحالة: معرب"
فاستفتهم,"الكلمة: فاستفتهم
الصنف الصرفي: فعل أمر
الجذر: سفف
الحالة: مبني"
خلقناهم,"الكلمة: خلقناهم
الصنف الصرفي: فعل ماض
الجذر: خلق
الحالة: مبني"
تناصرون,"الكلمة: تناصرون
الصنف الصرفي: فعل مضارع
الجذر: نصر
الحالة: معرب"
وأقبل,"الكلمة: وأقبل
الصنف الصرفي: فعل ماض
الجذر: قبل
الحالة: مبني"
مشتركون,"الكلمة: مشتركون
الصنف الصرفي: اسم فاعل
الجذر: شرك
الحالة: معرب"
بالمجرمين,"الكلمة: بالمجرمين
الصنف الصرفي: اسم فاعل
الجذر: جرم
الحالة: معرب"
لشاعر,"الكلمة: لشاعر
الصنف الصرفي: اسم فاعل
الجذر: شعر
الحالة: معرب"
ينزفون,"الكلمة: ينزفون
الصنف الصرفي: IV_PASS
الجذر: نزف"
قاصرات,"الكلمة: قاصرات
الصنف الصرفي: اسم فاعل
الجذر: قصر
الحالة: معرب"
الطرف,"الكلمة: الطرف
الصنف الصرفي: اسم مجرد
الجذر: طرف
الحالة: معرب"
مكنون,"الكلمة: مكنون
الصنف الصرفي: اسم مفعول
الجذر: مكن
الحالة: معرب"
فأقبل,"الكلمة: فأقبل
الصنف الصرفي: فعل ماض
الجذر: قبل
الحالة: مبني"
المصدقين,"الكلمة: المصدقين
الصنف الصرفي: اسم فاعل
الجذر: صدق
الحالة: معرب"
مطلعون,"الكلمة: مطلعون
الصنف الصرفي: اسم فاعل
الجذر: طلع
الحالة: معرب"
فاطلع,"الكلمة: فاطلع
الصنف الصرفي: فعل ماض
الجذر: طلع
الحالة: مبني"
لكنت,"الكلمة: لكنت
الصنف الصرفي: فعل ماض
الجذر: NTWS
الحالة: مبني"
العاملون,"الكلمة: العاملون
الصنف الصرفي: اسم فاعل
الجذر: عمل
الحالة: معرب"
الزقوم,"الكلمة: الزقوم
الصنف الصرفي: اسم علم
الجذر: زقم
الحالة: معرب"
البطون,"الكلمة: البطون
الصنف الصرفي: اسم محسوس
الجذر: بطن
الحالة: معرب"
منذرين,"الكلمة: منذرين
الصنف الصرفي: اسم فاعل
الجذر: نذر
الحالة: معرب"
فلنعم,"الكلمة: فلنعم
الصنف الصرفي: فعل غير متصرف
الجذر: نعم
الحالة: مبني"
تنطقون,"الكلمة: تنطقون
الصنف الصرفي: فعل مضارع
الجذر: نطق"
فأقبلوا,"الكلمة: فأقبلوا
الصنف الصرفي: فعل ماض
الجذر: قبل
الحالة: مبني"
يزفون,"الكلمة: يزفون
الصنف الصرفي: فعل مضارع
الجذر: زفف"
تنحتون,"الكلمة: تنحتون
الصنف الصرفي: فعل مضارع
الجذر: نحت"
الأسفلين,"الكلمة: الأسفلين
الصنف الصرفي: صفة مقارنة
الجذر: سفل
الحالة: معرب"
فبشرناه,"الكلمة: فبشرناه
الصنف الصرفي: فعل ماض
الجذر: بشر
الحالة: مبني"
أذبحك,"الكلمة: أذبحك
الصنف الصرفي: فعل مضارع
الجذر: ذبح
الحالة: معرب"
أسلما,"الكلمة: أسلما
الصنف الصرفي: فعل ماض
الجذر: سلم
الحالة: مبني"
وبشرناه,"الكلمة: وبشرناه
الصنف الصرفي: فعل ماض
الجذر: بشر
الحالة: مبني"
وباركنا,"الكلمة: وباركنا
الصنف الصرفي: فعل ماض
الجذر: برك
الحالة: مبني"
ذريتهما,"الكلمة: ذريتهما
الصنف الصرفي: مصدر مهني (اسم مهنة)
الجذر: ذرر
الحالة: معرب"
وظالم,"الكلمة: وظالم
الصنف الصرفي: اسم فاعل
الجذر: ظلم
الحالة: معرب"
ونصرناهم,"الكلمة: ونصرناهم
الصنف الصرفي: فعل ماض
الجذر: نصر
الحالة: مبني"
إلياس,"الكلمة: إلياس
الصنف الصرفي: اسم علم أعجمي
الجذر: NTWS
الحالة: معرب"
لمحضرون,"الكلمة: لمحضرون
الصنف الصرفي: اسم مفعول
الجذر: حضر
الحالة: معرب"
ياسين,"الكلمة: ياسين
الصنف الصرفي: اسم علم أعجمي
الجذر: NTWS
الحالة: مبني"
فالتقمه,"الكلمة: فالتقمه
الصنف الصرفي: فعل ماض
الجذر: لقم
الحالة: مبني"
مليم,"الكلمة: مليم
الصنف الصرفي: اسم فاعل
الجذر: NTWS
الحالة: معرب"
المسبحين,"الكلمة: المسبحين
الصنف الصرفي: اسم فاعل
الجذر: سبح
الحالة: معرب"
لالبث,"الكلمة: لالبث
الصنف الصرفي: مصدر
الجذر: لبث
الحالة: مبني"
فنبذناه,"الكلمة: فنبذناه
الصنف الصرفي: فعل ماض
الجذر: نبذ
الحالة: مبني"
يقطين,"الكلمة: يقطين
الصنف الصرفي: اسم علم أعجمي
الجذر: قطن
الحالة: معرب"
وأرسلناه,"الكلمة: وأرسلناه
الصنف الصرفي: فعل ماض
الجذر: رسل
الحالة: مبني"
فمتعناهم,"الكلمة: فمتعناهم
الصنف الصرفي: فعل ماض
الجذر: متع
الحالة: مبني"
ألربك,"الكلمة: ألربك
الصنف الصرفي: اسم محسوس
الجذر: ربك
الحالة: معرب"
البنون,"الكلمة: البنون
الصنف الصرفي: اسم محسوس
الجذر: بنن
الحالة: معرب"
إفكهم,"الكلمة: إفكهم
الصنف الصرفي: مصدر
الجذر: فكك
الحالة: معرب"
البنين,"الكلمة: البنين
الصنف الصرفي: اسم محسوس
الجذر: NTWS
الحالة: معرب"
بكتابكم,"الكلمة: بكتابكم
الصنف الصرفي: اسم محسوس
الجذر: كتب
الحالة: معرب"
بفاتنين,"الكلمة: بفاتنين
الصنف الصرفي: اسم فاعل
الجذر: فتن
الحالة: معرب"
فكفروا,"الكلمة: فكفروا
الصنف الصرفي: فعل ماض
الجذر: كفر
الحالة: مبني"
كلمتنا,"الكلمة: كلمتنا
الصنف الصرفي: اسم مجرد
الجذر: كلم
الحالة: معرب"
لعبادنا,"الكلمة: لعبادنا
الصنف الصرفي: اسم محسوس
الجذر: عبد
الحالة: معرب"
المنصورون,"الكلمة: المنصورون
الصنف الصرفي: اسم مفعول
الجذر: نصر
الحالة: معرب"
جندنا,"الكلمة: جندنا
الصنف الصرفي: اسم منسوب
الجذر: جند
الحالة: معرب"
وأبصرهم,"الكلمة: وأبصرهم
الصنف الصرفي: فعل أمر
الجذر: بصر
الحالة: مبني"
وشقاق,"الكلمة: وشقاق
الصنف الصرفي: مصدر
الجذر: شقق
الحالة: معرب"
وعجبوا,"الكلمة: وعجبوا
الصنف الصرفي: فعل ماض
الجذر: عجب
الحالة: مبني"
وانطلق,"الكلمة: وانطلق
الصنف الصرفي: فعل ماض
الجذر: طلق
الحالة: مبني"
الملة,"الكلمة: الملة
الصنف الصرفي: اسم محسوس
الجذر: ملل
الحالة: معرب"
اختلاق,"الكلمة: اختلاق
الصنف الصرفي: مصدر
الجذر: خلق
الحالة: معرب"
فليرتقوا,"الكلمة: فليرتقوا
الصنف الصرفي: فعل مضارع
الجذر: رتق
الحالة: معرب"
فواق,"الكلمة: فواق
الصنف الصرفي: مصدر
الجذر: NTWS
الحالة: معرب"
سخرنا,"الكلمة: سخرنا
الصنف الصرفي: فعل ماض
الجذر: سخر
الحالة: مبني"
وشددنا,"الكلمة: وشددنا
الصنف الصرفي: فعل ماض
الجذر: شدد
الحالة: مبني"
الخطاب,"الكلمة: الخطاب
الصنف الصرفي: اسم علم
الجذر: خطب
الحالة: معرب"
وتسعون,"الكلمة: وتسعون
الصنف الصرفي: اسم عدد
الجذر: تسع
الحالة: معرب"
نعجتك,"الكلمة: نعجتك
الصنف الصرفي: اسم محسوس
الجذر: نعج
الحالة: معرب"
نعاجه,"الكلمة: نعاجه
الصنف الصرفي: اسم محسوس
الجذر: نعج
الحالة: معرب"
الخلطاء,"الكلمة: الخلطاء
الصنف الصرفي: اسم محسوس
الجذر: خلط
الحالة: معرب"
فتناه,"الكلمة: فتناه
الصنف الصرفي: فعل ماض
الجذر: فتن
الحالة: مبني"
فاستغفر,"الكلمة: فاستغفر
الصنف الصرفي: فعل ماض
الجذر: غفر
الحالة: مبني"
راكعا,"الكلمة: راكعا
الصنف الصرفي: اسم فاعل
الجذر: ركع
الحالة: معرب"
فغفرنا,"الكلمة: فغفرنا
الصنف الصرفي: فعل ماض
الجذر: غفر
الحالة: مبني"
لزلفى,"الكلمة: لزلفى
الصنف الصرفي: اسم مجرد
الجذر: زلف
الحالة: معرب"
داوود,"الكلمة: داوود
الصنف الصرفي: اسم علم أعجمي
الجذر: NTWS
الحالة: مبني"
فيضلك,"الكلمة: فيضلك
الصنف الصرفي: فعل مضارع
الجذر: ضلل
الحالة: معرب"
كالمفسدين,"الكلمة: كالمفسدين
الصنف الصرفي: اسم فاعل
الجذر: فسد
الحالة: معرب"
كالفجار,"الكلمة: كالفجار
الصنف الصرفي: اسم فاعل
الجذر: فجر
الحالة: معرب"
ليدبروا,"الكلمة: ليدبروا
الصنف الصرفي: فعل مضارع
الجذر: دبر
الحالة: معرب"
وليتذكر,"الكلمة: وليتذكر
الصنف الصرفي: فعل مضارع
الجذر: ذكر
الحالة: معرب"
لداوود,"الكلمة: لداوود
الصنف الصرفي: اسم علم أعجمي
الجذر: NTWS
الحالة: معرب"
العبد,"الكلمة: العبد
الصنف الصرفي: اسم محسوس
الجذر: عبد
الحالة: معرب"
بالحجاب,"الكلمة: بالحجاب
الصنف الصرفي: اسم محسوس
الجذر: حجب
الحالة: معرب"
والأعناق,"الكلمة: والأعناق
الصنف الصرفي: اسم محسوس
الجذر: عنق
الحالة: معرب"
فسخرنا,"الكلمة: فسخرنا
الصنف الصرفي: فعل ماض
الجذر: سخر
الحالة: مبني"
أيوب,"الكلمة: أيوب
الصنف الصرفي: اسم علم أعجمي
الجذر: NTWS
الحالة: معرب"
برجلك,"الكلمة: برجلك
الصنف الصرفي: اسم محسوس
الجذر: رجل
الحالة: معرب"
مغتسل,"الكلمة: مغتسل
الصنف الصرفي: اسم مفعول
الجذر: غسل
الحالة: معرب"
وشراب,"الكلمة: وشراب
الصنف الصرفي: اسم محسوس
الجذر: شرب
الحالة: معرب"
بخالصة,"الكلمة: بخالصة
الصنف الصرفي: اسم مجرد
الجذر: خلص
الحالة: معرب"
مفتحة,"الكلمة: مفتحة
الصنف الصرفي: اسم مفعول
الجذر: فتح
الحالة: معرب"
بفاكهة,"الكلمة: بفاكهة
الصنف الصرفي: اسم محسوس
الجذر: فكه
الحالة: معرب"
أتراب,"الكلمة: أتراب
الصنف الصرفي: اسم مجرد
الجذر: ترب
الحالة: معرب"
لرزقنا,"الكلمة: لرزقنا
الصنف الصرفي: اسم محسوس
الجذر: رزق
الحالة: معرب"
مرحبا,"الكلمة: مرحبا
الصنف الصرفي: مصدر ميمي
الجذر: رحب
الحالة: معرب"
قدمتموه,"الكلمة: قدمتموه
الصنف الصرفي: فعل ماض
الجذر: قدم
الحالة: مبني"
الأشرار,"الكلمة: الأشرار
الصنف الصرفي: صفة مبالغة
الجذر: شرر
الحالة: معرب"
تخاصم,"الكلمة: تخاصم
الصنف الصرفي: مصدر
الجذر: خصم
الحالة: معرب"
الغفار,"الكلمة: الغفار
الصنف الصرفي: اسم علم
الجذر: غفر
الحالة: معرب"
بالملإ,"الكلمة: بالملإ
الصنف الصرفي: اسم محسوس
الجذر: NTWS
الحالة: معرب"
استكبر,"الكلمة: استكبر
الصنف الصرفي: فعل ماض
الجذر: كبر
الحالة: مبني"
أستكبرت,"الكلمة: أستكبرت
الصنف الصرفي: فعل ماض
الجذر: كبر
الحالة: مبني"
لعنتي,"الكلمة: لعنتي
الصنف الصرفي: مصدر لحظي
الجذر: لعن
الحالة: معرب"
فبعزتك,"الكلمة: فبعزتك
الصنف الصرفي: مصدر
الجذر: عزز
الحالة: معرب"
فالحق,"الكلمة: فالحق
الصنف الصرفي: مصدر
الجذر: لحق
الحالة: معرب"
المتكلفين,"الكلمة: المتكلفين
الصنف الصرفي: اسم فاعل
الجذر: كلف
الحالة: معرب"
فاعبد,"الكلمة: فاعبد
الصنف الصرفي: فعل أمر
الجذر: عبد
الحالة: مبني"
الخالص,"الكلمة: الخالص
الصنف الصرفي: اسم فاعل
الجذر: خلص
الحالة: معرب"
نعبدهم,"الكلمة: نعبدهم
الصنف الصرفي: فعل مضارع
الجذر: عبد
الحالة: معرب"
ليقربونا,"الكلمة: ليقربونا
الصنف الصرفي: فعل مضارع
الجذر: قرب
الحالة: معرب"
يخلقكم,"الكلمة: يخلقكم
الصنف الصرفي: فعل مضارع
الجذر: خلق
الحالة: معرب"
تشكروا,"الكلمة: تشكروا
الصنف الصرفي: فعل مضارع
الجذر: شكر
الحالة: معرب"
خوله,"الكلمة: خوله
الصنف الصرفي: فعل ماض
الجذر: خلة
الحالة: مبني"
بكفرك,"الكلمة: بكفرك
الصنف الصرفي: مصدر
الجذر: كفر
الحالة: معرب"
ساجدا,"الكلمة: ساجدا
الصنف الصرفي: اسم فاعل
الجذر: سجد
الحالة: معرب"
اجتنبوا,"الكلمة: اجتنبوا
الصنف الصرفي: فعل ماض
الجذر: جنب
الحالة: مبني"
يعبدوها,"الكلمة: يعبدوها
الصنف الصرفي: فعل مضارع
الجذر: عبد
الحالة: معرب"
أحسنه,"الكلمة: أحسنه
الصنف الصرفي: صفة مقارنة
الجذر: حسن
الحالة: معرب"
فسلكه,"الكلمة: فسلكه
الصنف الصرفي: فعل ماض
الجذر: سلك
الحالة: مبني"
ينابيع,"الكلمة: ينابيع
الصنف الصرفي: اسم محسوس
الجذر: نبع
الحالة: معرب"
فتراه,"الكلمة: فتراه
الصنف الصرفي: فعل مضارع
الجذر: فتر
الحالة: معرب"
حطاما,"الكلمة: حطاما
الصنف الصرفي: اسم محسوس
الجذر: حطم
الحالة: معرب"
لذكرى,"الكلمة: لذكرى
الصنف الصرفي: مصدر
الجذر: ذكر
الحالة: معرب"
ورجلا,"الكلمة: ورجلا
الصنف الصرفي: اسم محسوس
الجذر: رجل
الحالة: معرب"
تختصمون,"الكلمة: تختصمون
الصنف الصرفي: فعل مضارع
الجذر: خصم"
بالصدق,"الكلمة: بالصدق
الصنف الصرفي: مصدر
الجذر: صدق
الحالة: معرب"
ليكفر,"الكلمة: ليكفر
الصنف الصرفي: فعل مضارع
الجذر: كفر
الحالة: معرب"
أسوأ,"الكلمة: أسوأ
الصنف الصرفي: صفة مقارنة
الجذر: س
الحالة: معرب"
بكاف,"الكلمة: بكاف
الصنف الصرفي: اسم فاعل
الجذر: NTWS
الحالة: معرب"
كاشفات,"الكلمة: كاشفات
الصنف الصرفي: اسم فاعل
الجذر: كشف
الحالة: معرب"
ممسكات,"الكلمة: ممسكات
الصنف الصرفي: اسم فاعل
الجذر: مسك
الحالة: معرب"
فيمسك,"الكلمة: فيمسك
الصنف الصرفي: فعل مضارع
الجذر: مسس
الحالة: معرب"
يحتسبون,"الكلمة: يحتسبون
الصنف الصرفي: فعل مضارع
الجذر: حسب"
أسرفوا,"الكلمة: أسرفوا
الصنف الصرفي: فعل ماض
الجذر: سرف
الحالة: مبني"
تقنطوا,"الكلمة: تقنطوا
الصنف الصرفي: فعل مضارع
الجذر: قنط
الحالة: معرب"
وأسلموا,"الكلمة: وأسلموا
الصنف الصرفي: فعل أمر
الجذر: سلم
الحالة: مبني"
واتبعوا,"الكلمة: واتبعوا
الصنف الصرفي: فعل أمر
الجذر: تبع
الحالة: مبني"
حسرةا,"الكلمة: حسرةا
الصنف الصرفي: مصدر
الجذر: حسر
الحالة: مبني"
لمن,"الكلمة: لمن
الصنف الصرفي: اسم موصول
الجذر: من
الحالة: مبني"
الساخرين,"الكلمة: الساخرين
الصنف الصرفي: اسم فاعل
الجذر: سخر
الحالة: معرب"
فأكون,"الكلمة: فأكون
الصنف الصرفي: فعل مضارع
الجذر: NTWS
الحالة: معرب"
واستكبرت,"الكلمة: واستكبرت
الصنف الصرفي: فعل ماض
الجذر: كبر
الحالة: مبني"
مقاليد,"الكلمة: مقاليد
الصنف الصرفي: اسم محسوس
الجذر: قلد
الحالة: معرب"
أشركت,"الكلمة: أشركت
الصنف الصرفي: فعل ماض
الجذر: شرك
الحالة: مبني"
ليحبطن,"الكلمة: ليحبطن
الصنف الصرفي: فعل مضارع
الجذر: حبط
الحالة: مبني"
قبضته,"الكلمة: قبضته
الصنف الصرفي: مصدر لحظي
الجذر: قبض
الحالة: معرب"
وأشرقت,"الكلمة: وأشرقت
الصنف الصرفي: فعل ماض
الجذر: شرق
الحالة: مبني"
خزنتها,"الكلمة: خزنتها
الصنف الصرفي: اسم فاعل
الجذر: خزن
الحالة: معرب"
وفتحت,"الكلمة: وفتحت
الصنف الصرفي: فعل ماض مجهول
الجذر: فتح
الحالة: مبني"
فادخلوها,"الكلمة: فادخلوها
الصنف الصرفي: فعل أمر
الجذر: دخل
الحالة: مبني"
صدقنا,"الكلمة: صدقنا
الصنف الصرفي: فعل ماض
الجذر: صدق
الحالة: مبني"
حافين,"الكلمة: حافين
الصنف الصرفي: اسم فاعل
الجذر: حفف
الحالة: معرب"
الذنب,"الكلمة: الذنب
الصنف الصرفي: مصدر
الجذر: ذنب
الحالة: معرب"
وقابل,"الكلمة: وقابل
الصنف الصرفي: اسم فاعل
الجذر: قبل
الحالة: معرب"
يغررك,"الكلمة: يغررك
الصنف الصرفي: فعل مضارع
الجذر: غرر
الحالة: معرب"
برسولهم,"الكلمة: برسولهم
الصنف الصرفي: اسم محسوس
الجذر: رسل
الحالة: معرب"
وجادلوا,"الكلمة: وجادلوا
الصنف الصرفي: فعل ماض
الجذر: جدل
الحالة: مبني"
ويستغفرون,"الكلمة: ويستغفرون
الصنف الصرفي: فعل مضارع
الجذر: غفر
الحالة: معرب"
وأدخلهم,"الكلمة: وأدخلهم
الصنف الصرفي: فعل أمر
الجذر: دخل
الحالة: مبني"
وعدتهم,"الكلمة: وعدتهم
الصنف الصرفي: فعل ماض
الجذر: عدد
الحالة: مبني"
رحمته,"الكلمة: رحمته
الصنف الصرفي: فعل ماض
الجذر: رحم
الحالة: مبني"
مقتكم,"الكلمة: مقتكم
الصنف الصرفي: مصدر
الجذر: مقت
الحالة: معرب"
تدعون,"الكلمة: تدعون
الصنف الصرفي: IV_PASS
الجذر: دعع
الحالة: معرب"
فتكفرون,"الكلمة: فتكفرون
الصنف الصرفي: فعل مضارع
الجذر: كفر
الحالة: معرب"
أمتنا,"الكلمة: أمتنا
الصنف الصرفي: فعل ماض
الجذر: متن
الحالة: مبني"
فاعترفنا,"الكلمة: فاعترفنا
الصنف الصرفي: فعل ماض
الجذر: عرف
الحالة: مبني"
بذنوبنا,"الكلمة: بذنوبنا
الصنف الصرفي: اسم مجرد
الجذر: ذنب
الحالة: معرب"
فالحكم,"الكلمة: فالحكم
الصنف الصرفي: مصدر
الجذر: فلح
الحالة: معرب"
بارزون,"الكلمة: بارزون
الصنف الصرفي: اسم فاعل
الجذر: برز
الحالة: معرب"
يقضون,"الكلمة: يقضون
الصنف الصرفي: فعل مضارع
الجذر: قضض"
ذروني,"الكلمة: ذروني
الصنف الصرفي: فعل أمر
الجذر: ذرر
الحالة: مبني"
وليدع,"الكلمة: وليدع
الصنف الصرفي: فعل مضارع
الجذر: دعع
الحالة: معرب"
متكبر,"الكلمة: متكبر
الصنف الصرفي: اسم فاعل
الجذر: كبر
الحالة: معرب"
كاذبا,"الكلمة: كاذبا
الصنف الصرفي: اسم فاعل
الجذر: كذب
الحالة: معرب"
صادقا,"الكلمة: صادقا
الصنف الصرفي: اسم فاعل
الجذر: صدق
الحالة: معرب"
يصبكم,"الكلمة: يصبكم
الصنف الصرفي: فعل مضارع
الجذر: صبب
الحالة: معرب"
ظاهرين,"الكلمة: ظاهرين
الصنف الصرفي: اسم فاعل
الجذر: ظهر
الحالة: معرب"
ينصرنا,"الكلمة: ينصرنا
الصنف الصرفي: فعل مضارع
الجذر: نصر
الحالة: معرب"
أريكم,"الكلمة: أريكم
الصنف الصرفي: فعل مضارع
الجذر: NTWS
الحالة: معرب"
الرشاد,"الكلمة: الرشاد
الصنف الصرفي: مصدر
الجذر: رشد
الحالة: معرب"
فأطلع,"الكلمة: فأطلع
الصنف الصرفي: فعل مضارع
الجذر: طلع
الحالة: معرب"
أهدكم,"الكلمة: أهدكم
الصنف الصرفي: فعل مضارع
الجذر: هدد
الحالة: معرب"
وتدعونني,"الكلمة: وتدعونني
الصنف الصرفي: فعل مضارع
الجذر: دعع
الحالة: معرب"
تدعوني,"الكلمة: تدعوني
الصنف الصرفي: فعل مضارع
الجذر: دعع
الحالة: معرب"
لأكفر,"الكلمة: لأكفر
الصنف الصرفي: فعل مضارع
الجذر: كفر
الحالة: معرب"
وأشرك,"الكلمة: وأشرك
الصنف الصرفي: فعل مضارع
الجذر: شرك
الحالة: معرب"
مردنا,"الكلمة: مردنا
الصنف الصرفي: مصدر ميمي
الجذر: مرد
الحالة: معرب"
فستذكرون,"الكلمة: فستذكرون
الصنف الصرفي: فعل مضارع
الجذر: ذكر
الحالة: معرب"
أدخلوا,"الكلمة: أدخلوا
الصنف الصرفي: فعل أمر
الجذر: دخل
الحالة: مبني"
يتحاجون,"الكلمة: يتحاجون
الصنف الصرفي: فعل مضارع
الجذر: حجج"
لخزنة,"الكلمة: لخزنة
الصنف الصرفي: اسم محسوس
الجذر: خزن
الحالة: معرب"
رسلكم,"الكلمة: رسلكم
الصنف الصرفي: اسم محسوس
الجذر: رسل
الحالة: معرب"
لننصر,"الكلمة: لننصر
الصنف الصرفي: فعل مضارع
الجذر: نصر
الحالة: معرب"
ببالغيه,"الكلمة: ببالغيه
الصنف الصرفي: اسم فاعل
الجذر: بلغ
الحالة: معرب"
سيدخلون,"الكلمة: سيدخلون
الصنف الصرفي: فعل مضارع
الجذر: دخل
الحالة: معرب"
فأحسن,"الكلمة: فأحسن
الصنف الصرفي: فعل ماض
الجذر: حسن
الحالة: مبني"
ولتبلغوا,"الكلمة: ولتبلغوا
الصنف الصرفي: فعل مضارع
الجذر: بلغ
الحالة: معرب"
يصرفون,"الكلمة: يصرفون
الصنف الصرفي: IV_PASS
الجذر: صرف"
وبما,"الكلمة: وبما
الصنف الصرفي: اسم موصول
الجذر: بم"
والسلاسل,"الكلمة: والسلاسل
الصنف الصرفي: اسم محسوس
الجذر: سلسل
الحالة: معرب"
يسحبون,"الكلمة: يسحبون
الصنف الصرفي: IV_PASS
الجذر: سحب
الحالة: معرب"
يسجرون,"الكلمة: يسجرون
الصنف الصرفي: IV_PASS
الجذر: سجر"
تمرحون,"الكلمة: تمرحون
الصنف الصرفي: فعل مضارع
الجذر: مرح"
لتركبوا,"الكلمة: لتركبوا
الصنف الصرفي: فعل مضارع
الجذر: ركب
الحالة: معرب"
تنكرون,"الكلمة: تنكرون
الصنف الصرفي: فعل مضارع
الجذر: نكر"
وكفرنا,"الكلمة: وكفرنا
الصنف الصرفي: فعل ماض
الجذر: كفر
الحالة: مبني"
فاعمل,"الكلمة: فاعمل
الصنف الصرفي: فعل أمر
الجذر: عمل
الحالة: مبني"
واستغفروه,"الكلمة: واستغفروه
الصنف الصرفي: فعل أمر
الجذر: غفر
الحالة: مبني"
وتجعلون,"الكلمة: وتجعلون
الصنف الصرفي: فعل مضارع
الجذر: جعل
الحالة: معرب"
وبارك,"الكلمة: وبارك
الصنف الصرفي: فعل ماض
الجذر: NTWS
الحالة: مبني"
فقضاهن,"الكلمة: فقضاهن
الصنف الصرفي: فعل ماض
الجذر: قضض
الحالة: مبني"
أمرها,"الكلمة: أمرها
الصنف الصرفي: اسم مجرد
الجذر: مرر
الحالة: معرب"
بمصابيح,"الكلمة: بمصابيح
الصنف الصرفي: اسم آلة
الجذر: صبح
الحالة: معرب"
أنذرتكم,"الكلمة: أنذرتكم
الصنف الصرفي: فعل ماض
الجذر: نذر
الحالة: مبني"
صاعقة,"الكلمة: صاعقة
الصنف الصرفي: اسم مجرد
الجذر: صعق
الحالة: معرب"
فاستحبوا,"الكلمة: فاستحبوا
الصنف الصرفي: فعل ماض
الجذر: حبب
الحالة: مبني"
وجلودهم,"الكلمة: وجلودهم
الصنف الصرفي: اسم محسوس
الجذر: جلد
الحالة: معرب"
لجلودهم,"الكلمة: لجلودهم
الصنف الصرفي: اسم محسوس
الجذر: جلد
الحالة: معرب"
شهدتم,"الكلمة: شهدتم
الصنف الصرفي: فعل ماض
الجذر: شهد
الحالة: مبني"
أنطقنا,"الكلمة: أنطقنا
الصنف الصرفي: فعل ماض
الجذر: نطق
الحالة: مبني"
تستترون,"الكلمة: تستترون
الصنف الصرفي: فعل مضارع
الجذر: ستر"
أبصاركم,"الكلمة: أبصاركم
الصنف الصرفي: مصدر
الجذر: بصر
الحالة: معرب"
جلودكم,"الكلمة: جلودكم
الصنف الصرفي: اسم محسوس
الجذر: جلد
الحالة: معرب"
ظننتم,"الكلمة: ظننتم
الصنف الصرفي: فعل ماض
الجذر: ظنن
الحالة: مبني"
وذلكم,"الكلمة: وذلكم
الصنف الصرفي: اسم إشارة
الجذر: ذلل"
أرداكم,"الكلمة: أرداكم
الصنف الصرفي: فعل ماض
الجذر: ردّ
الحالة: مبني"
يصبروا,"الكلمة: يصبروا
الصنف الصرفي: فعل مضارع
الجذر: صبر
الحالة: معرب"
قرناء,"الكلمة: قرناء
الصنف الصرفي: اسم محسوس
الجذر: قرن
الحالة: معرب"
تتسمعوا,"الكلمة: تتسمعوا
الصنف الصرفي: فعل مضارع
الجذر: سمع
الحالة: معرب"
تغلبون,"الكلمة: تغلبون
الصنف الصرفي: فعل مضارع
الجذر: غلب"
أضلانا,"الكلمة: أضلانا
الصنف الصرفي: فعل ماض
الجذر: ضلل
الحالة: مبني"
نجعلهما,"الكلمة: نجعلهما
الصنف الصرفي: فعل ماض
الجذر: جعل
الحالة: معرب"
تتنزل,"الكلمة: تتنزل
الصنف الصرفي: فعل مضارع
الجذر: نزل
الحالة: معرب"
وأبشروا,"الكلمة: وأبشروا
الصنف الصرفي: فعل أمر
الجذر: بشر
الحالة: مبني"
بالجنة,"الكلمة: بالجنة
الصنف الصرفي: اسم محسوس
الجذر: جنن
الحالة: معرب"
تسجدوا,"الكلمة: تسجدوا
الصنف الصرفي: فعل مضارع
الجذر: سجد
الحالة: معرب"
خلقهن,"الكلمة: خلقهن
الصنف الصرفي: فعل ماض
الجذر: خلق
الحالة: مبني"
خاشعة,"الكلمة: خاشعة
الصنف الصرفي: اسم فاعل
الجذر: خشع
الحالة: معرب"
لكتاب,"الكلمة: لكتاب
الصنف الصرفي: اسم محسوس
الجذر: كتب
الحالة: معرب"
أعجميا,"الكلمة: أعجميا
الصنف الصرفي: اسم منسوب
الجذر: عجم
الحالة: معرب"
وعربي,"الكلمة: وعربي
الصنف الصرفي: اسم منسوب
الجذر: عرب
الحالة: معرب"
الجمع,"الكلمة: الجمع
الصنف الصرفي: اسم علم
الجذر: جمع
الحالة: معرب"
وفريق,"الكلمة: وفريق
الصنف الصرفي: اسم محسوس
الجذر: فرق
الحالة: معرب"
لجعلهم,"الكلمة: لجعلهم
الصنف الصرفي: فعل ماض
الجذر: جعل
الحالة: مبني"
والظالمون,"الكلمة: والظالمون
الصنف الصرفي: اسم فاعل
الجذر: ظلم
الحالة: معرب"
اختلفتم,"الكلمة: اختلفتم
الصنف الصرفي: فعل ماض
الجذر: خلف
الحالة: مبني"
فحكمه,"الكلمة: فحكمه
الصنف الصرفي: اسم مجرد
الجذر: حكم
الحالة: معرب"
كمثله,"الكلمة: كمثله
الصنف الصرفي: اسم مجرد
الجذر: مثل
الحالة: معرب"
تتفرقوا,"الكلمة: تتفرقوا
الصنف الصرفي: فعل مضارع
الجذر: فرق
الحالة: معرب"
فلذلك,"الكلمة: فلذلك
الصنف الصرفي: اسم إشارة مفرد مذكر
الجذر: لذلك"
لأعدل,"الكلمة: لأعدل
الصنف الصرفي: فعل مضارع
الجذر: عدل
الحالة: معرب"
يحاجون,"الكلمة: يحاجون
الصنف الصرفي: فعل مضارع
الجذر: حجج"
حجتهم,"الكلمة: حجتهم
الصنف الصرفي: اسم مجرد
الجذر: حجج
الحالة: معرب"
شرعوا,"الكلمة: شرعوا
الصنف الصرفي: فعل ماض
الجذر: شرع
الحالة: مبني"
الجنات,"الكلمة: الجنات
الصنف الصرفي: اسم محسوس
الجذر: جنن
الحالة: معرب"
المودة,"الكلمة: المودة
الصنف الصرفي: مصدر
الجذر: NTWS
الحالة: معرب"
يقترف,"الكلمة: يقترف
الصنف الصرفي: فعل مضارع
الجذر: قرف
الحالة: معرب"
قنطوا,"الكلمة: قنطوا
الصنف الصرفي: فعل ماض
الجذر: قنط
الحالة: مبني"
وينشر,"الكلمة: وينشر
الصنف الصرفي: فعل مضارع
الجذر: نشر
الحالة: معرب"
كالأعلام,"الكلمة: كالأعلام
الصنف الصرفي: اسم محسوس
الجذر: علم
الحالة: معرب"
فيظللن,"الكلمة: فيظللن
الصنف الصرفي: فعل مضارع
الجذر: ظلل
الحالة: مبني"
يجتنبون,"الكلمة: يجتنبون
الصنف الصرفي: فعل مضارع
الجذر: جنب"
والفواحش,"الكلمة: والفواحش
الصنف الصرفي: اسم مجرد
الجذر: فحش
الحالة: معرب"
غضبوا,"الكلمة: غضبوا
الصنف الصرفي: فعل ماض
الجذر: غضب
الحالة: مبني"
وأمرهم,"الكلمة: وأمرهم
الصنف الصرفي: اسم مجرد
الجذر: مرر
الحالة: معرب"
فأجره,"الكلمة: فأجره
الصنف الصرفي: مصدر
الجذر: فجر
الحالة: معرب"
انتصر,"الكلمة: انتصر
الصنف الصرفي: فعل ماض
الجذر: نصر
الحالة: مبني"
ينصرونهم,"الكلمة: ينصرونهم
الصنف الصرفي: فعل مضارع
الجذر: نصر
الحالة: معرب"
لربكم,"الكلمة: لربكم
الصنف الصرفي: اسم محسوس
الجذر: ربب
الحالة: معرب"
الذكور,"الكلمة: الذكور
الصنف الصرفي: اسم محسوس
الجذر: ذكر
الحالة: معرب"
ذكرانا,"الكلمة: ذكرانا
الصنف الصرفي: اسم محسوس
الجذر: ذكر
الحالة: معرب"
عقيما,"الكلمة: عقيما
الصنف الصرفي: صفة نوعية
الجذر: عقم
الحالة: معرب"
يكلمه,"الكلمة: يكلمه
الصنف الصرفي: فعل مضارع
الجذر: كلم
الحالة: معرب"
لتهدي,"الكلمة: لتهدي
الصنف الصرفي: فعل مضارع
الجذر: هدد
الحالة: معرب"
مسرفين,"الكلمة: مسرفين
الصنف الصرفي: اسم فاعل
الجذر: سرف
الحالة: معرب"
فأهلك,"الكلمة: فأهلك
الصنف الصرفي: فعل ماض
الجذر: هلل
الحالة: مبني"
فأنشرنا,"الكلمة: فأنشرنا
الصنف الصرفي: فعل ماض
الجذر: نشر
الحالة: مبني"
تركبون,"الكلمة: تركبون
الصنف الصرفي: فعل مضارع
الجذر: ركب"
ظهوره,"الكلمة: ظهوره
الصنف الصرفي: اسم محسوس
الجذر: ظهر
الحالة: معرب"
تذكروا,"الكلمة: تذكروا
الصنف الصرفي: فعل مضارع
الجذر: ذكر
الحالة: معرب"
مقرنين,"الكلمة: مقرنين
الصنف الصرفي: اسم فاعل
الجذر: قرن
الحالة: معرب"
أشهدوا,"الكلمة: أشهدوا
الصنف الصرفي: فعل ماض
الجذر: شهد
الحالة: مبني"
خلقهم,"الكلمة: خلقهم
الصنف الصرفي: مصدر
الجذر: خلق
الحالة: معرب"
ستكتب,"الكلمة: ستكتب
الصنف الصرفي: IV_PASS
الجذر: كتب
الحالة: معرب"
شهادتهم,"الكلمة: شهادتهم
الصنف الصرفي: مصدر
الجذر: شهد
الحالة: معرب"
عبدناهم,"الكلمة: عبدناهم
الصنف الصرفي: فعل ماض
الجذر: عبد
الحالة: مبني"
مستمسكون,"الكلمة: مستمسكون
الصنف الصرفي: اسم فاعل
الجذر: مسك
الحالة: معرب"
عقبه,"الكلمة: عقبه
الصنف الصرفي: اسم مجرد
الجذر: عقب
الحالة: معرب"
ورسول,"الكلمة: ورسول
الصنف الصرفي: اسم محسوس
الجذر: رسل
الحالة: معرب"
يقسمون,"الكلمة: يقسمون
الصنف الصرفي: فعل مضارع
الجذر: قسم"
قسمنا,"الكلمة: قسمنا
الصنف الصرفي: فعل ماض
الجذر: قسم
الحالة: مبني"
لجعلنا,"الكلمة: لجعلنا
الصنف الصرفي: فعل ماض
الجذر: جعل
الحالة: مبني"
ومعارج,"الكلمة: ومعارج
الصنف الصرفي: اسم محسوس
الجذر: عرج
الحالة: معرب"
يظهرون,"الكلمة: يظهرون
الصنف الصرفي: فعل مضارع
الجذر: ظهر"
وسررا,"الكلمة: وسررا
الصنف الصرفي: اسم محسوس
الجذر: سرر
الحالة: معرب"
المشرقين,"الكلمة: المشرقين
الصنف الصرفي: اسم زمان أو مكان
الجذر: شرق
الحالة: معرب"
القرين,"الكلمة: القرين
الصنف الصرفي: اسم محسوس
الجذر: قرن
الحالة: معرب"
مقتدرون,"الكلمة: مقتدرون
الصنف الصرفي: اسم فاعل
الجذر: قدر
الحالة: معرب"
فاستمسك,"الكلمة: فاستمسك
الصنف الصرفي: فعل أمر
الجذر: مسك
الحالة: مبني"
يضحكون,"الكلمة: يضحكون
الصنف الصرفي: فعل مضارع
الجذر: ضحك"
وهذه,"الكلمة: وهذه
الصنف الصرفي: اسم إشارة
الجذر: ه"
مقترنين,"الكلمة: مقترنين
الصنف الصرفي: اسم فاعل
الجذر: قرن
الحالة: معرب"
فاستخف,"الكلمة: فاستخف
الصنف الصرفي: فعل ماض
الجذر: خفف
الحالة: مبني"
آسفونا,"الكلمة: آسفونا
الصنف الصرفي: فعل ماض
الجذر: سفف
الحالة: مبني"
انتقمنا,"الكلمة: انتقمنا
الصنف الصرفي: فعل ماض
الجذر: نقم
الحالة: مبني"
ضربوه,"الكلمة: ضربوه
الصنف الصرفي: فعل ماض
الجذر: ضرب
الحالة: مبني"
يخلفون,"الكلمة: يخلفون
الصنف الصرفي: فعل مضارع
الجذر: خلف
الحالة: معرب"
تحبرون,"الكلمة: تحبرون
الصنف الصرفي: IV_PASS
الجذر: حبر"
بصحاف,"الكلمة: بصحاف
الصنف الصرفي: اسم محسوس
الجذر: صحف
الحالة: معرب"
وأكواب,"الكلمة: وأكواب
الصنف الصرفي: اسم محسوس
الجذر: NTWS
الحالة: معرب"
أبرموا,"الكلمة: أبرموا
الصنف الصرفي: فعل ماض
الجذر: برم
الحالة: مبني"
مبرمون,"الكلمة: مبرمون
الصنف الصرفي: اسم فاعل
الجذر: برم
الحالة: معرب"
ورسلنا,"الكلمة: ورسلنا
الصنف الصرفي: اسم محسوس
الجذر: رسل
الحالة: معرب"
فأنا,"الكلمة: فأنا
الصنف الصرفي: ضمير
الجذر: NTWS"
العابدين,"الكلمة: العابدين
الصنف الصرفي: اسم فاعل
الجذر: عبد
الحالة: معرب"
ويلعبوا,"الكلمة: ويلعبوا
الصنف الصرفي: فعل مضارع
الجذر: لعب
الحالة: معرب"
وتبارك,"الكلمة: وتبارك
الصنف الصرفي: فعل ماض
الجذر: تبر
الحالة: مبني"
فارتقب,"الكلمة: فارتقب
الصنف الصرفي: فعل أمر
الجذر: رقب
الحالة: مبني"
بدخان,"الكلمة: بدخان
الصنف الصرفي: اسم محسوس
الجذر: دخن
الحالة: معرب"
البطشة,"الكلمة: البطشة
الصنف الصرفي: مصدر لحظي
الجذر: بطش
الحالة: معرب"
ترجمون,"الكلمة: ترجمون
الصنف الصرفي: فعل مضارع
الجذر: رجم
الحالة: معرب"
مجرمون,"الكلمة: مجرمون
الصنف الصرفي: اسم فاعل
الجذر: جرم
الحالة: معرب"
واترك,"الكلمة: واترك
الصنف الصرفي: فعل أمر
الجذر: ترك
الحالة: مبني"
ونعمة,"الكلمة: ونعمة
الصنف الصرفي: اسم مجرد
الجذر: نعم
الحالة: معرب"
فاكهين,"الكلمة: فاكهين
الصنف الصرفي: اسم فاعل
الجذر: فكه
الحالة: معرب"
خلقناهما,"الكلمة: خلقناهما
الصنف الصرفي: فعل ماض
الجذر: خلق
الحالة: مبني"
فاعتلوه,"الكلمة: فاعتلوه
الصنف الصرفي: فعل أمر
الجذر: علل
الحالة: مبني"
مرتقبون,"الكلمة: مرتقبون
الصنف الصرفي: اسم فاعل
الجذر: رقب
الحالة: معرب"
يغفروا,"الكلمة: يغفروا
الصنف الصرفي: فعل مضارع
الجذر: غفر
الحالة: معرب"
شريعة,"الكلمة: شريعة
الصنف الصرفي: اسم مجرد
الجذر: شرع
الحالة: معرب"
فاتبعها,"الكلمة: فاتبعها
الصنف الصرفي: فعل أمر
الجذر: تبع
الحالة: مبني"
اجترحوا,"الكلمة: اجترحوا
الصنف الصرفي: فعل ماض
الجذر: جرح
الحالة: مبني"
نجعلهم,"الكلمة: نجعلهم
الصنف الصرفي: فعل مضارع
الجذر: جعل
الحالة: معرب"
ولتجزى,"الكلمة: ولتجزى
الصنف الصرفي: IV_PASS
الجذر: جزز
الحالة: معرب"
وأضله,"الكلمة: وأضله
الصنف الصرفي: فعل ماض
الجذر: ضلل
الحالة: مبني"
يهلكنا,"الكلمة: يهلكنا
الصنف الصرفي: فعل مضارع
الجذر: هلك
الحالة: معرب"
يجمعكم,"الكلمة: يجمعكم
الصنف الصرفي: فعل مضارع
الجذر: جمع
الحالة: معرب"
كتابنا,"الكلمة: كتابنا
الصنف الصرفي: اسم فاعل
الجذر: كتب
الحالة: معرب"
نستنسخ,"الكلمة: نستنسخ
الصنف الصرفي: فعل مضارع
الجذر: نسخ
الحالة: معرب"
فيدخلهم,"الكلمة: فيدخلهم
الصنف الصرفي: فعل مضارع
الجذر: دخل
الحالة: معرب"
فاستكبرتم,"الكلمة: فاستكبرتم
الصنف الصرفي: فعل ماض
الجذر: كبر
الحالة: مبني"
وغرتكم,"الكلمة: وغرتكم
الصنف الصرفي: فعل ماض
الجذر: غرر
الحالة: مبني"
يخرجون,"الكلمة: يخرجون
الصنف الصرفي: IV_PASS
الجذر: خرج"
أنذروا,"الكلمة: أنذروا
الصنف الصرفي: IV_PASS
الجذر: نذر
الحالة: مبني"
وكفرتم,"الكلمة: وكفرتم
الصنف الصرفي: فعل ماض
الجذر: كفر
الحالة: مبني"
واستكبرتم,"الكلمة: واستكبرتم
الصنف الصرفي: فعل ماض
الجذر: كبر
الحالة: مبني"
سبقونا,"الكلمة: سبقونا
الصنف الصرفي: فعل ماض
الجذر: سبق
الحالة: مبني"
وحمله,"الكلمة: وحمله
الصنف الصرفي: مصدر
الجذر: حمل
الحالة: معرب"
ثلاثون,"الكلمة: ثلاثون
الصنف الصرفي: اسم عدد
الجذر: ثلث
الحالة: معرب"
نتقبل,"الكلمة: نتقبل
الصنف الصرفي: فعل مضارع
الجذر: قبل
الحالة: معرب"
الصدق,"الكلمة: الصدق
الصنف الصرفي: مصدر
الجذر: صدق
الحالة: معرب"
وهما,"الكلمة: وهما
الصنف الصرفي: ضمير
الجذر: ه"
أذهبتم,"الكلمة: أذهبتم
الصنف الصرفي: فعل ماض
الجذر: ذهب
الحالة: مبني"
واستمتعتم,"الكلمة: واستمتعتم
الصنف الصرفي: فعل ماض
الجذر: متع
الحالة: مبني"
تفسقون,"الكلمة: تفسقون
الصنف الصرفي: فعل مضارع
الجذر: فسق"
النذر,"الكلمة: النذر
الصنف الصرفي: اسم فاعل
الجذر: نذر
الحالة: معرب"
وأبلغكم,"الكلمة: وأبلغكم
الصنف الصرفي: فعل مضارع
الجذر: بلغ
الحالة: معرب"
عارضا,"الكلمة: عارضا
الصنف الصرفي: اسم فاعل
الجذر: عرض
الحالة: معرب"
مستقبل,"الكلمة: مستقبل
الصنف الصرفي: اسم فاعل
الجذر: قبل
الحالة: معرب"
ممطرنا,"الكلمة: ممطرنا
الصنف الصرفي: اسم فاعل
الجذر: مطر
الحالة: معرب"
استعجلتم,"الكلمة: استعجلتم
الصنف الصرفي: فعل ماض
الجذر: عجل
الحالة: مبني"
تدمر,"الكلمة: تدمر
الصنف الصرفي: فعل مضارع
الجذر: NTWS
الحالة: معرب"
وأبصارا,"الكلمة: وأبصارا
الصنف الصرفي: اسم مجرد
الجذر: بصر
الحالة: معرب"
نصرهم,"الكلمة: نصرهم
الصنف الصرفي: مصدر
الجذر: نصر
الحالة: مبني"
حضروه,"الكلمة: حضروه
الصنف الصرفي: فعل ماض
الجذر: حضر
الحالة: مبني"
أنصتوا,"الكلمة: أنصتوا
الصنف الصرفي: فعل أمر
الجذر: نصت
الحالة: مبني"
ويجركم,"الكلمة: ويجركم
الصنف الصرفي: فعل مضارع
الجذر: جرر
الحالة: معرب"
بمعجز,"الكلمة: بمعجز
الصنف الصرفي: اسم فاعل
الجذر: عجز
الحالة: معرب"
بخلقهن,"الكلمة: بخلقهن
الصنف الصرفي: مصدر
الجذر: خلق
الحالة: معرب"
العزم,"الكلمة: العزم
الصنف الصرفي: مصدر
الجذر: عزم
الحالة: معرب"
تستعجل,"الكلمة: تستعجل
الصنف الصرفي: فعل مضارع
الجذر: عجل
الحالة: معرب"
بالهم,"الكلمة: بالهم
الصنف الصرفي: اسم مجرد
الجذر: همم
الحالة: معرب"
أمثالهم,"الكلمة: أمثالهم
الصنف الصرفي: اسم مجرد
الجذر: مثل
الحالة: معرب"
أثخنتموهم,"الكلمة: أثخنتموهم
الصنف الصرفي: فعل ماض
الجذر: ثخن
الحالة: مبني"
فشدوا,"الكلمة: فشدوا
الصنف الصرفي: فعل أمر
الجذر: شدد
الحالة: مبني"
لانتصر,"الكلمة: لانتصر
الصنف الصرفي: فعل ماض
الجذر: نصر
الحالة: مبني"
ويصلح,"الكلمة: ويصلح
الصنف الصرفي: فعل مضارع
الجذر: صلح
الحالة: معرب"
ويدخلهم,"الكلمة: ويدخلهم
الصنف الصرفي: فعل مضارع
الجذر: دخل
الحالة: معرب"
عرفها,"الكلمة: عرفها
الصنف الصرفي: فعل ماض
الجذر: عرف
الحالة: مبني"
تنصروا,"الكلمة: تنصروا
الصنف الصرفي: فعل مضارع
الجذر: نصر
الحالة: معرب"
أقدامكم,"الكلمة: أقدامكم
الصنف الصرفي: اسم محسوس
الجذر: قدم
الحالة: معرب"
فتعسا,"الكلمة: فتعسا
الصنف الصرفي: مصدر
الجذر: تعس
الحالة: معرب"
كرهوا,"الكلمة: كرهوا
الصنف الصرفي: فعل ماض
الجذر: كره
الحالة: مبني"
يتمتعون,"الكلمة: يتمتعون
الصنف الصرفي: فعل مضارع
الجذر: متع"
أخرجتك,"الكلمة: أخرجتك
الصنف الصرفي: فعل ماض
الجذر: خرج
الحالة: مبني"
وأنهار,"الكلمة: وأنهار
الصنف الصرفي: اسم محسوس
الجذر: نهر
الحالة: معرب"
حميما,"الكلمة: حميما
الصنف الصرفي: اسم مجرد
الجذر: حمم
الحالة: معرب"
أشراطها,"الكلمة: أشراطها
الصنف الصرفي: اسم مجرد
الجذر: شرط
الحالة: معرب"
ذكراهم,"الكلمة: ذكراهم
الصنف الصرفي: اسم مجرد
الجذر: ذكر
الحالة: معرب"
متقلبكم,"الكلمة: متقلبكم
الصنف الصرفي: مصدر ميمي
الجذر: قلب
الحالة: معرب"
محكمة,"الكلمة: محكمة
الصنف الصرفي: اسم مفعول
الجذر: حكم
الحالة: معرب"
فأولى,"الكلمة: فأولى
الصنف الصرفي: صفة مقارنة
الجذر: ل
الحالة: مبني"
وتقطعوا,"الكلمة: وتقطعوا
الصنف الصرفي: فعل مضارع
الجذر: قطع
الحالة: معرب"
فأصمهم,"الكلمة: فأصمهم
الصنف الصرفي: فعل ماض
الجذر: صمم
الحالة: مبني"
أقفالها,"الكلمة: أقفالها
الصنف الصرفي: اسم محسوس
الجذر: قفل
الحالة: معرب"
ارتدوا,"الكلمة: ارتدوا
الصنف الصرفي: فعل ماض
الجذر: ردد
الحالة: مبني"
إسرارهم,"الكلمة: إسرارهم
الصنف الصرفي: مصدر
الجذر: سرر
الحالة: معرب"
أضغانهم,"الكلمة: أضغانهم
الصنف الصرفي: اسم مجرد
الجذر: ضغن
الحالة: معرب"
ولتعرفنهم,"الكلمة: ولتعرفنهم
الصنف الصرفي: فعل مضارع
الجذر: عرف
الحالة: مبني"
وسيحبط,"الكلمة: وسيحبط
الصنف الصرفي: فعل مضارع
الجذر: حبط
الحالة: معرب"
وتدعوا,"الكلمة: وتدعوا
الصنف الصرفي: فعل ماض
الجذر: دعع
الحالة: معرب"
يترككم,"الكلمة: يترككم
الصنف الصرفي: فعل مضارع
الجذر: ترك
الحالة: معرب"
فيحفكم,"الكلمة: فيحفكم
الصنف الصرفي: فعل مضارع
الجذر: حفف
الحالة: معرب"
تبخلوا,"الكلمة: تبخلوا
الصنف الصرفي: فعل مضارع
الجذر: بخل
الحالة: معرب"
أضغانكم,"الكلمة: أضغانكم
الصنف الصرفي: اسم مجرد
الجذر: ضغن
الحالة: معرب"
لتنفقوا,"الكلمة: لتنفقوا
الصنف الصرفي: فعل مضارع
الجذر: نفق
الحالة: معرب"
فمنكم,"الكلمة: فمنكم
الصنف الصرفي: حرف جر
الجذر: من
الحالة: مبني"
يستبدل,"الكلمة: يستبدل
الصنف الصرفي: فعل مضارع
الجذر: بدل
الحالة: معرب"
وينصرك,"الكلمة: وينصرك
الصنف الصرفي: فعل مضارع
الجذر: نصر
الحالة: معرب"
السكينة,"الكلمة: السكينة
الصنف الصرفي: مصدر
الجذر: سكن
الحالة: معرب"
ليدخل,"الكلمة: ليدخل
الصنف الصرفي: فعل مضارع
الجذر: دخل
الحالة: معرب"
وتعزروه,"الكلمة: وتعزروه
الصنف الصرفي: فعل مضارع
الجذر: عزر
الحالة: معرب"
وتسبحوه,"الكلمة: وتسبحوه
الصنف الصرفي: فعل مضارع
الجذر: سبح
الحالة: معرب"
شغلتنا,"الكلمة: شغلتنا
الصنف الصرفي: فعل ماض
الجذر: شغل
الحالة: مبني"
وأهلونا,"الكلمة: وأهلونا
الصنف الصرفي: اسم محسوس
الجذر: هلل
الحالة: معرب"
فاستغفر,"الكلمة: فاستغفر
الصنف الصرفي: فعل أمر
الجذر: غفر
الحالة: مبني"
وظننتم,"الكلمة: وظننتم
الصنف الصرفي: فعل ماض
الجذر: ظنن
الحالة: مبني"
انطلقتم,"الكلمة: انطلقتم
الصنف الصرفي: فعل ماض
الجذر: طلق
الحالة: مبني"
مغانم,"الكلمة: مغانم
الصنف الصرفي: اسم محسوس
الجذر: غنم
الحالة: معرب"
ذرونا,"الكلمة: ذرونا
الصنف الصرفي: فعل أمر
الجذر: ذرر
الحالة: مبني"
نتبعكم,"الكلمة: نتبعكم
الصنف الصرفي: فعل مضارع
الجذر: تبع
الحالة: معرب"
يبدلوا,"الكلمة: يبدلوا
الصنف الصرفي: فعل مضارع
الجذر: بدل
الحالة: معرب"
تتبعونا,"الكلمة: تتبعونا
الصنف الصرفي: فعل مضارع
الجذر: تبع
الحالة: معرب"
كذلكم,"الكلمة: كذلكم
الصنف الصرفي: اسم إشارة
الجذر: ذلل"
تحسدوننا,"الكلمة: تحسدوننا
الصنف الصرفي: فعل مضارع
الجذر: حسد
الحالة: معرب"
ستدعون,"الكلمة: ستدعون
الصنف الصرفي: فعل مضارع
الجذر: دعع
الحالة: معرب"
تقاتلونهم,"الكلمة: تقاتلونهم
الصنف الصرفي: فعل مضارع
الجذر: قتل
الحالة: معرب"
يسلمون,"الكلمة: يسلمون
الصنف الصرفي: فعل مضارع
الجذر: سلم
الحالة: معرب"
يعذبه,"الكلمة: يعذبه
الصنف الصرفي: فعل مضارع
الجذر: عذب
الحالة: معرب"
ومغانم,"الكلمة: ومغانم
الصنف الصرفي: اسم محسوس
الجذر: غنم
الحالة: معرب"
قاتلكم,"الكلمة: قاتلكم
الصنف الصرفي: فعل ماض
الجذر: قتل
الحالة: مبني"
أظفركم,"الكلمة: أظفركم
الصنف الصرفي: فعل ماض
الجذر: ظفر
الحالة: معرب"
وصدوكم,"الكلمة: وصدوكم
الصنف الصرفي: فعل ماض
الجذر: صدد
الحالة: مبني"
تعلموهم,"الكلمة: تعلموهم
الصنف الصرفي: فعل مضارع
الجذر: علم
الحالة: معرب"
لعذبنا,"الكلمة: لعذبنا
الصنف الصرفي: فعل ماض
الجذر: عذب
الحالة: مبني"
الحمية,"الكلمة: الحمية
الصنف الصرفي: اسم مجرد
الجذر: حمم
الحالة: معرب"
وألزمهم,"الكلمة: وألزمهم
الصنف الصرفي: فعل ماض
الجذر: لزم
الحالة: مبني"
لتدخلن,"الكلمة: لتدخلن
الصنف الصرفي: فعل مضارع
الجذر: دخل
الحالة: معرب"
محلقين,"الكلمة: محلقين
الصنف الصرفي: اسم فاعل
الجذر: حلق
الحالة: معرب"
ومقصرين,"الكلمة: ومقصرين
الصنف الصرفي: اسم فاعل
الجذر: قصر
الحالة: معرب"
رحماء,"الكلمة: رحماء
الصنف الصرفي: صفة نوعية
الجذر: رحم
الحالة: معرب"
فآزره,"الكلمة: فآزره
الصنف الصرفي: فعل ماض
الجذر: زرر
الحالة: مبني"
فاستغلظ,"الكلمة: فاستغلظ
الصنف الصرفي: فعل ماض
الجذر: غلظ
الحالة: مبني"
الزراع,"الكلمة: الزراع
الصنف الصرفي: اسم فاعل
الجذر: زرع
الحالة: معرب"
ترفعوا,"الكلمة: ترفعوا
الصنف الصرفي: فعل مضارع
الجذر: رفع
الحالة: معرب"
تجهروا,"الكلمة: تجهروا
الصنف الصرفي: فعل مضارع
الجذر: جهر
الحالة: معرب"
يغضون,"الكلمة: يغضون
الصنف الصرفي: فعل مضارع
الجذر: غضض"
امتحن,"الكلمة: امتحن
الصنف الصرفي: فعل ماض
الجذر: محن
الحالة: مبني"
الحجرات,"الكلمة: الحجرات
الصنف الصرفي: اسم محسوس
الجذر: حجر
الحالة: معرب"
فتصبحوا,"الكلمة: فتصبحوا
الصنف الصرفي: فعل مضارع
الجذر: صبح
الحالة: معرب"
لعنتم,"الكلمة: لعنتم
الصنف الصرفي: فعل ماض
الجذر: لعن
الحالة: مبني"
والفسوق,"الكلمة: والفسوق
الصنف الصرفي: مصدر
الجذر: فسق
الحالة: معرب"
الراشدون,"الكلمة: الراشدون
الصنف الصرفي: اسم فاعل
الجذر: رشد
الحالة: معرب"
فأصلحوا,"الكلمة: فأصلحوا
الصنف الصرفي: فعل أمر
الجذر: صلح
الحالة: مبني"
وأقسطوا,"الكلمة: وأقسطوا
الصنف الصرفي: فعل أمر
الجذر: قسط
الحالة: مبني"
تلمزوا,"الكلمة: تلمزوا
الصنف الصرفي: فعل مضارع
الجذر: لمز
الحالة: معرب"
بالألقاب,"الكلمة: بالألقاب
الصنف الصرفي: اسم مجرد
الجذر: لقب
الحالة: معرب"
الفسوق,"الكلمة: الفسوق
الصنف الصرفي: مصدر
الجذر: فسق
الحالة: معرب"
اجتنبوا,"الكلمة: اجتنبوا
الصنف الصرفي: فعل أمر
الجذر: جنب
الحالة: مبني"
تجسسوا,"الكلمة: تجسسوا
الصنف الصرفي: فعل ماض
الجذر: جسس
الحالة: معرب"
فكرهتموه,"الكلمة: فكرهتموه
الصنف الصرفي: فعل ماض
الجذر: كره
الحالة: مبني"
شعوبا,"الكلمة: شعوبا
الصنف الصرفي: اسم محسوس
الجذر: شعب
الحالة: معرب"
وقبائل,"الكلمة: وقبائل
الصنف الصرفي: اسم محسوس
الجذر: قبل
الحالة: معرب"
لتعارفوا,"الكلمة: لتعارفوا
الصنف الصرفي: فعل مضارع
الجذر: عرف
الحالة: معرب"
أكرمكم,"الكلمة: أكرمكم
الصنف الصرفي: صفة مقارنة
الجذر: كرم
الحالة: معرب"
أسلمنا,"الكلمة: أسلمنا
الصنف الصرفي: فعل ماض
الجذر: سلم
الحالة: مبني"
يلتكم,"الكلمة: يلتكم
الصنف الصرفي: فعل مضارع
الجذر: لتت
الحالة: معرب"
بدينكم,"الكلمة: بدينكم
الصنف الصرفي: اسم مجرد
الجذر: بدن
الحالة: معرب"
إسلامكم,"الكلمة: إسلامكم
الصنف الصرفي: مصدر
الجذر: سلم
الحالة: معرب"
المجيد,"الكلمة: المجيد
الصنف الصرفي: صفة نوعية
الجذر: مجد
الحالة: معرب"
عجبوا,"الكلمة: عجبوا
الصنف الصرفي: فعل ماض
الجذر: عجب
الحالة: مبني"
وعندنا,"الكلمة: وعندنا
الصنف الصرفي: ظرف
الجذر: عند
الحالة: مبني"
فروج,"الكلمة: فروج
الصنف الصرفي: اسم محسوس
الجذر: NTWS
الحالة: معرب"
تبصرة,"الكلمة: تبصرة
الصنف الصرفي: مصدر
الجذر: بصر
الحالة: معرب"
الحصيد,"الكلمة: الحصيد
الصنف الصرفي: اسم مفعول
الجذر: حصد
الحالة: معرب"
باسقات,"الكلمة: باسقات
الصنف الصرفي: اسم فاعل
الجذر: بسق
الحالة: معرب"
بالخلق,"الكلمة: بالخلق
الصنف الصرفي: مصدر
الجذر: خلق
الحالة: معرب"
معها,"الكلمة: معها
الصنف الصرفي: ظرف
الجذر: مع
الحالة: معرب"
وشهيد,"الكلمة: وشهيد
الصنف الصرفي: اسم محسوس
الجذر: شهد
الحالة: معرب"
فبصرك,"الكلمة: فبصرك
الصنف الصرفي: اسم مجرد
الجذر: بصر
الحالة: معرب"
قرينه,"الكلمة: قرينه
الصنف الصرفي: اسم محسوس
الجذر: قرن
الحالة: معرب"
تختصموا,"الكلمة: تختصموا
الصنف الصرفي: فعل مضارع
الجذر: خصم
الحالة: معرب"
الخلود,"الكلمة: الخلود
الصنف الصرفي: مصدر
الجذر: خلد
الحالة: معرب"
فنقبوا,"الكلمة: فنقبوا
الصنف الصرفي: فعل ماض
الجذر: نقب
الحالة: مبني"
الغروب,"الكلمة: الغروب
الصنف الصرفي: مصدر
الجذر: غرب
الحالة: معرب"
فسبحه,"الكلمة: فسبحه
الصنف الصرفي: فعل أمر
الجذر: سبح
الحالة: مبني"
وأدبار,"الكلمة: وأدبار
الصنف الصرفي: اسم مجرد
الجذر: دبر
الحالة: معرب"
واستمع,"الكلمة: واستمع
الصنف الصرفي: فعل أمر
الجذر: سمع
الحالة: مبني"
سراعا,"الكلمة: سراعا
الصنف الصرفي: مصدر
الجذر: سرع
الحالة: معرب"
بجبار,"الكلمة: بجبار
الصنف الصرفي: صفة مبالغة
الجذر: جبر
الحالة: معرب"
فالحاملات,"الكلمة: فالحاملات
الصنف الصرفي: اسم فاعل
الجذر: حمل
الحالة: معرب"
فالمقسمات,"الكلمة: فالمقسمات
الصنف الصرفي: اسم فاعل
الجذر: قسم
الحالة: معرب"
لصادق,"الكلمة: لصادق
الصنف الصرفي: اسم فاعل
الجذر: صدق
الحالة: معرب"
الحبك,"الكلمة: الحبك
الصنف الصرفي: اسم مجرد
الجذر: حبك
الحالة: معرب"
الخراصون,"الكلمة: الخراصون
الصنف الصرفي: صفة مبالغة
الجذر: خرص
الحالة: معرب"
فتنتكم,"الكلمة: فتنتكم
الصنف الصرفي: مصدر
الجذر: فتن
الحالة: معرب"
محسنين,"الكلمة: محسنين
الصنف الصرفي: اسم فاعل
الجذر: حسن
الحالة: معرب"
يهجعون,"الكلمة: يهجعون
الصنف الصرفي: فعل مضارع
الجذر: هجع"
وبالأسحار,"الكلمة: وبالأسحار
الصنف الصرفي: اسم مجرد
الجذر: سحر
الحالة: معرب"
والمحروم,"الكلمة: والمحروم
الصنف الصرفي: اسم مفعول
الجذر: حرم
الحالة: معرب"
رزقكم,"الكلمة: رزقكم
الصنف الصرفي: مصدر
الجذر: رزق
الحالة: معرب"
فقربه,"الكلمة: فقربه
الصنف الصرفي: فعل ماض
الجذر: قرب
الحالة: مبني"
وبشروه,"الكلمة: وبشروه
الصنف الصرفي: فعل ماض
الجذر: بشر
الحالة: مبني"
لنرسل,"الكلمة: لنرسل
الصنف الصرفي: فعل مضارع
الجذر: رسل
الحالة: معرب"
أرسلناه,"الكلمة: أرسلناه
الصنف الصرفي: فعل ماض
الجذر: رسل
الحالة: مبني"
بركنه,"الكلمة: بركنه
الصنف الصرفي: اسم مجرد
الجذر: برك
الحالة: معرب"
جعلته,"الكلمة: جعلته
الصنف الصرفي: فعل ماض
الجذر: جعل
الحالة: مبني"
كالرميم,"الكلمة: كالرميم
الصنف الصرفي: اسم محسوس
الجذر: رمم
الحالة: معرب"
منتصرين,"الكلمة: منتصرين
الصنف الصرفي: اسم فاعل
الجذر: نصر
الحالة: معرب"
فرشناها,"الكلمة: فرشناها
الصنف الصرفي: فعل ماض
الجذر: فرش
الحالة: مبني"
ففروا,"الكلمة: ففروا
الصنف الصرفي: فعل أمر
الجذر: فرر
الحالة: مبني"
يطعمون,"الكلمة: يطعمون
الصنف الصرفي: فعل مضارع
الجذر: طعم
الحالة: معرب"
الرزاق,"الكلمة: الرزاق
الصنف الصرفي: اسم علم
الجذر: رزق
الحالة: معرب"
المتين,"الكلمة: المتين
الصنف الصرفي: صفة نوعية
الجذر: متن
الحالة: معرب"
ذنوبا,"الكلمة: ذنوبا
الصنف الصرفي: اسم مجرد
الجذر: ذنب
الحالة: معرب"
أصحابهم,"الكلمة: أصحابهم
الصنف الصرفي: اسم فاعل
الجذر: صحب
الحالة: معرب"
يستعجلون,"الكلمة: يستعجلون
الصنف الصرفي: فعل مضارع
الجذر: عجل
الحالة: معرب"
منشور,"الكلمة: منشور
الصنف الصرفي: اسم مفعول
الجذر: نشر
الحالة: معرب"
المعمور,"الكلمة: المعمور
الصنف الصرفي: اسم مفعول
الجذر: عمر
الحالة: معرب"
والسقف,"الكلمة: والسقف
الصنف الصرفي: اسم محسوس
الجذر: سقف
الحالة: معرب"
المرفوع,"الكلمة: المرفوع
الصنف الصرفي: اسم مفعول
الجذر: رفع
الحالة: معرب"
ونعيم,"الكلمة: ونعيم
الصنف الصرفي: مصدر
الجذر: نعم
الحالة: معرب"
مصفوفة,"الكلمة: مصفوفة
الصنف الصرفي: اسم مفعول
الجذر: صفف
الحالة: معرب"
واتبعتهم,"الكلمة: واتبعتهم
الصنف الصرفي: فعل ماض
الجذر: تبع
الحالة: مبني"
ألحقنا,"الكلمة: ألحقنا
الصنف الصرفي: فعل ماض
الجذر: لحق
الحالة: مبني"
رهين,"الكلمة: رهين
الصنف الصرفي: صفة مبالغة
الجذر: رهن
الحالة: معرب"
وأمددناهم,"الكلمة: وأمددناهم
الصنف الصرفي: فعل ماض
الجذر: مدد
الحالة: مبني"
غلمان,"الكلمة: غلمان
الصنف الصرفي: اسم محسوس
الجذر: غلم
الحالة: معرب"
بكاهن,"الكلمة: بكاهن
الصنف الصرفي: اسم فاعل
الجذر: كهن
الحالة: معرب"
تربصوا,"الكلمة: تربصوا
الصنف الصرفي: فعل أمر
الجذر: ربص
الحالة: مبني"
المتربصين,"الكلمة: المتربصين
الصنف الصرفي: اسم فاعل
الجذر: ربص
الحالة: معرب"
أحلامهم,"الكلمة: أحلامهم
الصنف الصرفي: اسم مجرد
الجذر: حلم
الحالة: معرب"
بحديث,"الكلمة: بحديث
الصنف الصرفي: اسم مجرد
الجذر: حدث
الحالة: معرب"
خلقوا,"الكلمة: خلقوا
الصنف الصرفي: فعل ماض مجهول
الجذر: خلق
الحالة: مبني"
الخالقون,"الكلمة: الخالقون
الصنف الصرفي: اسم فاعل
الجذر: خلق
الحالة: معرب"
مستمعهم,"الكلمة: مستمعهم
الصنف الصرفي: اسم فاعل
الجذر: سمع
الحالة: معرب"
مثقلون,"الكلمة: مثقلون
الصنف الصرفي: اسم مفعول
الجذر: ثقل
الحالة: معرب"
ساقطا,"الكلمة: ساقطا
الصنف الصرفي: اسم فاعل
الجذر: سقط
الحالة: معرب"
يصعقون,"الكلمة: يصعقون
الصنف الصرفي: IV_PASS
الجذر: صعق"
وإدبار,"الكلمة: وإدبار
الصنف الصرفي: مصدر
الجذر: دبر
الحالة: معرب"
والنجم,"الكلمة: والنجم
الصنف الصرفي: اسم محسوس
الجذر: نجم
الحالة: معرب"
صاحبكم,"الكلمة: صاحبكم
الصنف الصرفي: اسم فاعل
الجذر: صحب
الحالة: معرب"
فتدلى,"الكلمة: فتدلى
الصنف الصرفي: فعل ماض
الجذر: دلل
الحالة: مبني"
السدرة,"الكلمة: السدرة
الصنف الصرفي: اسم علم
الجذر: سدر
الحالة: معرب"
والعزى,"الكلمة: والعزى
الصنف الصرفي: اسم علم
الجذر: عزز
الحالة: معرب"
مبلغهم,"الكلمة: مبلغهم
الصنف الصرفي: مصدر ميمي
الجذر: بلغ
الحالة: معرب"
بالحسنى,"الكلمة: بالحسنى
الصنف الصرفي: صفة مقارنة
الجذر: حسن
الحالة: معرب"
اللمم,"الكلمة: اللمم
الصنف الصرفي: اسم مجرد
الجذر: لمم
الحالة: معرب"
المغفرة,"الكلمة: المغفرة
الصنف الصرفي: مصدر
الجذر: غفر
الحالة: معرب"
يجزاه,"الكلمة: يجزاه
الصنف الصرفي: IV_PASS
الجذر: جزز
الحالة: معرب"
الشعرى,"الكلمة: الشعرى
الصنف الصرفي: اسم علم
الجذر: شعر
الحالة: معرب"
فغشاها,"الكلمة: فغشاها
الصنف الصرفي: فعل ماض
الجذر: غشش
الحالة: مبني"
تتمارى,"الكلمة: تتمارى
الصنف الصرفي: فعل مضارع
الجذر: مرر
الحالة: مبني"
كاشفة,"الكلمة: كاشفة
الصنف الصرفي: اسم فاعل
الجذر: كشف
الحالة: معرب"
تعجبون,"الكلمة: تعجبون
الصنف الصرفي: فعل مضارع
الجذر: عجب"
وتضحكون,"الكلمة: وتضحكون
الصنف الصرفي: فعل مضارع
الجذر: ضحك
الحالة: معرب"
اقتربت,"الكلمة: اقتربت
الصنف الصرفي: فعل ماض
الجذر: قرب
الحالة: مبني"
وانشق,"الكلمة: وانشق
الصنف الصرفي: فعل ماض
الجذر: نشق
الحالة: مبني"
يعرضوا,"الكلمة: يعرضوا
الصنف الصرفي: فعل مضارع
الجذر: عرض
الحالة: معرب"
مستقر,"الكلمة: مستقر
الصنف الصرفي: اسم فاعل
الجذر: قرر
الحالة: معرب"
بالغة,"الكلمة: بالغة
الصنف الصرفي: اسم فاعل
الجذر: بلغ
الحالة: معرب"
يخرجون,"الكلمة: يخرجون
الصنف الصرفي: فعل مضارع
الجذر: خرج"
منتشر,"الكلمة: منتشر
الصنف الصرفي: اسم فاعل
الجذر: نشر
الحالة: معرب"
وازدجر,"الكلمة: وازدجر
الصنف الصرفي: فعل ماض مجهول
الجذر: زجر
الحالة: مبني"
مغلوب,"الكلمة: مغلوب
الصنف الصرفي: اسم مفعول
الجذر: غلب
الحالة: معرب"
فانتصر,"الكلمة: فانتصر
الصنف الصرفي: فعل أمر
الجذر: نصر
الحالة: مبني"
ففتحنا,"الكلمة: ففتحنا
الصنف الصرفي: فعل ماض
الجذر: فتح
الحالة: مبني"
منهمر,"الكلمة: منهمر
الصنف الصرفي: اسم فاعل
الجذر: همر
الحالة: معرب"
وحملناه,"الكلمة: وحملناه
الصنف الصرفي: فعل ماض
الجذر: حمل
الحالة: مبني"
تركناها,"الكلمة: تركناها
الصنف الصرفي: فعل ماض
الجذر: ترك
الحالة: مبني"
يسرنا,"الكلمة: يسرنا
الصنف الصرفي: فعل مضارع
الجذر: سرر
الحالة: مبني"
أعجاز,"الكلمة: أعجاز
الصنف الصرفي: اسم محسوس
الجذر: عجز
الحالة: معرب"
بالنذر,"الكلمة: بالنذر
الصنف الصرفي: اسم محسوس
الجذر: نذر
الحالة: معرب"
أبشرا,"الكلمة: أبشرا
الصنف الصرفي: اسم محسوس
الجذر: بشر
الحالة: معرب"
نتبعه,"الكلمة: نتبعه
الصنف الصرفي: فعل مضارع
الجذر: تبع
الحالة: معرب"
سيعلمون,"الكلمة: سيعلمون
الصنف الصرفي: فعل مضارع
الجذر: علم
الحالة: معرب"
الكذاب,"الكلمة: الكذاب
الصنف الصرفي: صفة مبالغة
الجذر: كذب
الحالة: معرب"
مرسلو,"الكلمة: مرسلو
الصنف الصرفي: اسم فاعل
الجذر: رسل
الحالة: معرب"
فارتقبهم,"الكلمة: فارتقبهم
الصنف الصرفي: فعل أمر
الجذر: رقب
الحالة: مبني"
محتضر,"الكلمة: محتضر
الصنف الصرفي: اسم مفعول
الجذر: حضر
الحالة: معرب"
صاحبهم,"الكلمة: صاحبهم
الصنف الصرفي: اسم فاعل
الجذر: صحب
الحالة: معرب"
كهشيم,"الكلمة: كهشيم
الصنف الصرفي: اسم محسوس
الجذر: هشم
الحالة: معرب"
أنذرهم,"الكلمة: أنذرهم
الصنف الصرفي: فعل ماض
الجذر: نذر
الحالة: مبني"
بطشتنا,"الكلمة: بطشتنا
الصنف الصرفي: مصدر
الجذر: بطش
الحالة: معرب"
فتماروا,"الكلمة: فتماروا
الصنف الصرفي: فعل ماض
الجذر: مرر
الحالة: مبني"
فطمسنا,"الكلمة: فطمسنا
الصنف الصرفي: فعل ماض
الجذر: طمس
الحالة: مبني"
صبحهم,"الكلمة: صبحهم
الصنف الصرفي: فعل ماض
الجذر: صبح
الحالة: مبني"
مقتدر,"الكلمة: مقتدر
الصنف الصرفي: اسم فاعل
الجذر: قدر
الحالة: معرب"
الزبر,"الكلمة: الزبر
الصنف الصرفي: اسم محسوس
الجذر: زبر
الحالة: معرب"
منتصر,"الكلمة: منتصر
الصنف الصرفي: اسم فاعل
الجذر: نصر
الحالة: معرب"
سيهزم,"الكلمة: سيهزم
الصنف الصرفي: IV_PASS
الجذر: هزم
الحالة: معرب"
الجمع,"الكلمة: الجمع
الصنف الصرفي: اسم محسوس
الجذر: جمع
الحالة: معرب"
الدبر,"الكلمة: الدبر
الصنف الصرفي: اسم مجرد
الجذر: دبر
الحالة: معرب"
يسحبون,"الكلمة: يسحبون
الصنف الصرفي: IV_PASS
الجذر: سحب"
بالبصر,"الكلمة: بالبصر
الصنف الصرفي: اسم مجرد
الجذر: بصر
الحالة: معرب"
وكبير,"الكلمة: وكبير
الصنف الصرفي: صفة نوعية
الجذر: كبر
الحالة: معرب"
بحسبان,"الكلمة: بحسبان
الصنف الصرفي: مصدر
الجذر: حسب
الحالة: معرب"
يسجدان,"الكلمة: يسجدان
الصنف الصرفي: فعل مضارع
الجذر: سجد"
رفعها,"الكلمة: رفعها
الصنف الصرفي: فعل ماض
الجذر: رفع
الحالة: مبني"
تخسروا,"الكلمة: تخسروا
الصنف الصرفي: فعل مضارع
الجذر: خسر
الحالة: معرب"
والحب,"الكلمة: والحب
الصنف الصرفي: اسم محسوس
الجذر: حبب
الحالة: معرب"
العصف,"الكلمة: العصف
الصنف الصرفي: اسم محسوس
الجذر: عصف
الحالة: معرب"
تكذبان,"الكلمة: تكذبان
الصنف الصرفي: فعل مضارع
الجذر: كذب"
كالفخار,"الكلمة: كالفخار
الصنف الصرفي: اسم محسوس
الجذر: فخر
الحالة: معرب"
المغربين,"الكلمة: المغربين
الصنف الصرفي: اسم مجرد
الجذر: غرب
الحالة: معرب"
والمرجان,"الكلمة: والمرجان
الصنف الصرفي: اسم محسوس
الجذر: مرج
الحالة: معرب"
الجلال,"الكلمة: الجلال
الصنف الصرفي: مصدر
الجذر: جلل
الحالة: معرب"
والإكرام,"الكلمة: والإكرام
الصنف الصرفي: مصدر
الجذر: كرم
الحالة: معرب"
سنفرغ,"الكلمة: سنفرغ
الصنف الصرفي: فعل مضارع
الجذر: فرغ
الحالة: معرب"
الثقلان,"الكلمة: الثقلان
الصنف الصرفي: اسم محسوس
الجذر: ثقل
الحالة: معرب"
تنفذوا,"الكلمة: تنفذوا
الصنف الصرفي: فعل مضارع
الجذر: نفذ
الحالة: معرب"
أقطار,"الكلمة: أقطار
الصنف الصرفي: اسم محسوس
الجذر: قطر
الحالة: معرب"
فانفذوا,"الكلمة: فانفذوا
الصنف الصرفي: فعل أمر
الجذر: نفذ
الحالة: مبني"
تنفذون,"الكلمة: تنفذون
الصنف الصرفي: فعل مضارع
الجذر: نفذ"
ونحاس,"الكلمة: ونحاس
الصنف الصرفي: اسم محسوس
الجذر: نحس
الحالة: معرب"
تنتصران,"الكلمة: تنتصران
الصنف الصرفي: فعل مضارع
الجذر: نصر"
انشقت,"الكلمة: انشقت
الصنف الصرفي: فعل ماض
الجذر: نشق
الحالة: مبني"
كالدهان,"الكلمة: كالدهان
الصنف الصرفي: اسم محسوس
الجذر: دهن
الحالة: معرب"
والأقدام,"الكلمة: والأقدام
الصنف الصرفي: اسم محسوس
الجذر: قدم
الحالة: معرب"
ذواتا,"الكلمة: ذواتا
الصنف الصرفي: اسم محسوس
الجذر: NTWS
الحالة: معرب"
أفنان,"الكلمة: أفنان
الصنف الصرفي: اسم محسوس
الجذر: فنن
الحالة: معرب"
إستبرق,"الكلمة: إستبرق
الصنف الصرفي: كلمة أعجمية
الجذر: NTWS
الحالة: معرب"
الجنتين,"الكلمة: الجنتين
الصنف الصرفي: اسم محسوس
الجذر: جنن
الحالة: معرب"
دان,"الكلمة: دان
الصنف الصرفي: اسم فاعل
الجذر: دن
الحالة: معرب"
يطمثهن,"الكلمة: يطمثهن
الصنف الصرفي: فعل مضارع
الجذر: طمث
الحالة: معرب"
الإحسان,"الكلمة: الإحسان
الصنف الصرفي: مصدر
الجذر: حسن
الحالة: معرب"
ورمان,"الكلمة: ورمان
الصنف الصرفي: اسم محسوس
الجذر: رمن
الحالة: معرب"
مقصورات,"الكلمة: مقصورات
الصنف الصرفي: اسم مفعول
الجذر: قصر
الحالة: معرب"
كاذبة,"الكلمة: كاذبة
الصنف الصرفي: اسم فاعل
الجذر: كذب
الحالة: معرب"
رافعة,"الكلمة: رافعة
الصنف الصرفي: اسم فاعل
الجذر: رفع
الحالة: معرب"
منبثا,"الكلمة: منبثا
الصنف الصرفي: اسم مفعول
الجذر: بثث
الحالة: معرب"
السابقون,"الكلمة: السابقون
الصنف الصرفي: اسم فاعل
الجذر: سبق
الحالة: معرب"
ولدان,"الكلمة: ولدان
الصنف الصرفي: اسم محسوس
الجذر: لدن
الحالة: معرب"
مخلدون,"الكلمة: مخلدون
الصنف الصرفي: اسم مفعول
الجذر: خلد
الحالة: معرب"
بأكواب,"الكلمة: بأكواب
الصنف الصرفي: اسم محسوس
الجذر: NTWS
الحالة: معرب"
يصدعون,"الكلمة: يصدعون
الصنف الصرفي: فعل مضارع
الجذر: صدع"
ينزفون,"الكلمة: ينزفون
الصنف الصرفي: فعل مضارع
الجذر: نزف"
وفاكهة,"الكلمة: وفاكهة
الصنف الصرفي: اسم محسوس
الجذر: فكه
الحالة: معرب"
المكنون,"الكلمة: المكنون
الصنف الصرفي: اسم مفعول
الجذر: مكن
الحالة: معرب"
ممدود,"الكلمة: ممدود
الصنف الصرفي: اسم مفعول
الجذر: مدد
الحالة: معرب"
مقطوعة,"الكلمة: مقطوعة
الصنف الصرفي: اسم مفعول
الجذر: قطع
الحالة: معرب"
ممنوعة,"الكلمة: ممنوعة
الصنف الصرفي: اسم مفعول
الجذر: منع
الحالة: معرب"
مرفوعة,"الكلمة: مرفوعة
الصنف الصرفي: اسم مفعول
الجذر: رفع
الحالة: معرب"
فجعلناهن,"الكلمة: فجعلناهن
الصنف الصرفي: فعل ماض
الجذر: جعل
الحالة: مبني"
أبكارا,"الكلمة: أبكارا
الصنف الصرفي: صفة نوعية
الجذر: بكر
الحالة: معرب"
أترابا,"الكلمة: أترابا
الصنف الصرفي: اسم محسوس
الجذر: ترب
الحالة: معرب"
لأصحاب,"الكلمة: لأصحاب
الصنف الصرفي: اسم فاعل
الجذر: صحب
الحالة: معرب"
وحميم,"الكلمة: وحميم
الصنف الصرفي: اسم محسوس
الجذر: حمم
الحالة: معرب"
مترفين,"الكلمة: مترفين
الصنف الصرفي: اسم مفعول
الجذر: ترف
الحالة: معرب"
يصرون,"الكلمة: يصرون
الصنف الصرفي: فعل مضارع
الجذر: صرر"
الحنث,"الكلمة: الحنث
الصنف الصرفي: اسم مجرد
الجذر: حنث
الحالة: معرب"
لمجموعون,"الكلمة: لمجموعون
الصنف الصرفي: اسم مفعول
الجذر: جمع
الحالة: معرب"
فشاربون,"الكلمة: فشاربون
الصنف الصرفي: اسم فاعل
الجذر: شرب
الحالة: معرب"
نزلهم,"الكلمة: نزلهم
الصنف الصرفي: مصدر
الجذر: نزل
الحالة: معرب"
تصدقون,"الكلمة: تصدقون
الصنف الصرفي: فعل مضارع
الجذر: صدق"
تخلقونه,"الكلمة: تخلقونه
الصنف الصرفي: فعل مضارع
الجذر: خلق
الحالة: معرب"
بمسبوقين,"الكلمة: بمسبوقين
الصنف الصرفي: اسم مفعول
الجذر: سبق
الحالة: معرب"
تحرثون,"الكلمة: تحرثون
الصنف الصرفي: فعل مضارع
الجذر: حرث"
تزرعونه,"الكلمة: تزرعونه
الصنف الصرفي: فعل مضارع
الجذر: زرع
الحالة: معرب"
تفكهون,"الكلمة: تفكهون
الصنف الصرفي: فعل مضارع
الجذر: فكه"
لمغرمون,"الكلمة: لمغرمون
الصنف الصرفي: اسم مفعول
الجذر: غرم
الحالة: معرب"
محرومون,"الكلمة: محرومون
الصنف الصرفي: اسم مفعول
الجذر: حرم
الحالة: معرب"
أنزلتموه,"الكلمة: أنزلتموه
الصنف الصرفي: فعل ماض
الجذر: نزل
الحالة: مبني"
المزن,"الكلمة: المزن
الصنف الصرفي: اسم محسوس
الجذر: مزن
الحالة: معرب"
الحلقوم,"الكلمة: الحلقوم
الصنف الصرفي: اسم محسوس
الجذر: حلقم
الحالة: معرب"
ترجعونها,"الكلمة: ترجعونها
الصنف الصرفي: فعل مضارع
الجذر: رجع
الحالة: معرب"
فسلام,"الكلمة: فسلام
الصنف الصرفي: مصدر
الجذر: سلم
الحالة: معرب"
والظاهر,"الكلمة: والظاهر
الصنف الصرفي: اسم علم
الجذر: ظهر
الحالة: معرب"
والباطن,"الكلمة: والباطن
الصنف الصرفي: اسم فاعل
الجذر: بطن
الحالة: معرب"
ستخلفين,"الكلمة: ستخلفين
الصنف الصرفي: اسم مفعول
الجذر: خلف
الحالة: معرب"
وقاتل,"الكلمة: وقاتل
الصنف الصرفي: فعل ماض
الجذر: قتل
الحالة: مبني"
بشرىكم,"الكلمة: بشرىكم
الصنف الصرفي: مصدر
الجذر: بشر
الحالة: معرب"
انظرونا,"الكلمة: انظرونا
الصنف الصرفي: فعل أمر
الجذر: نظر
الحالة: مبني"
نقتبس,"الكلمة: نقتبس
الصنف الصرفي: فعل مضارع
الجذر: قبس
الحالة: معرب"
فالتمسوا,"الكلمة: فالتمسوا
الصنف الصرفي: فعل أمر
الجذر: لمس
الحالة: مبني"
باطنه,"الكلمة: باطنه
الصنف الصرفي: اسم فاعل
الجذر: بطن
الحالة: معرب"
وظاهره,"الكلمة: وظاهره
الصنف الصرفي: اسم فاعل
الجذر: ظهر
الحالة: معرب"
فتنتم,"الكلمة: فتنتم
الصنف الصرفي: فعل ماض
الجذر: فتن
الحالة: مبني"
وتربصتم,"الكلمة: وتربصتم
الصنف الصرفي: فعل ماض
الجذر: ربص
الحالة: مبني"
وغركم,"الكلمة: وغركم
الصنف الصرفي: فعل ماض
الجذر: غرر
الحالة: مبني"
والمصدقات,"الكلمة: والمصدقات
الصنف الصرفي: اسم فاعل
الجذر: صدق
الحالة: معرب"
وأقرضوا,"الكلمة: وأقرضوا
الصنف الصرفي: فعل ماض
الجذر: قرض
الحالة: مبني"
وتفاخر,"الكلمة: وتفاخر
الصنف الصرفي: مصدر
الجذر: فخر
الحالة: معرب"
وتكاثر,"الكلمة: وتكاثر
الصنف الصرفي: مصدر
الجذر: كثر
الحالة: معرب"
سابقوا,"الكلمة: سابقوا
الصنف الصرفي: فعل أمر
الجذر: سبق
الحالة: مبني"
نبرأها,"الكلمة: نبرأها
الصنف الصرفي: فعل مضارع
الجذر: نبر
الحالة: معرب"
تفرحوا,"الكلمة: تفرحوا
الصنف الصرفي: فعل مضارع
الجذر: فرح
الحالة: معرب"
برسلنا,"الكلمة: برسلنا
الصنف الصرفي: اسم محسوس
الجذر: رسل
الحالة: معرب"
ورهبانية,"الكلمة: ورهبانية
الصنف الصرفي: مصدر مهني (اسم مهنة)
الجذر: رهب
الحالة: معرب"
ابتدعوها,"الكلمة: ابتدعوها
الصنف الصرفي: فعل ماض
الجذر: بدع
الحالة: مبني"
كتبناها,"الكلمة: كتبناها
الصنف الصرفي: فعل ماض
الجذر: كتب
الحالة: مبني"
برسوله,"الكلمة: برسوله
الصنف الصرفي: اسم محسوس
الجذر: رسل
الحالة: معرب"
كفلين,"الكلمة: كفلين
الصنف الصرفي: اسم مجرد
الجذر: فلل
الحالة: معرب"
تمشون,"الكلمة: تمشون
الصنف الصرفي: فعل مضارع
الجذر: مشش"
تجادلك,"الكلمة: تجادلك
الصنف الصرفي: فعل مضارع
الجذر: جدل
الحالة: معرب"
يظاهرون,"الكلمة: يظاهرون
الصنف الصرفي: فعل مضارع
الجذر: ظهر"
ولدنهم,"الكلمة: ولدنهم
الصنف الصرفي: فعل ماض
الجذر: لدن
الحالة: مبني"
منكرا,"الكلمة: منكرا
الصنف الصرفي: اسم مفعول
الجذر: نكر
الحالة: معرب"
يتماسا,"الكلمة: يتماسا
الصنف الصرفي: فعل مضارع
الجذر: مسس
الحالة: معرب"
فإطعام,"الكلمة: فإطعام
الصنف الصرفي: مصدر
الجذر: طعم
الحالة: معرب"
مسكينا,"الكلمة: مسكينا
الصنف الصرفي: صفة مبالغة
الجذر: سكن
الحالة: معرب"
يحادون,"الكلمة: يحادون
الصنف الصرفي: فعل مضارع
الجذر: حدد"
كبتوا,"الكلمة: كبتوا
الصنف الصرفي: فعل ماض مجهول
الجذر: كبت
الحالة: مبني"
أحصاه,"الكلمة: أحصاه
الصنف الصرفي: فعل ماض
الجذر: حصص
الحالة: مبني"
يعذبنا,"الكلمة: يعذبنا
الصنف الصرفي: فعل مضارع
الجذر: عذب
الحالة: معرب"
ليحزن,"الكلمة: ليحزن
الصنف الصرفي: فعل مضارع
الجذر: حزن
الحالة: معرب"
بضارهم,"الكلمة: بضارهم
الصنف الصرفي: اسم فاعل
الجذر: ضرر
الحالة: معرب"
تفسحوا,"الكلمة: تفسحوا
الصنف الصرفي: فعل أمر
الجذر: فسح
الحالة: مبني"
فافسحوا,"الكلمة: فافسحوا
الصنف الصرفي: فعل أمر
الجذر: فسح
الحالة: مبني"
انشزوا,"الكلمة: انشزوا
الصنف الصرفي: فعل أمر
الجذر: نشز
الحالة: مبني"
فانشزوا,"الكلمة: فانشزوا
الصنف الصرفي: فعل أمر
الجذر: نشز
الحالة: مبني"
فقدموا,"الكلمة: فقدموا
الصنف الصرفي: فعل أمر
الجذر: قدم
الحالة: مبني"
صدقات,"الكلمة: صدقات
الصنف الصرفي: اسم مجرد
الجذر: صدق
الحالة: معرب"
فيحلفون,"الكلمة: فيحلفون
الصنف الصرفي: فعل مضارع
الجذر: حلف
الحالة: معرب"
عشيرتهم,"الكلمة: عشيرتهم
الصنف الصرفي: اسم محسوس
الجذر: عشر
الحالة: معرب"
لأول,"الكلمة: لأول
الصنف الصرفي: اسم عدد
الجذر: ل
الحالة: معرب"
الحشر,"الكلمة: الحشر
الصنف الصرفي: مصدر
الجذر: حشر
الحالة: معرب"
حصونهم,"الكلمة: حصونهم
الصنف الصرفي: اسم محسوس
الجذر: حصن
الحالة: معرب"
يحتسبوا,"الكلمة: يحتسبوا
الصنف الصرفي: فعل مضارع
الجذر: حسب
الحالة: معرب"
يخربون,"الكلمة: يخربون
الصنف الصرفي: فعل مضارع
الجذر: خرب"
وأيدي,"الكلمة: وأيدي
الصنف الصرفي: اسم محسوس
الجذر: NTWS
الحالة: معرب"
فاعتبروا,"الكلمة: فاعتبروا
الصنف الصرفي: فعل أمر
الجذر: عبر
الحالة: مبني"
لعذبهم,"الكلمة: لعذبهم
الصنف الصرفي: فعل ماض
الجذر: عذب
الحالة: مبني"
قطعتم,"الكلمة: قطعتم
الصنف الصرفي: فعل ماض
الجذر: قطع
الحالة: مبني"
لينة,"الكلمة: لينة
الصنف الصرفي: اسم محسوس
الجذر: NTWS
الحالة: معرب"
تركتموها,"الكلمة: تركتموها
الصنف الصرفي: فعل ماض
الجذر: ترك
الحالة: مبني"
وينصرون,"الكلمة: وينصرون
الصنف الصرفي: فعل مضارع
الجذر: نصر
الحالة: معرب"
خصاصة,"الكلمة: خصاصة
الصنف الصرفي: اسم مجرد
الجذر: خصص
الحالة: معرب"
أخرجتم,"الكلمة: أخرجتم
الصنف الصرفي: فعل ماض مجهول
الجذر: خرج
الحالة: مبني"
نصروهم,"الكلمة: نصروهم
الصنف الصرفي: فعل ماض
الجذر: نصر
الحالة: مبني"
محصنة,"الكلمة: محصنة
الصنف الصرفي: اسم مفعول
الجذر: محص
الحالة: معرب"
بأسهم,"الكلمة: بأسهم
الصنف الصرفي: اسم مجرد
الجذر: NTWS
الحالة: معرب"
تحسبهم,"الكلمة: تحسبهم
الصنف الصرفي: IV_PASS
الجذر: حسب
الحالة: معرب"
عاقبتهما,"الكلمة: عاقبتهما
الصنف الصرفي: اسم مجرد
الجذر: عقب
الحالة: معرب"
ولتنظر,"الكلمة: ولتنظر
الصنف الصرفي: فعل مضارع
الجذر: نظر
الحالة: معرب"
خاشعا,"الكلمة: خاشعا
الصنف الصرفي: اسم فاعل
الجذر: خشع
الحالة: معرب"
متصدعا,"الكلمة: متصدعا
الصنف الصرفي: اسم فاعل
الجذر: صدع
الحالة: معرب"
القدوس,"الكلمة: القدوس
الصنف الصرفي: اسم علم
الجذر: قدس
الحالة: معرب"
الجبار,"الكلمة: الجبار
الصنف الصرفي: اسم علم
الجذر: جبر
الحالة: معرب"
المتكبر,"الكلمة: المتكبر
الصنف الصرفي: اسم فاعل
الجذر: كبر
الحالة: معرب"
بالمودة,"الكلمة: بالمودة
الصنف الصرفي: مصدر ميمي
الجذر: NTWS
الحالة: معرب"
خرجتم,"الكلمة: خرجتم
الصنف الصرفي: فعل ماض
الجذر: خرج
الحالة: مبني"
أعلنتم,"الكلمة: أعلنتم
الصنف الصرفي: فعل ماض
الجذر: علن
الحالة: مبني"
يفعله,"الكلمة: يفعله
الصنف الصرفي: فعل مضارع
الجذر: فعل
الحالة: معرب"
يثقفوكم,"الكلمة: يثقفوكم
الصنف الصرفي: فعل مضارع
الجذر: ثقف
الحالة: معرب"
ويبسطوا,"الكلمة: ويبسطوا
الصنف الصرفي: فعل مضارع
الجذر: بسط
الحالة: معرب"
وألسنتهم,"الكلمة: وألسنتهم
الصنف الصرفي: اسم محسوس
الجذر: لسن
الحالة: معرب"
تنفعكم,"الكلمة: تنفعكم
الصنف الصرفي: فعل ماض
الجذر: نفع
الحالة: معرب"
أرحامكم,"الكلمة: أرحامكم
الصنف الصرفي: اسم محسوس
الجذر: رحم
الحالة: معرب"
لأستغفرن,"الكلمة: لأستغفرن
الصنف الصرفي: فعل مضارع
الجذر: غفر
الحالة: مبني"
يخرجوكم,"الكلمة: يخرجوكم
الصنف الصرفي: فعل مضارع
الجذر: خرج
الحالة: معرب"
تبروهم,"الكلمة: تبروهم
الصنف الصرفي: فعل مضارع
الجذر: تبر
الحالة: معرب"
وتقسطوا,"الكلمة: وتقسطوا
الصنف الصرفي: فعل مضارع
الجذر: قسط
الحالة: معرب"
وأخرجوكم,"الكلمة: وأخرجوكم
الصنف الصرفي: فعل ماض
الجذر: خرج
الحالة: مبني"
وظاهروا,"الكلمة: وظاهروا
الصنف الصرفي: فعل ماض
الجذر: ظهر
الحالة: مبني"
إخراجكم,"الكلمة: إخراجكم
الصنف الصرفي: مصدر
الجذر: خرج
الحالة: معرب"
مهاجرات,"الكلمة: مهاجرات
الصنف الصرفي: اسم فاعل
الجذر: هجر
الحالة: معرب"
فامتحنوهن,"الكلمة: فامتحنوهن
الصنف الصرفي: فعل أمر
الجذر: محن
الحالة: مبني"
علمتموهن,"الكلمة: علمتموهن
الصنف الصرفي: فعل ماض
الجذر: علم
الحالة: مبني"
ترجعوهن,"الكلمة: ترجعوهن
الصنف الصرفي: فعل مضارع
الجذر: رجع
الحالة: معرب"
تمسكوا,"الكلمة: تمسكوا
الصنف الصرفي: فعل مضارع
الجذر: مسك
الحالة: معرب"
فعاقبتم,"الكلمة: فعاقبتم
الصنف الصرفي: فعل ماض
الجذر: عقب
الحالة: مبني"
يشركن,"الكلمة: يشركن
الصنف الصرفي: فعل مضارع
الجذر: شرك
الحالة: مبني"
يسرقن,"الكلمة: يسرقن
الصنف الصرفي: فعل مضارع
الجذر: سرق
الحالة: مبني"
يقتلن,"الكلمة: يقتلن
الصنف الصرفي: فعل مضارع
الجذر: قتل
الحالة: مبني"
ببهتان,"الكلمة: ببهتان
الصنف الصرفي: مصدر
الجذر: بهت
الحالة: معرب"
وأرجلهن,"الكلمة: وأرجلهن
الصنف الصرفي: اسم محسوس
الجذر: رجل
الحالة: معرب"
برسول,"الكلمة: برسول
الصنف الصرفي: اسم محسوس
الجذر: رسل
الحالة: معرب"
وتجاهدون,"الكلمة: وتجاهدون
الصنف الصرفي: فعل مضارع
الجذر: جهد
الحالة: معرب"
ويدخلكم,"الكلمة: ويدخلكم
الصنف الصرفي: فعل مضارع
الجذر: دخل
الحالة: معرب"
تحبونها,"الكلمة: تحبونها
الصنف الصرفي: فعل مضارع
الجذر: حبب
الحالة: معرب"
وكفرت,"الكلمة: وكفرت
الصنف الصرفي: فعل ماض
الجذر: كفر
الحالة: مبني"
عدوهم,"الكلمة: عدوهم
الصنف الصرفي: صفة مبالغة
الجذر: عدد
الحالة: معرب"
حملوا,"الكلمة: حملوا
الصنف الصرفي: فعل ماض مجهول
الجذر: حمل
الحالة: مبني"
يحملوها,"الكلمة: يحملوها
الصنف الصرفي: فعل مضارع
الجذر: حمل
الحالة: معرب"
الحمار,"الكلمة: الحمار
الصنف الصرفي: اسم محسوس
الجذر: حمر
الحالة: معرب"
أسفارا,"الكلمة: أسفارا
الصنف الصرفي: اسم محسوس
الجذر: سفر
الحالة: معرب"
تفرون,"الكلمة: تفرون
الصنف الصرفي: فعل مضارع
الجذر: فرر"
ملاقيكم,"الكلمة: ملاقيكم
الصنف الصرفي: اسم فاعل
الجذر: ملق
الحالة: معرب"
انفضوا,"الكلمة: انفضوا
الصنف الصرفي: فعل ماض
الجذر: فضض
الحالة: مبني"
وتركوك,"الكلمة: وتركوك
الصنف الصرفي: فعل ماض
الجذر: ترك
الحالة: مبني"
التجارة,"الكلمة: التجارة
الصنف الصرفي: مصدر
الجذر: تجر
الحالة: معرب"
لرسوله,"الكلمة: لرسوله
الصنف الصرفي: اسم محسوس
الجذر: رسل
الحالة: معرب"
أجسامهم,"الكلمة: أجسامهم
الصنف الصرفي: اسم محسوس
الجذر: جسم
الحالة: معرب"
مسندة,"الكلمة: مسندة
الصنف الصرفي: اسم مفعول
الجذر: سند
الحالة: معرب"
فاحذرهم,"الكلمة: فاحذرهم
الصنف الصرفي: فعل أمر
الجذر: حذر
الحالة: مبني"
أستغفرت,"الكلمة: أستغفرت
الصنف الصرفي: فعل ماض
الجذر: غفر
الحالة: مبني"
ينفضوا,"الكلمة: ينفضوا
الصنف الصرفي: فعل مضارع
الجذر: فضض
الحالة: معرب"
رجعنا,"الكلمة: رجعنا
الصنف الصرفي: فعل ماض
الجذر: رجع
الحالة: مبني"
ليخرجن,"الكلمة: ليخرجن
الصنف الصرفي: فعل مضارع
الجذر: خرج
الحالة: مبني"
الأعز,"الكلمة: الأعز
الصنف الصرفي: صفة مقارنة
الجذر: عزز
الحالة: معرب"
ولرسوله,"الكلمة: ولرسوله
الصنف الصرفي: اسم محسوس
الجذر: رسل
الحالة: معرب"
فأصدق,"الكلمة: فأصدق
الصنف الصرفي: فعل مضارع
الجذر: صدق
الحالة: معرب"
يهدوننا,"الكلمة: يهدوننا
الصنف الصرفي: فعل مضارع
الجذر: هدد
الحالة: معرب"
يبعثوا,"الكلمة: يبعثوا
الصنف الصرفي: IV_PASS
الجذر: بعث
الحالة: معرب"
لتبعثن,"الكلمة: لتبعثن
الصنف الصرفي: IV_PASS
الجذر: بعث
الحالة: معرب"
عملتم,"الكلمة: عملتم
الصنف الصرفي: فعل ماض
الجذر: عمل
الحالة: مبني"
ويعمل,"الكلمة: ويعمل
الصنف الصرفي: فعل مضارع
الجذر: عمل
الحالة: معرب"
ويدخله,"الكلمة: ويدخله
الصنف الصرفي: فعل مضارع
الجذر: دخل
الحالة: معرب"
وتصفحوا,"الكلمة: وتصفحوا
الصنف الصرفي: فعل مضارع
الجذر: صفح
الحالة: معرب"
وتغفروا,"الكلمة: وتغفروا
الصنف الصرفي: فعل مضارع
الجذر: غفر
الحالة: معرب"
تقرضوا,"الكلمة: تقرضوا
الصنف الصرفي: فعل مضارع
الجذر: قرض
الحالة: معرب"
يضاعفه,"الكلمة: يضاعفه
الصنف الصرفي: فعل مضارع
الجذر: ضعف
الحالة: معرب"
فطلقوهن,"الكلمة: فطلقوهن
الصنف الصرفي: فعل أمر
الجذر: طلق
الحالة: مبني"
لعدتهن,"الكلمة: لعدتهن
الصنف الصرفي: اسم مجرد
الجذر: عدد
الحالة: معرب"
وأحصوا,"الكلمة: وأحصوا
الصنف الصرفي: فعل أمر
الجذر: حصص
الحالة: مبني"
تخرجوهن,"الكلمة: تخرجوهن
الصنف الصرفي: فعل مضارع
الجذر: خرج
الحالة: معرب"
يخرجن,"الكلمة: يخرجن
الصنف الصرفي: فعل مضارع
الجذر: خرج
الحالة: مبني"
فارقوهن,"الكلمة: فارقوهن
الصنف الصرفي: فعل أمر
الجذر: فرق
الحالة: مبني"
مخرجا,"الكلمة: مخرجا
الصنف الصرفي: مصدر ميمي
الجذر: خرج
الحالة: معرب"
ويرزقه,"الكلمة: ويرزقه
الصنف الصرفي: فعل مضارع
الجذر: رزق
الحالة: معرب"
يحتسب,"الكلمة: يحتسب
الصنف الصرفي: فعل مضارع
الجذر: حسب
الحالة: معرب"
فعدتهن,"الكلمة: فعدتهن
الصنف الصرفي: اسم مجرد
الجذر: عدد
الحالة: معرب"
الأحمال,"الكلمة: الأحمال
الصنف الصرفي: اسم مجرد
الجذر: حمل
الحالة: معرب"
حملهن,"الكلمة: حملهن
الصنف الصرفي: مصدر
الجذر: حمل
الحالة: معرب"
ويعظم,"الكلمة: ويعظم
الصنف الصرفي: فعل مضارع
الجذر: عظم
الحالة: معرب"
أسكنوهن,"الكلمة: أسكنوهن
الصنف الصرفي: فعل أمر
الجذر: سكن
الحالة: مبني"
سكنتم,"الكلمة: سكنتم
الصنف الصرفي: فعل ماض
الجذر: سكن
الحالة: مبني"
وجدكم,"الكلمة: وجدكم
الصنف الصرفي: مصدر
الجذر: جدد
الحالة: معرب"
فأنفقوا,"الكلمة: فأنفقوا
الصنف الصرفي: فعل أمر
الجذر: نفق
الحالة: مبني"
أرضعن,"الكلمة: أرضعن
الصنف الصرفي: فعل ماض
الجذر: رضع
الحالة: مبني"
تعاسرتم,"الكلمة: تعاسرتم
الصنف الصرفي: فعل ماض
الجذر: عسر
الحالة: مبني"
فسترضع,"الكلمة: فسترضع
الصنف الصرفي: فعل مضارع
الجذر: رضع
الحالة: معرب"
لينفق,"الكلمة: لينفق
الصنف الصرفي: فعل مضارع
الجذر: نفق
الحالة: معرب"
فلينفق,"الكلمة: فلينفق
الصنف الصرفي: فعل مضارع
الجذر: نفق
الحالة: معرب"
فحاسبناها,"الكلمة: فحاسبناها
الصنف الصرفي: فعل ماض
الجذر: حسب
الحالة: مبني"
حسابا,"الكلمة: حسابا
الصنف الصرفي: مصدر
الجذر: حسب
الحالة: معرب"
وعذبناها,"الكلمة: وعذبناها
الصنف الصرفي: فعل ماض
الجذر: عذب
الحالة: مبني"
ليخرج,"الكلمة: ليخرج
الصنف الصرفي: فعل مضارع
الجذر: خرج
الحالة: معرب"
مثلهن,"الكلمة: مثلهن
الصنف الصرفي: اسم مجرد
الجذر: مثل
الحالة: معرب"
يتنزل,"الكلمة: يتنزل
الصنف الصرفي: فعل مضارع
الجذر: نزل
الحالة: معرب"
بينهن,"الكلمة: بينهن
الصنف الصرفي: ظرف
الجذر: NTWS
الحالة: معرب"
وأظهره,"الكلمة: وأظهره
الصنف الصرفي: فعل ماض
الجذر: ظهر
الحالة: مبني"
وأعرض,"الكلمة: وأعرض
الصنف الصرفي: فعل ماض
الجذر: عرض
الحالة: مبني"
قلوبكما,"الكلمة: قلوبكما
الصنف الصرفي: اسم محسوس
الجذر: قلب
الحالة: معرب"
تظاهرا,"الكلمة: تظاهرا
الصنف الصرفي: فعل ماض
الجذر: ظهر
الحالة: معرب"
وصالح,"الكلمة: وصالح
الصنف الصرفي: اسم علم
الجذر: صلح
الحالة: معرب"
طلقكن,"الكلمة: طلقكن
الصنف الصرفي: فعل ماض
الجذر: طلق
الحالة: مبني"
يبدله,"الكلمة: يبدله
الصنف الصرفي: فعل مضارع
الجذر: بدل
الحالة: مبني"
عابدات,"الكلمة: عابدات
الصنف الصرفي: اسم فاعل
الجذر: عبد
الحالة: معرب"
وأبكارا,"الكلمة: وأبكارا
الصنف الصرفي: اسم مجرد
الجذر: بكر
الحالة: معرب"
يعصون,"الكلمة: يعصون
الصنف الصرفي: فعل مضارع
الجذر: عصص"
نصوحا,"الكلمة: نصوحا
الصنف الصرفي: صفة نوعية
الجذر: نصح
الحالة: معرب"
عبدين,"الكلمة: عبدين
الصنف الصرفي: اسم محسوس
الجذر: عبد
الحالة: معرب"
فخانتاهما,"الكلمة: فخانتاهما
الصنف الصرفي: فعل ماض
الجذر: خنن
الحالة: مبني"
ادخلا,"الكلمة: ادخلا
الصنف الصرفي: فعل أمر
الجذر: دخل
الحالة: مبني"
ومريم,"الكلمة: ومريم
الصنف الصرفي: اسم علم أعجمي
الجذر: NTWS
الحالة: معرب"
وصدقت,"الكلمة: وصدقت
الصنف الصرفي: فعل ماض
الجذر: صدق
الحالة: مبني"
والحياة,"الكلمة: والحياة
الصنف الصرفي: مصدر
الجذر: حة
الحالة: معرب"
طباقا,"الكلمة: طباقا
الصنف الصرفي: مصدر
الجذر: طبق
الحالة: معرب"
فارجع,"الكلمة: فارجع
الصنف الصرفي: فعل أمر
الجذر: رجع
الحالة: مبني"
كرتين,"الكلمة: كرتين
الصنف الصرفي: مصدر لحظي
الجذر: كرر
الحالة: معرب"
رجوما,"الكلمة: رجوما
الصنف الصرفي: اسم محسوس
الجذر: رجم
الحالة: معرب"
شهيقا,"الكلمة: شهيقا
الصنف الصرفي: مصدر
الجذر: شهق
الحالة: معرب"
سألهم,"الكلمة: سألهم
الصنف الصرفي: فعل ماض
الجذر: لهم
الحالة: مبني"
فكذبنا,"الكلمة: فكذبنا
الصنف الصرفي: فعل ماض
الجذر: كذب
الحالة: مبني"
فاعترفوا,"الكلمة: فاعترفوا
الصنف الصرفي: فعل ماض
الجذر: عرف
الحالة: مبني"
بذنبهم,"الكلمة: بذنبهم
الصنف الصرفي: اسم مجرد
الجذر: ذنب
الحالة: معرب"
فسحقا,"الكلمة: فسحقا
الصنف الصرفي: مصدر
الجذر: سحق
الحالة: معرب"
وأسروا,"الكلمة: وأسروا
الصنف الصرفي: فعل أمر
الجذر: سرر
الحالة: مبني"
ذلولا,"الكلمة: ذلولا
الصنف الصرفي: صفة نوعية
الجذر: ذلل
الحالة: معرب"
مناكبها,"الكلمة: مناكبها
الصنف الصرفي: اسم زمان أو مكان
الجذر: نكب
الحالة: معرب"
ويقبضن,"الكلمة: ويقبضن
الصنف الصرفي: فعل مضارع
الجذر: قبض
الحالة: مبني"
ونفور,"الكلمة: ونفور
الصنف الصرفي: مصدر
الجذر: نفر
الحالة: معرب"
أهلكني,"الكلمة: أهلكني
الصنف الصرفي: فعل ماض
الجذر: هلك
الحالة: مبني"
رحمنا,"الكلمة: رحمنا
الصنف الصرفي: فعل ماض
الجذر: رحم
الحالة: مبني"
والقلم,"الكلمة: والقلم
الصنف الصرفي: اسم محسوس
الجذر: قلم
الحالة: معرب"
يسطرون,"الكلمة: يسطرون
الصنف الصرفي: فعل مضارع
الجذر: سطر"
بمجنون,"الكلمة: بمجنون
الصنف الصرفي: اسم مفعول
الجذر: جنن
الحالة: معرب"
فستبصر,"الكلمة: فستبصر
الصنف الصرفي: فعل مضارع
الجذر: بصر
الحالة: معرب"
ويبصرون,"الكلمة: ويبصرون
الصنف الصرفي: فعل مضارع
الجذر: بصر
الحالة: معرب"
بأييكم,"الكلمة: بأييكم
الصنف الصرفي: أداة استفهام
الجذر: NTWS"
المفتون,"الكلمة: المفتون
الصنف الصرفي: اسم مفعول
الجذر: فتن
الحالة: معرب"
فيدهنون,"الكلمة: فيدهنون
الصنف الصرفي: IV_PASS
الجذر: دهن
الحالة: معرب"
سنسمه,"الكلمة: سنسمه
الصنف الصرفي: فعل مضارع
الجذر: سمم
الحالة: معرب"
الخرطوم,"الكلمة: الخرطوم
الصنف الصرفي: اسم علم
الجذر: خرطم
الحالة: معرب"
بلوناهم,"الكلمة: بلوناهم
الصنف الصرفي: فعل ماض
الجذر: NTWS
الحالة: مبني"
بلونا,"الكلمة: بلونا
الصنف الصرفي: فعل ماض
الجذر: بلل
الحالة: مبني"
ليصرمنها,"الكلمة: ليصرمنها
الصنف الصرفي: فعل ماض
الجذر: صرم
الحالة: معرب"
فأصبحت,"الكلمة: فأصبحت
الصنف الصرفي: فعل ماض
الجذر: صبح
الحالة: مبني"
صارمين,"الكلمة: صارمين
الصنف الصرفي: اسم فاعل
الجذر: صرم
الحالة: معرب"
فانطلقوا,"الكلمة: فانطلقوا
الصنف الصرفي: فعل ماض
الجذر: طلق
الحالة: مبني"
يدخلنها,"الكلمة: يدخلنها
الصنف الصرفي: فعل مضارع
الجذر: دخل
الحالة: مبني"
قادرين,"الكلمة: قادرين
الصنف الصرفي: اسم فاعل
الجذر: قدر
الحالة: معرب"
تسبحون,"الكلمة: تسبحون
الصنف الصرفي: فعل مضارع
الجذر: سبح"
يبدلنا,"الكلمة: يبدلنا
الصنف الصرفي: فعل مضارع
الجذر: بدل
الحالة: معرب"
كالمجرمين,"الكلمة: كالمجرمين
الصنف الصرفي: اسم فاعل
الجذر: جرم
الحالة: معرب"
ويدعون,"الكلمة: ويدعون
الصنف الصرفي: IV_PASS
الجذر: دعع
الحالة: معرب"
ترهقهم,"الكلمة: ترهقهم
الصنف الصرفي: فعل مضارع
الجذر: رهق
الحالة: معرب"
سالمون,"الكلمة: سالمون
الصنف الصرفي: اسم فاعل
الجذر: سلم
الحالة: معرب"
فذرني,"الكلمة: فذرني
الصنف الصرفي: فعل أمر
الجذر: ذرر
الحالة: مبني"
كصاحب,"الكلمة: كصاحب
الصنف الصرفي: اسم فاعل
الجذر: صحب
الحالة: معرب"
تداركه,"الكلمة: تداركه
الصنف الصرفي: فعل ماض
الجذر: درك
الحالة: معرب"
مذموم,"الكلمة: مذموم
الصنف الصرفي: اسم مفعول
الجذر: ذمم
الحالة: معرب"
بأبصارهم,"الكلمة: بأبصارهم
الصنف الصرفي: اسم مجرد
الجذر: بصر
الحالة: معرب"
الحاقة,"الكلمة: الحاقة
الصنف الصرفي: اسم علم
الجذر: لحق
الحالة: معرب"
أدراك,"الكلمة: أدراك
الصنف الصرفي: فعل ماض
الجذر: درر
الحالة: مبني"
بالقارعة,"الكلمة: بالقارعة
الصنف الصرفي: اسم فاعل
الجذر: قرع
الحالة: معرب"
فأهلكوا,"الكلمة: فأهلكوا
الصنف الصرفي: فعل ماض مجهول
الجذر: هلك
الحالة: مبني"
وثمانية,"الكلمة: وثمانية
الصنف الصرفي: اسم عدد
الجذر: ثمن
الحالة: معرب"
حسوما,"الكلمة: حسوما
الصنف الصرفي: اسم مجرد
الجذر: حسم
الحالة: معرب"
فعصوا,"الكلمة: فعصوا
الصنف الصرفي: فعل ماض
الجذر: عصص
الحالة: مبني"
رابية,"الكلمة: رابية
الصنف الصرفي: اسم فاعل
الجذر: ربب
الحالة: معرب"
حملناكم,"الكلمة: حملناكم
الصنف الصرفي: فعل ماض
الجذر: حمل
الحالة: مبني"
لنجعلها,"الكلمة: لنجعلها
الصنف الصرفي: فعل مضارع
الجذر: جعل
الحالة: معرب"
وحملت,"الكلمة: وحملت
الصنف الصرفي: فعل ماض مجهول
الجذر: حمل
الحالة: مبني"
فدكتا,"الكلمة: فدكتا
الصنف الصرفي: فعل ماض مجهول
الجذر: دكك
الحالة: مبني"
وانشقت,"الكلمة: وانشقت
الصنف الصرفي: فعل ماض
الجذر: نشق
الحالة: مبني"
والملك,"الكلمة: والملك
الصنف الصرفي: اسم محسوس
الجذر: ملك
الحالة: معرب"
ويحمل,"الكلمة: ويحمل
الصنف الصرفي: فعل مضارع
الجذر: حمل
الحالة: معرب"
تعرضون,"الكلمة: تعرضون
الصنف الصرفي: IV_PASS
الجذر: عرض"
كتابيه,"الكلمة: كتابيه
الصنف الصرفي: اسم محسوس
الجذر: كتب
الحالة: معرب"
حسابيه,"الكلمة: حسابيه
الصنف الصرفي: مصدر
الجذر: حسب
الحالة: معرب"
قطوفها,"الكلمة: قطوفها
الصنف الصرفي: اسم محسوس
الجذر: قطف
الحالة: معرب"
أسلفتم,"الكلمة: أسلفتم
الصنف الصرفي: فعل ماض
الجذر: سلف
الحالة: مبني"
بشماله,"الكلمة: بشماله
الصنف الصرفي: اسم محسوس
الجذر: شمل
الحالة: معرب"
ماليه,"الكلمة: ماليه
الصنف الصرفي: اسم محسوس
الجذر: ملّ
الحالة: معرب"
سلطانيه,"الكلمة: سلطانيه
الصنف الصرفي: اسم مجرد
الجذر: سلطن
الحالة: معرب"
فغلوه,"الكلمة: فغلوه
الصنف الصرفي: فعل أمر
الجذر: غلل
الحالة: مبني"
ذرعها,"الكلمة: ذرعها
الصنف الصرفي: اسم مجرد
الجذر: ذرع
الحالة: معرب"
سبعون,"الكلمة: سبعون
الصنف الصرفي: اسم عدد
الجذر: سبع
الحالة: معرب"
ذراعا,"الكلمة: ذراعا
الصنف الصرفي: اسم مجرد
الجذر: ذرع
الحالة: معرب"
فاسلكوه,"الكلمة: فاسلكوه
الصنف الصرفي: فعل أمر
الجذر: سلك
الحالة: مبني"
المسكين,"الكلمة: المسكين
الصنف الصرفي: صفة مبالغة
الجذر: سكن
الحالة: معرب"
لقطعنا,"الكلمة: لقطعنا
الصنف الصرفي: فعل ماض
الجذر: قطع
الحالة: مبني"
حاجزين,"الكلمة: حاجزين
الصنف الصرفي: اسم فاعل
الجذر: حجز
الحالة: معرب"
لتذكرة,"الكلمة: لتذكرة
الصنف الصرفي: مصدر
الجذر: ذكر
الحالة: معرب"
لحسرة,"الكلمة: لحسرة
الصنف الصرفي: مصدر
الجذر: حسر
الحالة: معرب"
المعارج,"الكلمة: المعارج
الصنف الصرفي: اسم محسوس
الجذر: عرج
الحالة: معرب"
كالعهن,"الكلمة: كالعهن
الصنف الصرفي: اسم محسوس
الجذر: عهن
الحالة: معرب"
حميما,"الكلمة: حميما
الصنف الصرفي: صفة نوعية
الجذر: حمم
الحالة: معرب"
يبصرونهم,"الكلمة: يبصرونهم
الصنف الصرفي: فعل مضارع
الجذر: بصر
الحالة: معرب"
المجرم,"الكلمة: المجرم
الصنف الصرفي: اسم فاعل
الجذر: جرم
الحالة: معرب"
وصاحبته,"الكلمة: وصاحبته
الصنف الصرفي: اسم فاعل
الجذر: صحب
الحالة: معرب"
وفصيلته,"الكلمة: وفصيلته
الصنف الصرفي: اسم محسوس
الجذر: فصل
الحالة: معرب"
نزاعة,"الكلمة: نزاعة
الصنف الصرفي: صفة مبالغة
الجذر: نزع
الحالة: معرب"
هلوعا,"الكلمة: هلوعا
الصنف الصرفي: صفة نوعية
الجذر: هلع
الحالة: معرب"
جزوعا,"الكلمة: جزوعا
الصنف الصرفي: صفة مبالغة
الجذر: جزع
الحالة: معرب"
يصدقون,"الكلمة: يصدقون
الصنف الصرفي: فعل مضارع
الجذر: صدق"
بشهاداتهم,"الكلمة: بشهاداتهم
الصنف الصرفي: اسم مجرد
الجذر: شهد
الحالة: معرب"
قبلك,"الكلمة: قبلك
الصنف الصرفي: ظرف
الجذر: قبل
الحالة: مبني"
والمغارب,"الكلمة: والمغارب
الصنف الصرفي: اسم زمان أو مكان
الجذر: غرب
الحالة: معرب"
ونهارا,"الكلمة: ونهارا
الصنف الصرفي: اسم مجرد
الجذر: نهر
الحالة: معرب"
لتغفر,"الكلمة: لتغفر
الصنف الصرفي: فعل مضارع
الجذر: غفر
الحالة: معرب"
واستغشوا,"الكلمة: واستغشوا
الصنف الصرفي: فعل ماض
الجذر: غشش
الحالة: مبني"
وأصروا,"الكلمة: وأصروا
الصنف الصرفي: فعل ماض
الجذر: صرر
الحالة: مبني"
جهارا,"الكلمة: جهارا
الصنف الصرفي: مصدر
الجذر: جهر
الحالة: معرب"
أعلنت,"الكلمة: أعلنت
الصنف الصرفي: فعل ماض
الجذر: علن
الحالة: مبني"
وأسررت,"الكلمة: وأسررت
الصنف الصرفي: فعل ماض
الجذر: سرر
الحالة: مبني"
إسرارا,"الكلمة: إسرارا
الصنف الصرفي: مصدر
الجذر: سرر
الحالة: معرب"
غفارا,"الكلمة: غفارا
الصنف الصرفي: صفة مبالغة
الجذر: غفر
الحالة: معرب"
ويمددكم,"الكلمة: ويمددكم
الصنف الصرفي: فعل مضارع
الجذر: مدد
الحالة: معرب"
ترجون,"الكلمة: ترجون
الصنف الصرفي: فعل مضارع
الجذر: رجج"
وقارا,"الكلمة: وقارا
الصنف الصرفي: مصدر
الجذر: قرر
الحالة: معرب"
أنبتكم,"الكلمة: أنبتكم
الصنف الصرفي: فعل ماض
الجذر: نبت
الحالة: مبني"
ويخرجكم,"الكلمة: ويخرجكم
الصنف الصرفي: فعل مضارع
الجذر: خرج
الحالة: معرب"
إخراجا,"الكلمة: إخراجا
الصنف الصرفي: مصدر
الجذر: خرج
الحالة: معرب"
بساطا,"الكلمة: بساطا
الصنف الصرفي: اسم مجرد
الجذر: بسط
الحالة: معرب"
لتسلكوا,"الكلمة: لتسلكوا
الصنف الصرفي: فعل مضارع
الجذر: سلك
الحالة: معرب"
عصوني,"الكلمة: عصوني
الصنف الصرفي: فعل ماض
الجذر: عصص
الحالة: مبني"
كبارا,"الكلمة: كبارا
الصنف الصرفي: صفة نوعية
الجذر: كبر
الحالة: معرب"
ونسرا,"الكلمة: ونسرا
الصنف الصرفي: اسم علم
الجذر: نسر
الحالة: معرب"
أضلوا,"الكلمة: أضلوا
الصنف الصرفي: فعل ماض
الجذر: ضلل
الحالة: مبني"
أغرقوا,"الكلمة: أغرقوا
الصنف الصرفي: فعل ماض مجهول
الجذر: غرق
الحالة: مبني"
فأدخلوا,"الكلمة: فأدخلوا
الصنف الصرفي: فعل ماض مجهول
الجذر: دخل
الحالة: مبني"
أنصارا,"الكلمة: أنصارا
الصنف الصرفي: اسم فاعل
الجذر: نصر
الحالة: معرب"
تذرهم,"الكلمة: تذرهم
الصنف الصرفي: فعل مضارع
الجذر: ذرر
الحالة: معرب"
يضلوا,"الكلمة: يضلوا
الصنف الصرفي: فعل مضارع
الجذر: ضلل
الحالة: معرب"
يلدوا,"الكلمة: يلدوا
الصنف الصرفي: فعل مضارع
الجذر: لدد
الحالة: معرب"
فاجرا,"الكلمة: فاجرا
الصنف الصرفي: اسم فاعل
الجذر: فجر
الحالة: معرب"
كفارا,"الكلمة: كفارا
الصنف الصرفي: صفة مبالغة
الجذر: كفر
الحالة: معرب"
تبارا,"الكلمة: تبارا
الصنف الصرفي: مصدر
الجذر: تبر
الحالة: معرب"
استمع,"الكلمة: استمع
الصنف الصرفي: فعل ماض
الجذر: سمع
الحالة: مبني"
سفيهنا,"الكلمة: سفيهنا
الصنف الصرفي: صفة نوعية
الجذر: سفه
الحالة: معرب"
وأنا,"الكلمة: وأنا
الصنف الصرفي: ضمير أنا (مفرد متكلم)
الجذر: NTWS
الحالة: مبني"
برجال,"الكلمة: برجال
الصنف الصرفي: اسم محسوس
الجذر: رجل
الحالة: معرب"
لمسنا,"الكلمة: لمسنا
الصنف الصرفي: فعل ماض
الجذر: لمس
الحالة: مبني"
وشهبا,"الكلمة: وشهبا
الصنف الصرفي: اسم محسوس
الجذر: شهب
الحالة: معرب"
شهابا,"الكلمة: شهابا
الصنف الصرفي: اسم محسوس
الجذر: شهب
الحالة: معرب"
نعجزه,"الكلمة: نعجزه
الصنف الصرفي: فعل مضارع
الجذر: عجز
الحالة: معرب"
المسلمون,"الكلمة: المسلمون
الصنف الصرفي: اسم فاعل
الجذر: سلم
الحالة: معرب"
تحروا,"الكلمة: تحروا
الصنف الصرفي: فعل مضارع
الجذر: حرر
الحالة: مبني"
الطريقة,"الكلمة: الطريقة
الصنف الصرفي: اسم مجرد
الجذر: طرق
الحالة: معرب"
يسلكه,"الكلمة: يسلكه
الصنف الصرفي: فعل مضارع
الجذر: سلك
الحالة: معرب"
يدعوه,"الكلمة: يدعوه
الصنف الصرفي: فعل مضارع
الجذر: دعع
الحالة: معرب"
بلاغا,"الكلمة: بلاغا
الصنف الصرفي: اسم مجرد
الجذر: بلغ
الحالة: معرب"
ورسالاته,"الكلمة: ورسالاته
الصنف الصرفي: اسم مجرد
الجذر: رسل
الحالة: معرب"
ناصرا,"الكلمة: ناصرا
الصنف الصرفي: اسم فاعل
الجذر: نصر
الحالة: معرب"
أبلغوا,"الكلمة: أبلغوا
الصنف الصرفي: فعل ماض
الجذر: بلغ
الحالة: مبني"
ثقيلا,"الكلمة: ثقيلا
الصنف الصرفي: صفة نوعية
الجذر: ثقل
الحالة: معرب"
وتبتل,"الكلمة: وتبتل
الصنف الصرفي: فعل أمر
الجذر: بتل
الحالة: مبني"
واهجرهم,"الكلمة: واهجرهم
الصنف الصرفي: فعل أمر
الجذر: هجر
الحالة: مبني"
وذرني,"الكلمة: وذرني
الصنف الصرفي: فعل أمر
الجذر: ذرر
الحالة: مبني"
النعمة,"الكلمة: النعمة
الصنف الصرفي: اسم مجرد
الجذر: نعم
الحالة: معرب"
ومهلهم,"الكلمة: ومهلهم
الصنف الصرفي: فعل أمر
الجذر: مهل
الحالة: مبني"
أنكالا,"الكلمة: أنكالا
الصنف الصرفي: اسم محسوس
الجذر: نكل
الحالة: معرب"
وجحيما,"الكلمة: وجحيما
الصنف الصرفي: اسم محسوس
الجذر: جحم
الحالة: معرب"
وطعاما,"الكلمة: وطعاما
الصنف الصرفي: اسم محسوس
الجذر: طعم
الحالة: معرب"
وعذابا,"الكلمة: وعذابا
الصنف الصرفي: مصدر
الجذر: عذب
الحالة: معرب"
كثيبا,"الكلمة: كثيبا
الصنف الصرفي: اسم محسوس
الجذر: كثب
الحالة: معرب"
وبيلا,"الكلمة: وبيلا
الصنف الصرفي: صفة نوعية
الجذر: NTWS
الحالة: معرب"
ثلثي,"الكلمة: ثلثي
الصنف الصرفي: اسم عدد
الجذر: ثلث
الحالة: معرب"
ونصفه,"الكلمة: ونصفه
الصنف الصرفي: اسم مجرد
الجذر: نصف
الحالة: معرب"
وثلثه,"الكلمة: وثلثه
الصنف الصرفي: اسم مجرد
الجذر: ثلث
الحالة: معرب"
تحصوه,"الكلمة: تحصوه
الصنف الصرفي: فعل مضارع
الجذر: حصص
الحالة: معرب"
وأقرضوا,"الكلمة: وأقرضوا
الصنف الصرفي: فعل أمر
الجذر: قرض
الحالة: مبني"
فأنذر,"الكلمة: فأنذر
الصنف الصرفي: فعل أمر
الجذر: نذر
الحالة: مبني"
والرجز,"الكلمة: والرجز
الصنف الصرفي: اسم مجرد
الجذر: رجز
الحالة: معرب"
فاهجر,"الكلمة: فاهجر
الصنف الصرفي: فعل أمر
الجذر: هجر
الحالة: مبني"
تستكثر,"الكلمة: تستكثر
الصنف الصرفي: فعل مضارع
الجذر: كثر
الحالة: معرب"
ولربك,"الكلمة: ولربك
الصنف الصرفي: اسم محسوس
الجذر: ربب
الحالة: معرب"
الناقور,"الكلمة: الناقور
الصنف الصرفي: اسم آلة
الجذر: نقر
الحالة: معرب"
وجعلت,"الكلمة: وجعلت
الصنف الصرفي: فعل ماض
الجذر: جعل
الحالة: مبني"
ممدودا,"الكلمة: ممدودا
الصنف الصرفي: اسم مفعول
الجذر: مدد
الحالة: معرب"
ومهدت,"الكلمة: ومهدت
الصنف الصرفي: فعل ماض
الجذر: مهد
الحالة: مبني"
تمهيدا,"الكلمة: تمهيدا
الصنف الصرفي: مصدر
الجذر: مهد
الحالة: معرب"
عنيدا,"الكلمة: عنيدا
الصنف الصرفي: صفة نوعية
الجذر: عند
الحالة: معرب"
سأرهقه,"الكلمة: سأرهقه
الصنف الصرفي: فعل مضارع
الجذر: رهق
الحالة: معرب"
صعودا,"الكلمة: صعودا
الصنف الصرفي: اسم مجرد
الجذر: صعد
الحالة: معرب"
عدتهم,"الكلمة: عدتهم
الصنف الصرفي: اسم مجرد
الجذر: عدد
الحالة: معرب"
والصبح,"الكلمة: والصبح
الصنف الصرفي: اسم مجرد
الجذر: صبح
الحالة: معرب"
الكبر,"الكلمة: الكبر
الصنف الصرفي: صفة نوعية
الجذر: كبر
الحالة: معرب"
يتقدم,"الكلمة: يتقدم
الصنف الصرفي: فعل مضارع
الجذر: قدم
الحالة: معرب"
سلككم,"الكلمة: سلككم
الصنف الصرفي: فعل ماض
الجذر: سلك
الحالة: مبني"
تنفعهم,"الكلمة: تنفعهم
الصنف الصرفي: فعل مضارع
الجذر: نفع
الحالة: معرب"
الشافعين,"الكلمة: الشافعين
الصنف الصرفي: اسم فاعل
الجذر: شفع
الحالة: معرب"
عظامه,"الكلمة: عظامه
الصنف الصرفي: اسم محسوس
الجذر: عظم
الحالة: معرب"
بنانه,"الكلمة: بنانه
الصنف الصرفي: اسم محسوس
الجذر: بنن
الحالة: معرب"
ليفجر,"الكلمة: ليفجر
الصنف الصرفي: فعل مضارع
الجذر: فجر
الحالة: معرب"
أمامه,"الكلمة: أمامه
الصنف الصرفي: ظرف
الجذر: مم
الحالة: معرب"
المفر,"الكلمة: المفر
الصنف الصرفي: اسم زمان أو مكان
الجذر: فرر
الحالة: معرب"
المستقر,"الكلمة: المستقر
الصنف الصرفي: اسم زمان أو مكان
الجذر: قرر
الحالة: معرب"
معاذيره,"الكلمة: معاذيره
الصنف الصرفي: مصدر ميمي
الجذر: عذر
الحالة: معرب"
لسانك,"الكلمة: لسانك
الصنف الصرفي: اسم محسوس
الجذر: لسن
الحالة: معرب"
لتعجل,"الكلمة: لتعجل
الصنف الصرفي: فعل مضارع
الجذر: عجل
الحالة: معرب"
وقرآنه,"الكلمة: وقرآنه
الصنف الصرفي: اسم علم
الجذر: قرن
الحالة: معرب"
فاتبع,"الكلمة: فاتبع
الصنف الصرفي: فعل أمر
الجذر: تبع
الحالة: مبني"
قرآنه,"الكلمة: قرآنه
الصنف الصرفي: اسم علم
الجذر: قرن
الحالة: معرب"
ناضرة,"الكلمة: ناضرة
الصنف الصرفي: اسم فاعل
الجذر: نضر
الحالة: معرب"
ناظرة,"الكلمة: ناظرة
الصنف الصرفي: اسم فاعل
الجذر: نظر
الحالة: معرب"
باسرة,"الكلمة: باسرة
الصنف الصرفي: اسم فاعل
الجذر: بسر
الحالة: معرب"
فاقرة,"الكلمة: فاقرة
الصنف الصرفي: اسم مجرد
الجذر: قرر
الحالة: معرب"
والتفت,"الكلمة: والتفت
الصنف الصرفي: فعل ماض
الجذر: لفف
الحالة: مبني"
فأولى,"الكلمة: فأولى
الصنف الصرفي: صفة مقارنة
الجذر: ل
الحالة: معرب"
مني,"الكلمة: مني
الصنف الصرفي: اسم محسوس
الجذر: من
الحالة: معرب"
مذكورا,"الكلمة: مذكورا
الصنف الصرفي: اسم مفعول
الجذر: ذكر
الحالة: معرب"
أمشاج,"الكلمة: أمشاج
الصنف الصرفي: اسم محسوس
الجذر: مشج
الحالة: معرب"
وأغلالا,"الكلمة: وأغلالا
الصنف الصرفي: اسم محسوس
الجذر: غلل
الحالة: معرب"
وسعيرا,"الكلمة: وسعيرا
الصنف الصرفي: اسم محسوس
الجذر: سعر
الحالة: معرب"
يشربون,"الكلمة: يشربون
الصنف الصرفي: فعل مضارع
الجذر: شرب"
مزاجها,"الكلمة: مزاجها
الصنف الصرفي: اسم مجرد
الجذر: مزج
الحالة: معرب"
كافورا,"الكلمة: كافورا
الصنف الصرفي: اسم محسوس
الجذر: NTWS
الحالة: معرب"
يفجرونها,"الكلمة: يفجرونها
الصنف الصرفي: فعل مضارع
الجذر: فجر
الحالة: معرب"
ويطعمون,"الكلمة: ويطعمون
الصنف الصرفي: فعل مضارع
الجذر: طعم
الحالة: معرب"
نطعمكم,"الكلمة: نطعمكم
الصنف الصرفي: فعل مضارع
الجذر: طعم
الحالة: معرب"
لوجه,"الكلمة: لوجه
الصنف الصرفي: اسم محسوس
الجذر: NTWS
الحالة: معرب"
عبوسا,"الكلمة: عبوسا
الصنف الصرفي: صفة مبالغة
الجذر: عبس
الحالة: معرب"
وسرورا,"الكلمة: وسرورا
الصنف الصرفي: مصدر
الجذر: سرر
الحالة: معرب"
وجزاهم,"الكلمة: وجزاهم
الصنف الصرفي: فعل ماض
الجذر: جزز
الحالة: مبني"
وحريرا,"الكلمة: وحريرا
الصنف الصرفي: اسم محسوس
الجذر: حرر
الحالة: معرب"
زمهريرا,"الكلمة: زمهريرا
الصنف الصرفي: اسم مجرد
الجذر: زمهر
الحالة: معرب"
ودانية,"الكلمة: ودانية
الصنف الصرفي: اسم فاعل
الجذر: دن
الحالة: معرب"
ظلالها,"الكلمة: ظلالها
الصنف الصرفي: اسم مجرد
الجذر: ظلل
الحالة: معرب"
وذللت,"الكلمة: وذللت
الصنف الصرفي: فعل ماض مجهول
الجذر: ذلل
الحالة: مبني"
تذليلا,"الكلمة: تذليلا
الصنف الصرفي: مصدر
الجذر: ذلل
الحالة: معرب"
قدروها,"الكلمة: قدروها
الصنف الصرفي: فعل ماض
الجذر: قدر
الحالة: مبني"
زنجبيلا,"الكلمة: زنجبيلا
الصنف الصرفي: كلمة أعجمية
الجذر: NTWS
الحالة: معرب"
حسبتهم,"الكلمة: حسبتهم
الصنف الصرفي: فعل ماض
الجذر: حسب
الحالة: مبني"
نعيما,"الكلمة: نعيما
الصنف الصرفي: اسم مجرد
الجذر: نعم
الحالة: معرب"
وملكا,"الكلمة: وملكا
الصنف الصرفي: اسم مجرد
الجذر: ملك
الحالة: معرب"
وحلوا,"الكلمة: وحلوا
الصنف الصرفي: فعل ماض مجهول
الجذر: حلل
الحالة: مبني"
شرابا,"الكلمة: شرابا
الصنف الصرفي: اسم محسوس
الجذر: شرب
الحالة: معرب"
فاسجد,"الكلمة: فاسجد
الصنف الصرفي: فعل أمر
الجذر: سجد
الحالة: مبني"
وسبحه,"الكلمة: وسبحه
الصنف الصرفي: فعل أمر
الجذر: سبح
الحالة: مبني"
أسرهم,"الكلمة: أسرهم
الصنف الصرفي: اسم مجرد
الجذر: سرر
الحالة: معرب"
والظالمين,"الكلمة: والظالمين
الصنف الصرفي: اسم فاعل
الجذر: ظلم
الحالة: معرب"
والمرسلات,"الكلمة: والمرسلات
الصنف الصرفي: اسم محسوس
الجذر: رسل
الحالة: معرب"
والناشرات,"الكلمة: والناشرات
الصنف الصرفي: اسم محسوس
الجذر: نشر
الحالة: معرب"
نتبعهم,"الكلمة: نتبعهم
الصنف الصرفي: فعل مضارع
الجذر: تبع
الحالة: معرب"
نخلقكم,"الكلمة: نخلقكم
الصنف الصرفي: فعل مضارع
الجذر: خلق
الحالة: معرب"
فقدرنا,"الكلمة: فقدرنا
الصنف الصرفي: فعل ماض
الجذر: قدر
الحالة: مبني"
القادرون,"الكلمة: القادرون
الصنف الصرفي: اسم فاعل
الجذر: قدر
الحالة: معرب"
شامخات,"الكلمة: شامخات
الصنف الصرفي: اسم فاعل
الجذر: شمخ
الحالة: معرب"
فراتا,"الكلمة: فراتا
الصنف الصرفي: اسم مجرد
الجذر: فرت
الحالة: معرب"
انطلقوا,"الكلمة: انطلقوا
الصنف الصرفي: فعل أمر
الجذر: طلق
الحالة: مبني"
كالقصر,"الكلمة: كالقصر
الصنف الصرفي: اسم محسوس
الجذر: قصر
الحالة: معرب"
فيعتذرون,"الكلمة: فيعتذرون
الصنف الصرفي: فعل مضارع
الجذر: عذر
الحالة: معرب"
جمعناكم,"الكلمة: جمعناكم
الصنف الصرفي: فعل ماض
الجذر: جمع
الحالة: مبني"
وفواكه,"الكلمة: وفواكه
الصنف الصرفي: اسم محسوس
الجذر: فكه
الحالة: معرب"
وتمتعوا,"الكلمة: وتمتعوا
الصنف الصرفي: فعل أمر
الجذر: متع
الحالة: مبني"
يركعون,"الكلمة: يركعون
الصنف الصرفي: فعل مضارع
الجذر: ركع"
مختلفون,"الكلمة: مختلفون
الصنف الصرفي: اسم فاعل
الجذر: خلف
الحالة: معرب"
مهادا,"الكلمة: مهادا
الصنف الصرفي: اسم محسوس
الجذر: مهد
الحالة: معرب"
وخلقناكم,"الكلمة: وخلقناكم
الصنف الصرفي: فعل ماض
الجذر: خلق
الحالة: مبني"
وبنينا,"الكلمة: وبنينا
الصنف الصرفي: فعل ماض
الجذر: بنن
الحالة: مبني"
شدادا,"الكلمة: شدادا
الصنف الصرفي: صفة نوعية
الجذر: شدد
الحالة: معرب"
ثجاجا,"الكلمة: ثجاجا
الصنف الصرفي: صفة مبالغة
الجذر: ثجج
الحالة: معرب"
لنخرج,"الكلمة: لنخرج
الصنف الصرفي: فعل مضارع
الجذر: خرج
الحالة: معرب"
ونباتا,"الكلمة: ونباتا
الصنف الصرفي: اسم محسوس
الجذر: نبت
الحالة: معرب"
ألفافا,"الكلمة: ألفافا
الصنف الصرفي: اسم محسوس
الجذر: لفف
الحالة: معرب"
أفواجا,"الكلمة: أفواجا
الصنف الصرفي: اسم محسوس
الجذر: فج
الحالة: معرب"
سرابا,"الكلمة: سرابا
الصنف الصرفي: اسم مجرد
الجذر: سرب
الحالة: معرب"
مرصادا,"الكلمة: مرصادا
الصنف الصرفي: اسم زمان أو مكان
الجذر: رصد
الحالة: معرب"
أحقابا,"الكلمة: أحقابا
الصنف الصرفي: اسم مجرد
الجذر: حقب
الحالة: معرب"
كذابا,"الكلمة: كذابا
الصنف الصرفي: مصدر
الجذر: كذب
الحالة: معرب"
وأعنابا,"الكلمة: وأعنابا
الصنف الصرفي: اسم محسوس
الجذر: عنب
الحالة: معرب"
وكواعب,"الكلمة: وكواعب
الصنف الصرفي: اسم فاعل
الجذر: كعب
الحالة: معرب"
دهاقا,"الكلمة: دهاقا
الصنف الصرفي: مصدر
الجذر: دهق
الحالة: معرب"
خطابا,"الكلمة: خطابا
الصنف الصرفي: مصدر
الجذر: خطب
الحالة: معرب"
يتكلمون,"الكلمة: يتكلمون
الصنف الصرفي: فعل مضارع
الجذر: كلم"
أنذرناكم,"الكلمة: أنذرناكم
الصنف الصرفي: فعل ماض
الجذر: نذر
الحالة: مبني"
والناشطات,"الكلمة: والناشطات
الصنف الصرفي: اسم محسوس
الجذر: نشط
الحالة: معرب"
والسابحات,"الكلمة: والسابحات
الصنف الصرفي: اسم محسوس
الجذر: سبح
الحالة: معرب"
فالسابقات,"الكلمة: فالسابقات
الصنف الصرفي: اسم فاعل
الجذر: سبق
الحالة: معرب"
فالمدبرات,"الكلمة: فالمدبرات
الصنف الصرفي: اسم فاعل
الجذر: دبر
الحالة: معرب"
تتبعها,"الكلمة: تتبعها
الصنف الصرفي: فعل مضارع
الجذر: تبع
الحالة: معرب"
واجفة,"الكلمة: واجفة
الصنف الصرفي: اسم فاعل
الجذر: جفف
الحالة: معرب"
أبصارها,"الكلمة: أبصارها
الصنف الصرفي: اسم مجرد
الجذر: بصر
الحالة: معرب"
لمردودون,"الكلمة: لمردودون
الصنف الصرفي: اسم مفعول
الجذر: ردد
الحالة: معرب"
الحافرة,"الكلمة: الحافرة
الصنف الصرفي: اسم فاعل
الجذر: حفر
الحالة: معرب"
خاسرة,"الكلمة: خاسرة
الصنف الصرفي: اسم فاعل
الجذر: خسر
الحالة: معرب"
بالساهرة,"الكلمة: بالساهرة
الصنف الصرفي: اسم محسوس
الجذر: سهر
الحالة: معرب"
فتخشى,"الكلمة: فتخشى
الصنف الصرفي: فعل مضارع
الجذر: خشش
الحالة: معرب"
فأراه,"الكلمة: فأراه
الصنف الصرفي: فعل ماض
الجذر: فرر
الحالة: مبني"
سمكها,"الكلمة: سمكها
الصنف الصرفي: اسم مجرد
الجذر: سمك
الحالة: معرب"
وأغطش,"الكلمة: وأغطش
الصنف الصرفي: فعل ماض
الجذر: غطش
الحالة: مبني"
وأخرج,"الكلمة: وأخرج
الصنف الصرفي: فعل ماض
الجذر: خرج
الحالة: مبني"
ومرعاها,"الكلمة: ومرعاها
الصنف الصرفي: اسم زمان أو مكان
الجذر: مرع
الحالة: معرب"
ولأنعامكم,"الكلمة: ولأنعامكم
الصنف الصرفي: اسم محسوس
الجذر: نعم
الحالة: معرب"
الطامة,"الكلمة: الطامة
الصنف الصرفي: اسم علم
الجذر: طمم
الحالة: معرب"
ذكراها,"الكلمة: ذكراها
الصنف الصرفي: مصدر
الجذر: ذكر
الحالة: معرب"
يخشاها,"الكلمة: يخشاها
الصنف الصرفي: فعل مضارع
الجذر: خشش
الحالة: معرب"
فتنفعه,"الكلمة: فتنفعه
الصنف الصرفي: فعل مضارع
الجذر: نفع
الحالة: معرب"
مكرمة,"الكلمة: مكرمة
الصنف الصرفي: اسم مفعول
الجذر: كرم
الحالة: معرب"
بأيدي,"الكلمة: بأيدي
الصنف الصرفي: اسم محسوس
الجذر: NTWS
الحالة: معرب"
كرام,"الكلمة: كرام
الصنف الصرفي: صفة نوعية
الجذر: NTWS
الحالة: معرب"
أكفره,"الكلمة: أكفره
الصنف الصرفي: صفة مقارنة
الجذر: كفر
الحالة: مبني"
فأقبره,"الكلمة: فأقبره
الصنف الصرفي: فعل ماض
الجذر: قبر
الحالة: مبني"
أنشره,"الكلمة: أنشره
الصنف الصرفي: فعل ماض
الجذر: نشر
الحالة: مبني"
طعامه,"الكلمة: طعامه
الصنف الصرفي: اسم محسوس
الجذر: طعم
الحالة: معرب"
صببنا,"الكلمة: صببنا
الصنف الصرفي: فعل ماض
الجذر: صبب
الحالة: مبني"
شققنا,"الكلمة: شققنا
الصنف الصرفي: فعل ماض
الجذر: شقق
الحالة: مبني"
وعنبا,"الكلمة: وعنبا
الصنف الصرفي: اسم محسوس
الجذر: عنب
الحالة: معرب"
وقضبا,"الكلمة: وقضبا
الصنف الصرفي: اسم محسوس
الجذر: قضب
الحالة: معرب"
ونخلا,"الكلمة: ونخلا
الصنف الصرفي: اسم محسوس
الجذر: نخل
الحالة: معرب"
وحدائق,"الكلمة: وحدائق
الصنف الصرفي: اسم محسوس
الجذر: حدق
الحالة: معرب"
وأبا,"الكلمة: وأبا
الصنف الصرفي: اسم محسوس
الجذر: NTWS
الحالة: معرب"
وأبيه,"الكلمة: وأبيه
الصنف الصرفي: اسم من الأسماء الخمسة
الجذر: NTWS
الحالة: معرب"
مسفرة,"الكلمة: مسفرة
الصنف الصرفي: اسم فاعل
الجذر: سفر
الحالة: معرب"
ضاحكة,"الكلمة: ضاحكة
الصنف الصرفي: اسم فاعل
الجذر: ضحك
الحالة: معرب"
مستبشرة,"الكلمة: مستبشرة
الصنف الصرفي: اسم فاعل
الجذر: بشر
الحالة: معرب"
ترهقها,"الكلمة: ترهقها
الصنف الصرفي: فعل مضارع
الجذر: رهق
الحالة: معرب"
الكفرة,"الكلمة: الكفرة
الصنف الصرفي: اسم فاعل
الجذر: كفر
الحالة: معرب"
الفجرة,"الكلمة: الفجرة
الصنف الصرفي: اسم فاعل
الجذر: فجر
الحالة: معرب"
انكدرت,"الكلمة: انكدرت
الصنف الصرفي: فعل ماض
الجذر: كدر
الحالة: مبني"
النفوس,"الكلمة: النفوس
الصنف الصرفي: اسم مجرد
الجذر: نفس
الحالة: معرب"
أزلفت,"الكلمة: أزلفت
الصنف الصرفي: فعل ماض مجهول
الجذر: زلف
الحالة: مبني"
أحضرت,"الكلمة: أحضرت
الصنف الصرفي: فعل ماض
الجذر: حضر
الحالة: مبني"
بالخنس,"الكلمة: بالخنس
الصنف الصرفي: صفة نوعية
الجذر: خنس
الحالة: معرب"
الكنس,"الكلمة: الكنس
الصنف الصرفي: اسم محسوس
الجذر: كنس
الحالة: معرب"
بضنين,"الكلمة: بضنين
الصنف الصرفي: صفة نوعية
الجذر: ضنن
الحالة: معرب"
تذهبون,"الكلمة: تذهبون
الصنف الصرفي: فعل مضارع
الجذر: ذهب"
انفطرت,"الكلمة: انفطرت
الصنف الصرفي: فعل ماض
الجذر: فطر
الحالة: مبني"
انتثرت,"الكلمة: انتثرت
الصنف الصرفي: فعل ماض
الجذر: نثر
الحالة: مبني"
وأخرت,"الكلمة: وأخرت
الصنف الصرفي: فعل ماض
الجذر: خرت
الحالة: مبني"
فعدلك,"الكلمة: فعدلك
الصنف الصرفي: فعل ماض
الجذر: عدل
الحالة: مبني"
لحافظين,"الكلمة: لحافظين
الصنف الصرفي: اسم فاعل
الجذر: حفظ
الحالة: معرب"
كاتبين,"الكلمة: كاتبين
الصنف الصرفي: اسم فاعل
الجذر: كتب
الحالة: معرب"
الفجار,"الكلمة: الفجار
الصنف الصرفي: اسم فاعل
الجذر: فجر
الحالة: معرب"
وزنوهم,"الكلمة: وزنوهم
الصنف الصرفي: فعل ماض
الجذر: زنن
الحالة: مبني"
يخسرون,"الكلمة: يخسرون
الصنف الصرفي: فعل مضارع
الجذر: خسر"
مرقوم,"الكلمة: مرقوم
الصنف الصرفي: اسم مفعول
الجذر: رقم
الحالة: معرب"
لمحجوبون,"الكلمة: لمحجوبون
الصنف الصرفي: اسم مفعول
الجذر: حجب
الحالة: معرب"
يشهده,"الكلمة: يشهده
الصنف الصرفي: فعل مضارع
الجذر: شهد
الحالة: معرب"
ختامه,"الكلمة: ختامه
الصنف الصرفي: مصدر
الجذر: ختم
الحالة: معرب"
فليتنافس,"الكلمة: فليتنافس
الصنف الصرفي: فعل مضارع
الجذر: نفس
الحالة: معرب"
المتنافسون,"الكلمة: المتنافسون
الصنف الصرفي: اسم فاعل
الجذر: نفس
الحالة: معرب"
ومزاجه,"الكلمة: ومزاجه
الصنف الصرفي: مصدر
الجذر: مزج
الحالة: معرب"
تسنيم,"الكلمة: تسنيم
الصنف الصرفي: اسم علم
الجذر: سنم
الحالة: معرب"
يتغامزون,"الكلمة: يتغامزون
الصنف الصرفي: فعل مضارع
الجذر: غمز"
فكهين,"الكلمة: فكهين
الصنف الصرفي: صفة نوعية
الجذر: فكه
الحالة: معرب"
أرسلوا,"الكلمة: أرسلوا
الصنف الصرفي: فعل ماض مجهول
الجذر: رسل
الحالة: مبني"
لربها,"الكلمة: لربها
الصنف الصرفي: اسم محسوس
الجذر: ربب
الحالة: معرب"
وألقت,"الكلمة: وألقت
الصنف الصرفي: فعل ماض
الجذر: قتت
الحالة: مبني"
فملاقيه,"الكلمة: فملاقيه
الصنف الصرفي: اسم فاعل
الجذر: ملق
الحالة: معرب"
يحاسب,"الكلمة: يحاسب
الصنف الصرفي: IV_PASS
الجذر: حسب
الحالة: معرب"
وينقلب,"الكلمة: وينقلب
الصنف الصرفي: فعل مضارع
الجذر: قلب
الحالة: معرب"
مسرورا,"الكلمة: مسرورا
الصنف الصرفي: اسم مفعول
الجذر: سرر
الحالة: معرب"
بالشفق,"الكلمة: بالشفق
الصنف الصرفي: اسم مجرد
الجذر: شفق
الحالة: معرب"
لتركبن,"الكلمة: لتركبن
الصنف الصرفي: فعل مضارع
الجذر: ركب
الحالة: معرب"
البروج,"الكلمة: البروج
الصنف الصرفي: اسم محسوس
الجذر: برج
الحالة: معرب"
وشاهد,"الكلمة: وشاهد
الصنف الصرفي: اسم فاعل
الجذر: شهد
الحالة: معرب"
ومشهود,"الكلمة: ومشهود
الصنف الصرفي: اسم مفعول
الجذر: شهد
الحالة: معرب"
الأخدود,"الكلمة: الأخدود
الصنف الصرفي: اسم علم أعجمي
الجذر: خدد
الحالة: معرب"
فتنوا,"الكلمة: فتنوا
الصنف الصرفي: فعل ماض
الجذر: فتن
الحالة: مبني"
تكذيب,"الكلمة: تكذيب
الصنف الصرفي: مصدر
الجذر: كذب
الحالة: معرب"
محفوظ,"الكلمة: محفوظ
الصنف الصرفي: اسم مفعول
الجذر: حفظ
الحالة: معرب"
والطارق,"الكلمة: والطارق
الصنف الصرفي: اسم فاعل
الجذر: طرق
الحالة: معرب"
الطارق,"الكلمة: الطارق
الصنف الصرفي: اسم فاعل
الجذر: طرق
الحالة: معرب"
الثاقب,"الكلمة: الثاقب
الصنف الصرفي: اسم فاعل
الجذر: ثقب
الحالة: معرب"
الصلب,"الكلمة: الصلب
الصنف الصرفي: اسم محسوس
الجذر: صلب
الحالة: معرب"
والترائب,"الكلمة: والترائب
الصنف الصرفي: اسم محسوس
الجذر: ترب
الحالة: معرب"
لقادر,"الكلمة: لقادر
الصنف الصرفي: اسم فاعل
الجذر: قدر
الحالة: معرب"
السرائر,"الكلمة: السرائر
الصنف الصرفي: اسم مجرد
الجذر: سرر
الحالة: معرب"
الرجع,"الكلمة: الرجع
الصنف الصرفي: مصدر
الجذر: رجع
الحالة: معرب"
الصدع,"الكلمة: الصدع
الصنف الصرفي: اسم محسوس
الجذر: صدع
الحالة: معرب"
بالهزل,"الكلمة: بالهزل
الصنف الصرفي: مصدر
الجذر: هزل
الحالة: معرب"
أمهلهم,"الكلمة: أمهلهم
الصنف الصرفي: فعل أمر
الجذر: مهل
الحالة: مبني"
تنسى,"الكلمة: تنسى
الصنف الصرفي: فعل مضارع
الجذر: NTWS
الحالة: معرب"
سيذكر,"الكلمة: سيذكر
الصنف الصرفي: فعل مضارع
الجذر: ذكر
الحالة: معرب"
ويتجنبها,"الكلمة: ويتجنبها
الصنف الصرفي: فعل مضارع
الجذر: جنب
الحالة: معرب"
ناصبة,"الكلمة: ناصبة
الصنف الصرفي: اسم فاعل
الجذر: نصب
الحالة: معرب"
ناعمة,"الكلمة: ناعمة
الصنف الصرفي: اسم فاعل
الجذر: نعم
الحالة: معرب"
وزرابي,"الكلمة: وزرابي
الصنف الصرفي: اسم محسوس
الجذر: زرب
الحالة: معرب"
والفجر,"الكلمة: والفجر
الصنف الصرفي: اسم علم
الجذر: فجر
الحالة: معرب"
والشفع,"الكلمة: والشفع
الصنف الصرفي: اسم مجرد
الجذر: شفع
الحالة: معرب"
الصخر,"الكلمة: الصخر
الصنف الصرفي: اسم محسوس
الجذر: صخر
الحالة: معرب"
فأكثروا,"الكلمة: فأكثروا
الصنف الصرفي: فعل ماض
الجذر: كثر
الحالة: مبني"
فأكرمه,"الكلمة: فأكرمه
الصنف الصرفي: فعل ماض
الجذر: كرم
الحالة: مبني"
ونعمه,"الكلمة: ونعمه
الصنف الصرفي: فعل ماض
الجذر: نعم
الحالة: مبني"
أكرمن,"الكلمة: أكرمن
الصنف الصرفي: فعل ماض
الجذر: كرم
الحالة: مبني"
تكرمون,"الكلمة: تكرمون
الصنف الصرفي: فعل مضارع
الجذر: كرم"
وتحبون,"الكلمة: وتحبون
الصنف الصرفي: فعل مضارع
الجذر: حبب
الحالة: معرب"
المطمئنة,"الكلمة: المطمئنة
الصنف الصرفي: اسم فاعل
الجذر: طمن
الحالة: معرب"
مرضية,"الكلمة: مرضية
الصنف الصرفي: اسم مفعول
الجذر: مرض
الحالة: معرب"
أهلكت,"الكلمة: أهلكت
الصنف الصرفي: فعل ماض
الجذر: هلك
الحالة: مبني"
ولسانا,"الكلمة: ولسانا
الصنف الصرفي: اسم محسوس
الجذر: لسن
الحالة: معرب"
وشفتين,"الكلمة: وشفتين
الصنف الصرفي: اسم محسوس
الجذر: شفت
الحالة: معرب"
اقتحم,"الكلمة: اقتحم
الصنف الصرفي: فعل ماض
الجذر: قحم
الحالة: مبني"
العقبة,"الكلمة: العقبة
الصنف الصرفي: اسم مجرد
الجذر: عقب
الحالة: معرب"
مسغبة,"الكلمة: مسغبة
الصنف الصرفي: مصدر ميمي
الجذر: سغب
الحالة: معرب"
مقربة,"الكلمة: مقربة
الصنف الصرفي: اسم مجرد
الجذر: قرب
الحالة: معرب"
متربة,"الكلمة: متربة
الصنف الصرفي: اسم مجرد
الجذر: ترب
الحالة: معرب"
بالمرحمة,"الكلمة: بالمرحمة
الصنف الصرفي: اسم مجرد
الجذر: رحم
الحالة: معرب"
تلاها,"الكلمة: تلاها
الصنف الصرفي: فعل ماض
الجذر: تلل
الحالة: مبني"
جلاها,"الكلمة: جلاها
الصنف الصرفي: فعل ماض
الجذر: جلل
الحالة: مبني"
يغشاها,"الكلمة: يغشاها
الصنف الصرفي: فعل مضارع
الجذر: غشش
الحالة: معرب"
فألهمها,"الكلمة: فألهمها
الصنف الصرفي: فعل ماض
الجذر: لهم
الحالة: مبني"
فجورها,"الكلمة: فجورها
الصنف الصرفي: مصدر
الجذر: فجر
الحالة: معرب"
دساها,"الكلمة: دساها
الصنف الصرفي: فعل ماض
الجذر: دسس
الحالة: مبني"
انبعث,"الكلمة: انبعث
الصنف الصرفي: فعل ماض
الجذر: بعث
الحالة: مبني"
عقباها,"الكلمة: عقباها
الصنف الصرفي: اسم مجرد
الجذر: عقب
الحالة: معرب"
فأنذرتكم,"الكلمة: فأنذرتكم
الصنف الصرفي: فعل ماض
الجذر: نذر
الحالة: مبني"
وسيجنبها,"الكلمة: وسيجنبها
الصنف الصرفي: فعل مضارع
الجذر: جنب
الحالة: معرب"
فترضى,"الكلمة: فترضى
الصنف الصرفي: فعل مضارع
الجذر: رضض
الحالة: معرب"
فأغنى,"الكلمة: فأغنى
الصنف الصرفي: فعل ماض
الجذر: غنن
الحالة: مبني"
فانصب,"الكلمة: فانصب
الصنف الصرفي: فعل أمر
الجذر: نصب
الحالة: مبني"
فارغب,"الكلمة: فارغب
الصنف الصرفي: فعل أمر
الجذر: رغب
الحالة: مبني"
رددناه,"الكلمة: رددناه
الصنف الصرفي: فعل ماض
الجذر: ردد
الحالة: مبني"
سافلين,"الكلمة: سافلين
الصنف الصرفي: اسم فاعل
الجذر: سفل
الحالة: معرب"
يكذبك,"الكلمة: يكذبك
الصنف الصرفي: فعل مضارع
الجذر: كذب
الحالة: معرب"
بأحكم,"الكلمة: بأحكم
الصنف الصرفي: صفة مقارنة
الجذر: حكم
الحالة: معرب"
الأكرم,"الكلمة: الأكرم
الصنف الصرفي: صفة مقارنة
الجذر: كرم
الحالة: معرب"
بالقلم,"الكلمة: بالقلم
الصنف الصرفي: اسم محسوس
الجذر: قلم
الحالة: معرب"
الرجعى,"الكلمة: الرجعى
الصنف الصرفي: مصدر
الجذر: رجع
الحالة: معرب"
فليدع,"الكلمة: فليدع
الصنف الصرفي: فعل مضارع
الجذر: دعع
الحالة: معرب"
ناديه,"الكلمة: ناديه
الصنف الصرفي: اسم محسوس
الجذر: ندة
الحالة: معرب"
الزبانية,"الكلمة: الزبانية
الصنف الصرفي: اسم محسوس
الجذر: زبن
الحالة: معرب"
واسجد,"الكلمة: واسجد
الصنف الصرفي: فعل أمر
الجذر: سجد
الحالة: مبني"
واقترب,"الكلمة: واقترب
الصنف الصرفي: فعل أمر
الجذر: قرب
الحالة: مبني"
القدر,"الكلمة: القدر
الصنف الصرفي: اسم علم
الجذر: قدر
الحالة: معرب"
البرية,"الكلمة: البرية
الصنف الصرفي: اسم منسوب
الجذر: برر
الحالة: معرب"
زلزالها,"الكلمة: زلزالها
الصنف الصرفي: مصدر
الجذر: زلزل
الحالة: معرب"
وأخرجت,"الكلمة: وأخرجت
الصنف الصرفي: فعل ماض
الجذر: خرج
الحالة: مبني"
أثقالها,"الكلمة: أثقالها
الصنف الصرفي: اسم محسوس
الجذر: ثقل
الحالة: معرب"
أخبارها,"الكلمة: أخبارها
الصنف الصرفي: اسم مجرد
الجذر: خبر
الحالة: معرب"
لكنود,"الكلمة: لكنود
الصنف الصرفي: صفة نوعية
الجذر: كند
الحالة: معرب"
لشهيد,"الكلمة: لشهيد
الصنف الصرفي: اسم محسوس
الجذر: شهد
الحالة: معرب"
القارعة,"الكلمة: القارعة
الصنف الصرفي: اسم علم
الجذر: قرع
الحالة: معرب"
كالفراش,"الكلمة: كالفراش
الصنف الصرفي: اسم محسوس
الجذر: فرش
الحالة: معرب"
المنفوش,"الكلمة: المنفوش
الصنف الصرفي: اسم مفعول
الجذر: نفش
الحالة: معرب"
التكاثر,"الكلمة: التكاثر
الصنف الصرفي: مصدر
الجذر: كثر
الحالة: معرب"
المقابر,"الكلمة: المقابر
الصنف الصرفي: اسم زمان أو مكان
الجذر: قبر
الحالة: معرب"
والعصر,"الكلمة: والعصر
الصنف الصرفي: اسم مجرد
الجذر: عصر
الحالة: معرب"
وعدده,"الكلمة: وعدده
الصنف الصرفي: فعل ماض
الجذر: عدد
الحالة: مبني"
أخلده,"الكلمة: أخلده
الصنف الصرفي: فعل ماض
الجذر: خلد
الحالة: مبني"
لينبذن,"الكلمة: لينبذن
الصنف الصرفي: فعل مضارع
الجذر: نبذ
الحالة: مبني"
الحطمة,"الكلمة: الحطمة
الصنف الصرفي: اسم علم
الجذر: حطم
الحالة: معرب"
ممددة,"الكلمة: ممددة
الصنف الصرفي: اسم مفعول
الجذر: مدد
الحالة: معرب"
ترميهم,"الكلمة: ترميهم
الصنف الصرفي: فعل مضارع
الجذر: رمم
الحالة: معرب"
بحجارة,"الكلمة: بحجارة
الصنف الصرفي: اسم محسوس
الجذر: حجر
الحالة: معرب"
فليعبدوا,"الكلمة: فليعبدوا
الصنف الصرفي: فعل مضارع
الجذر: عبد
الحالة: معرب"
أطعمهم,"الكلمة: أطعمهم
الصنف الصرفي: فعل ماض
الجذر: طعم
الحالة: مبني"
ويمنعون,"الكلمة: ويمنعون
الصنف الصرفي: فعل مضارع
الجذر: منع
الحالة: معرب"
الماعون,"الكلمة: الماعون
الصنف الصرفي: اسم محسوس
الجذر: معن
الحالة: معرب"
الكوثر,"الكلمة: الكوثر
الصنف الصرفي: اسم علم
الجذر: كثر
الحالة: معرب"
وانحر,"الكلمة: وانحر
الصنف الصرفي: فعل أمر
الجذر: نحر
الحالة: مبني"
الأبتر,"الكلمة: الأبتر
الصنف الصرفي: صفة مقارنة
الجذر: بتر
الحالة: معرب"
عبدتم,"الكلمة: عبدتم
الصنف الصرفي: فعل ماض
الجذر: عبد
الحالة: مبني"
ولي,"الكلمة: ولي
الصنف الصرفي: حرف جر
الجذر: ل
الحالة: مبني"
والفتح,"الكلمة: والفتح
الصنف الصرفي: مصدر
الجذر: فتح
الحالة: معرب"
ورأيت,"الكلمة: ورأيت
الصنف الصرفي: فعل ماض
الجذر: NTWS
الحالة: مبني"
واستغفره,"الكلمة: واستغفره
الصنف الصرفي: فعل أمر
الجذر: غفر
الحالة: مبني"
حمالة,"الكلمة: حمالة
الصنف الصرفي: صفة مبالغة
الجذر: حمل
الحالة: معرب"
الحطب,"الكلمة: الحطب
الصنف الصرفي: اسم محسوس
الجذر: حطب
الحالة: معرب"
الصمد,"الكلمة: الصمد
الصنف الصرفي: اسم علم
الجذر: صمد
الحالة: معرب"
الفلق,"الكلمة: الفلق
الصنف الصرفي: اسم محسوس
الجذر: فلق
الحالة: معرب"
النفاثات,"الكلمة: النفاثات
الصنف الصرفي: صفة مبالغة
الجذر: نفث
الحالة: معرب"
العقد,"الكلمة: العقد
الصنف الصرفي: اسم مجرد
الجذر: عقد
الحالة: معرب"
الخناس,"الكلمة: الخناس
الصنف الصرفي: صفة مبالغة
الجذر: خنس
الحالة: معرب"
